<?xml version="1.0" encoding="UTF-8"?>
<window>
	<defaultcontrol></defaultcontrol>
	<onload>ActivateWindow(MusicOSD)</onload>
	<onunload>ClearProperty(PopupMenuVisible,Home)</onunload>
	<controls>
		<control type="image">
			<description>black bg</description>
			<posx>0</posx>
			<posy>0</posy>
			<width>ScreenWidth</width>
			<height>ScreenHeight</height>
			<texture>black.png</texture>
			<aspectratio>scale</aspectratio>
		</control>
		<control type="image">
			<description>fanart</description>
			<posx>0</posx>
			<posy>0</posy>
			<width>ScreenWidth</width>
			<height>ScreenHeight</height>
			<texture background="true">$INFO[Player.Art(fanart)]</texture>
			<aspectratio>scale</aspectratio>
			<fadetime>FanartCrossfadeTime</fadetime>
		</control>
		<control type="visualisation">
			<description>visualisation</description>
			<posx>0</posx>
			<posy>0</posy>
			<include>ScreenWidth</include>
			<height>960</height>
		</control>
	</controls>
</window>

