<?xml version="1.0" encoding="utf-8"?>
<window type="dialog" id="1109">
	<visible>Window.IsActive(fullscreenvideo) | Window.IsActive(visualisation)</visible>
	<visible>Window.IsActive(seekbar) | Window.IsActive(pvrosdchannels) | Window.IsActive(pvrchannelguide)</visible>
	<depth>DepthOSD</depth>
	<include>Animation_TopSlide</include>
	<zorder>0</zorder>
	<controls>
		<control type="group">
			<animation effect="slide" end="0,-200" time="300" tween="sine" easing="inout" condition="$EXP[infodialog_active]">conditional</animation>
			<depth>DepthBars</depth>
			<control type="image">
				<left>0</left>
				<top>0</top>
				<width>110%</width>
				<height>250</height>
				<texture colordiffuse="$VAR[Bars_Opacity]">frame/InfoBar.png</texture>
			</control>
			<control type="image">
				<left>30</left>
				<top>20</top>
				<width>400</width>
				<height>125</height>
				<texture background="true">$VAR[PlayerInfoClearLogoVar]</texture>
				<aspectratio aligny="top" align="center">keep</aspectratio>
				<visible>!Window.IsVisible(MusicVisualisation.xml)</visible>
			</control>
			<control type="image">
				<top>10</top>
				<centerleft>50%</centerleft>
				<width>280</width>
				<height>108</height>
				<aspectratio align="center" aligny="center">keep</aspectratio>
				<texture background="true">$INFO[Window(Home).Property(SkinHelper.Player.Art.Clearlogo)]</texture>
				<visible>!Window.IsActive(fullscreenvideo) + ![Window.IsVisible(MusicVisualisation.xml) + Window.IsVisible(DialogVolumeBar.xml)]</visible>
			</control>
			<control type="group">
				<visible>!Window.IsActive(pvrosdchannels) + !Window.IsActive(pvrchannelguide)</visible>
				<visible>!Window.IsVisible(Custom_1135_PVROverlay.xml)</visible>
				<animation effect="fade" time="150">VisibleChange</animation>
				<left>30</left>
				<right>300</right>
				<control type="label">
					<label>$VAR[NowPlayingBreadcrumbsVar]</label>
					<font>font45</font>
					<shadowcolor>text_shadow</shadowcolor>
					<top>7</top>
					<height>100</height>
					<left>0</left>
					<right>0</right>
					<scroll>true</scroll>
				</control>
				<control type="label">
					<top>68</top>
					<label>$VAR[OSDSubLabelVar]</label>
					<shadowcolor>text_shadow</shadowcolor>
					<height>100</height>
					<left>0</left>
					<right>0</right>
					<textcolor>$VAR[SkinColorVar]</textcolor>
					<scroll>true</scroll>
				</control>
			</control>
			<control type="group">
				<visible>!Window.IsVisible(extendedprogressdialog)</visible>
				<animation effect="fade" time="150">VisibleChange</animation>
				<control type="label">
					<font>font_clock</font>
					<shadowcolor>text_shadow</shadowcolor>
					<top>0</top>
					<right>20</right>
					<height>200</height>
					<width>600</width>
					<align>right</align>
					<label>[B]$INFO[System.Time][/B]</label>
				</control>
				<control type="grouplist">
					<right>24</right>
					<top>74</top>
					<width>800</width>
					<height>100</height>
					<align>right</align>
					<itemgap>5</itemgap>
					<orientation>horizontal</orientation>
					<usecontrolcoords>true</usecontrolcoords>
					<control type="label">
						<label>$INFO[Player.FinishTime,$LOCALIZE[31080] ]</label>
						<shadowcolor>text_shadow</shadowcolor>
						<height>100</height>
						<width>auto</width>
						<visible>!String.IsEmpty(Player.Duration)</visible>
						<visible>Player.HasMedia</visible>
						<visible>!VideoPlayer.Content(LiveTV) | VideoPlayer.HasEpg</visible>
					</control>
					<control type="image">
						<top>2</top>
						<left>0</left>
						<width>60</width>
						<height>40</height>
						<fadetime>300</fadetime>
						<aspectratio aligny="center" align="right">keep</aspectratio>
						<texture>dialogs/volume/mute.png</texture>
						<visible>Player.Muted</visible>
					</control>
				</control>
			</control>
		</control>
	</controls>
</window>