<?xml version="1.0" encoding="UTF-8"?>
<window>
	<include>dialogeffect</include>
	<controls>
		<control type="group">
			<posx>453</posx>
			<posy>0</posy>
			<width>800</width>
			<height>78</height>
			<!--<include>16x9_xPos_Relocation</include>-->
			<control type="image" id="400">
				<description>Icon</description>
				<posx>0</posx>
				<posy>9</posy>
				<width>60</width>
				<height>60</height>
				<aspectratio>keep</aspectratio>
			</control>
			<control type="fadelabel" id="401">
				<description>Line 1 Label</description>
				<posx>90</posx>
				<posy>15</posy>
				<width>620</width>
				<height>15</height>
				<font>font18_title</font>
				<align>center</align>
				<aligny>center</aligny>
				<scrollout>false</scrollout>
				<pauseatend>2000</pauseatend>
			</control>
			<control type="fadelabel" id="402">
				<description>Line 2 Label</description>
				<posx>90</posx>
				<posy>40</posy>
				<width>620</width>
				<height>20</height>
				<font>font30_title</font>
				<align>center</align>
				<aligny>center</aligny>
				<scrollout>false</scrollout>
				<pauseatend>2000</pauseatend>
			</control>
		</control>
	</controls>
</window>
