<?xml version="1.0" encoding="UTF-8"?>
<window>
	<defaultcontrol>5</defaultcontrol>
	<include>16x9_xPos_Relocation</include>
	<include>Window_OpenClose_Animation_Zoom</include>
	<coordinates>
		<posx>90</posx>
		<posy>80</posy>
	</coordinates>
	<controls>
		<include>BehindDialogFadeOut</include>
		<control type="image">
			<posx>0</posx>
			<posy>0</posy>
			<width>1100</width>
			<height>80</height>
			<texture border="5">dialog_header.png</texture>
		</control>
		<control type="image">
			<posx>0</posx>
			<posy>80</posy>
			<width>1100</width>
			<height>740</height>
			<texture>dialog_back.png</texture>
		</control>
		<control type="label" id="2">
			<posx>20</posx>
			<posy>0</posy>
			<include>WindowTitleCommons</include>
			<width>950</width>
			<label></label>
		</control>
		<control type="group">
			<posx>1020</posx>
			<posy>0</posy>
			<include>DialogCloseButtonCommons</include>
		</control>
		<control type="grouplist" id="5">
			<posx>0</posx>
			<posy>80</posy>
			<width>1100</width>
			<height>630</height>
			<itemgap>-1</itemgap>
			<onleft>9000</onleft>
			<onright>9000</onright>
			<onup>5</onup>
			<ondown>5</ondown>
		</control>
		<control type="button" id="7">
			<posx>0</posx>
			<posy>0</posy>
			<height>80</height>
			<font>font25</font>
		</control>
		<control type="radiobutton" id="8">
			<posx>0</posx>
			<posy>0</posy>
			<height>80</height>
			<font>font25</font>
		</control>
		<control type="spincontrolex" id="9">
			<posx>0</posx>
			<posy>0</posy>
			<height>80</height>
			<font>font25</font>
			<aligny>center</aligny>
			<reverse>yes</reverse>
		</control>
		<control type="image" id="11">
			<height>2</height>
			<texture border="2">separator.png</texture>
		</control>
		<control type="edit" id="12">
			<height>80</height>
			<font>font25</font>
		</control>
		<control type="sliderex" id="13">
			<height>80</height>
			<font>font25</font>
		</control>
		<control type="label" id="14">
			<posx>0</posx>
			<posy>0</posy>
			<height>80</height>
			<font>font25</font>
			<align>center</align>
			<aligny>center</aligny>
		</control>
		<control type="grouplist" id="9000">
			<posx>0</posx>
			<posy>720</posy>
			<width>1100</width>
			<height>80</height>
			<itemgap>5</itemgap>
			<align>center</align>
			<orientation>horizontal</orientation>
			<onleft>9000</onleft>
			<onright>9000</onright>
			<onup>5</onup>
			<ondown>5</ondown>
			<control type="button" id="28">
				<description>OK Button</description>
				<width>200</width>
				<include>ButtonInfoDialogsCommonValues</include>
				<label></label>
			</control>
			<control type="button" id="29">
				<description>Cancel Button</description>
				<width>200</width>
				<include>ButtonInfoDialogsCommonValues</include>
				<label></label>
			</control>
			<control type="button" id="30">
				<description>Custom Button</description>
				<width>200</width>
				<include>ButtonInfoDialogsCommonValues</include>
				<label></label>
			</control>
		</control>
	</controls>
</window>
