<?xml version="1.0" encoding="UTF-8"?>

<!--  Skin Color  -->

<includes>

	<include name="Button3BGColorList">
	<control type="group">
		<posx>0</posx>
		<posy>0</posy>
		<visible>Skin.String(ChangeButtonBGColor,3)</visible>
		<control type="group">
			<posx>0</posx>
			<control type="image">
				<description>Settings Focus Color</description>
				<posx>0</posx>
				<posy>60</posy>
		        <height>60</height>
				<width>1000</width>
		        <texture>menuitem_black_nf.png</texture>
			</control>

			<control type="label">
				<height>50</height>
				<width>800</width>
				<font>font30_title</font>
				<label>$LOCALIZE[31192]</label>
				<textcolor>white</textcolor>
				<align>center</align>
				<aligny>center</aligny>
			</control>
		</control>

<!-- Color List 1 -->
		<control type="grouplist" id="801">
			<description>Colorlist1</description>
			<posx>25</posx>
			<posy>140</posy>
			<width>960</width>
			<height>45</height>
			<itemgap>5</itemgap>
			<orientation>horizontal</orientation>
			<visible>true</visible>



	        <control type="button" id="811">
                <posx>0</posx>
                <posy>0</posy>
                <width>58</width>
                <height>40</height>
                <bordersize></bordersize>
                <texturenofocus colordiffuse="Color1">button-nofocus.png</texturenofocus>
                <texturefocus colordiffuse="Color1">button-focus.png</texturefocus>
			    <onclick>Skin.Reset(HBSolidColor3)</onclick>
			    <onclick>Control.SetFocus(952)</onclick>
				<onclick>Skin.SetString(HBSolidColor3,Color1)</onclick>
				<onup></onup>
				<ondown>826</ondown>
				<onleft>825</onleft>
				<onright>812</onright>
            </control>
            <control type="button" id="812">
                <posx>0</posx>
                <posy>0</posy>
                <width>58</width>
                <height>40</height>
                <bordersize></bordersize>
                <texturenofocus colordiffuse="Color2">button-nofocus.png</texturenofocus>
                <texturefocus colordiffuse="Color2">button-focus.png</texturefocus>
			    <onclick>Skin.Reset(HBSolidColor3)</onclick>
			    <onclick>Control.SetFocus(952)</onclick>
				<onclick>Skin.SetString(HBSolidColor3,Color2)</onclick>
				<onup></onup>
				<ondown>827</ondown>
				<onleft>811</onleft>
				<onright>813</onright>
            </control>
            <control type="button" id="813">
                <posx>0</posx>
                <posy>0</posy>
                <width>58</width>
                <height>40</height>
                <bordersize></bordersize>
                <texturenofocus colordiffuse="Color3">button-nofocus.png</texturenofocus>
                <texturefocus colordiffuse="Color3">button-focus.png</texturefocus>
			    <onclick>Skin.Reset(HBSolidColor3)</onclick>
			    <onclick>Control.SetFocus(952)</onclick>
				<onclick>Skin.SetString(HBSolidColor3,Color3)</onclick>
				<onup></onup>
				<ondown>828</ondown>
				<onleft>812</onleft>
				<onright>814</onright>
            </control>
            <control type="button" id="814">
                <posx>0</posx>
                <posy>0</posy>
                <width>58</width>
                <height>40</height>
                <bordersize></bordersize>
                <texturenofocus colordiffuse="Color4">button-nofocus.png</texturenofocus>
                <texturefocus colordiffuse="Color4">button-focus.png</texturefocus>
			    <onclick>Skin.Reset(HBSolidColor3)</onclick>
			    <onclick>Control.SetFocus(952)</onclick>
				<onclick>Skin.SetString(HBSolidColor3,Color4)</onclick>
				<onup></onup>
				<ondown>829</ondown>
				<onleft>813</onleft>
				<onright>815</onright>
            </control>
            <control type="button" id="815">
                <posx>0</posx>
                <posy>0</posy>
                <width>58</width>
                <height>40</height>
                <bordersize></bordersize>
                <texturenofocus colordiffuse="Color5">button-nofocus.png</texturenofocus>
                <texturefocus colordiffuse="Color5">button-focus.png</texturefocus>
			    <onclick>Skin.Reset(HBSolidColor3)</onclick>
			    <onclick>Control.SetFocus(952)</onclick>
				<onclick>Skin.SetString(HBSolidColor3,Color5)</onclick>
				<onup></onup>
				<ondown>830</ondown>
				<onleft>814</onleft>
				<onright>816</onright>
            </control>
            <control type="button" id="816">
                <posx>0</posx>
                <posy>0</posy>
                <width>58</width>
                <height>40</height>
                <bordersize></bordersize>
                <texturenofocus colordiffuse="Color6">button-nofocus.png</texturenofocus>
                <texturefocus colordiffuse="Color6">button-focus.png</texturefocus>
			    <onclick>Skin.Reset(HBSolidColor3)</onclick>
			    <onclick>Control.SetFocus(952)</onclick>
				<onclick>Skin.SetString(HBSolidColor3,Color6)</onclick>
				<onup></onup>
				<ondown>831</ondown>
				<onleft>815</onleft>
				<onright>817</onright>
            </control>
	        <control type="button" id="817">
                <posx>0</posx>
                <posy>0</posy>
                <width>58</width>
                <height>40</height>
                <bordersize></bordersize>
                <texturenofocus colordiffuse="Color7">button-nofocus.png</texturenofocus>
                <texturefocus colordiffuse="Color7">button-focus.png</texturefocus>
			    <onclick>Skin.Reset(HBSolidColor3)</onclick>
			    <onclick>Control.SetFocus(952)</onclick>
				<onclick>Skin.SetString(HBSolidColor3,Color7)</onclick>
				<onup></onup>
				<ondown>832</ondown>
				<onleft>816</onleft>
				<onright>818</onright>
            </control>
            <control type="button" id="818">
                <posx>0</posx>
                <posy>0</posy>
                <width>58</width>
                <height>40</height>
                <bordersize></bordersize>
                <texturenofocus colordiffuse="Color8">button-nofocus.png</texturenofocus>
                <texturefocus colordiffuse="Color8">button-focus.png</texturefocus>
			    <onclick>Skin.Reset(HBSolidColor3)</onclick>
			    <onclick>Control.SetFocus(952)</onclick>
				<onclick>Skin.SetString(HBSolidColor3,Color8)</onclick>
				<onup></onup>
				<ondown>833</ondown>
				<onleft>817</onleft>
				<onright>819</onright>
            </control>
            <control type="button" id="819">
                <posx>0</posx>
                <posy>0</posy>
                <width>58</width>
                <height>40</height>
                <bordersize></bordersize>
                <texturenofocus colordiffuse="Color9">button-nofocus.png</texturenofocus>
                <texturefocus colordiffuse="Color9">button-focus.png</texturefocus>
			    <onclick>Skin.Reset(HBSolidColor3)</onclick>
			    <onclick>Control.SetFocus(952)</onclick>
				<onclick>Skin.SetString(HBSolidColor3,Color9)</onclick>
				<onup></onup>
				<ondown>834</ondown>
				<onleft>818</onleft>
				<onright>820</onright>
            </control>
            <control type="button" id="820">
                <posx>0</posx>
                <posy>0</posy>
                <width>58</width>
                <height>40</height>
                <bordersize></bordersize>
                <texturenofocus colordiffuse="Color10">button-nofocus.png</texturenofocus>
                <texturefocus colordiffuse="Color10">button-focus.png</texturefocus>
			    <onclick>Skin.Reset(HBSolidColor3)</onclick>
			    <onclick>Control.SetFocus(952)</onclick>
				<onclick>Skin.SetString(HBSolidColor3,Color10)</onclick>
				<onup></onup>
				<ondown>835</ondown>
				<onleft>819</onleft>
				<onright>821</onright>
            </control>
	        <control type="button" id="821">
                <posx>0</posx>
                <posy>0</posy>
                <width>58</width>
                <height>40</height>
                <bordersize></bordersize>
                <texturenofocus colordiffuse="Color11">button-nofocus.png</texturenofocus>
                <texturefocus colordiffuse="Color11">button-focus.png</texturefocus>
			    <onclick>Skin.Reset(HBSolidColor3)</onclick>
			    <onclick>Control.SetFocus(952)</onclick>
				<onclick>Skin.SetString(HBSolidColor3,Color11)</onclick>
				<onup></onup>
				<ondown>836</ondown>
				<onleft>820</onleft>
				<onright>822</onright>
             </control>
            <control type="button" id="822">
                <posx>0</posx>
                <posy>0</posy>
                <width>58</width>
                <height>40</height>
                <bordersize></bordersize>
                <texturenofocus colordiffuse="Color12">button-nofocus.png</texturenofocus>
                <texturefocus colordiffuse="Color12">button-focus.png</texturefocus>
			    <onclick>Skin.Reset(HBSolidColor3)</onclick>
			    <onclick>Control.SetFocus(952)</onclick>
				<onclick>Skin.SetString(HBSolidColor3,Color12)</onclick>
				<onup></onup>
				<ondown>837</ondown>
				<onleft>821</onleft>
				<onright>823</onright>
            </control>
            <control type="button" id="823">
                <posx>0</posx>
                <posy>0</posy>
                <width>58</width>
                <height>40</height>
                <bordersize></bordersize>
                <texturenofocus colordiffuse="Color13">button-nofocus.png</texturenofocus>
                <texturefocus colordiffuse="Color13">button-focus.png</texturefocus>
			    <onclick>Skin.Reset(HBSolidColor3)</onclick>
			    <onclick>Control.SetFocus(952)</onclick>
				<onclick>Skin.SetString(HBSolidColor3,Color13)</onclick>
 				<onup></onup>
				<ondown>838</ondown>
				<onleft>822</onleft>
				<onright>824</onright>
           </control>
            <control type="button" id="824">
                <posx>0</posx>
                <posy>0</posy>
                <width>58</width>
                <height>40</height>
                <bordersize></bordersize>
                <texturenofocus colordiffuse="Color14">button-nofocus.png</texturenofocus>
                <texturefocus colordiffuse="Color14">button-focus.png</texturefocus>
			    <onclick>Skin.Reset(HBSolidColor3)</onclick>
			    <onclick>Control.SetFocus(952)</onclick>
				<onclick>Skin.SetString(HBSolidColor3,Color14)</onclick>
  				<onup></onup>
				<ondown>839</ondown>
				<onleft>823</onleft>
				<onright>825</onright>
           </control>
            <control type="button" id="825">
                <posx>0</posx>
                <posy>0</posy>
                <width>58</width>
                <height>40</height>
                <bordersize></bordersize>
                <texturenofocus colordiffuse="Color15">button-nofocus.png</texturenofocus>
                <texturefocus colordiffuse="Color15">button-focus.png</texturefocus>
			    <onclick>Skin.Reset(HBSolidColor3)</onclick>
			    <onclick>Control.SetFocus(952)</onclick>
				<onclick>Skin.SetString(HBSolidColor3,Color15)</onclick>
 				<onup></onup>
				<ondown>840</ondown>
				<onleft>824</onleft>
				<onright>811</onright>
            </control>
		</control>	

		<!-- Color List 2 -->
		<control type="grouplist" id="802">
			<description>Colorlist2</description>
			<posx>25</posx>
			<posy>185</posy>
			<width>960</width>
			<height>45</height>
			<itemgap>5</itemgap>
			<orientation>horizontal</orientation>
			<visible>True</visible>


            <control type="button" id="826">
                <posx>0</posx>
                <posy>0</posy>
                <width>58</width>
                <height>40</height>
                <bordersize></bordersize>
                <texturenofocus colordiffuse="Color16">button-nofocus.png</texturenofocus>
                <texturefocus colordiffuse="Color16">button-focus.png</texturefocus>
			    <onclick>Skin.Reset(HBSolidColor3)</onclick>
			    <onclick>Control.SetFocus(952)</onclick>
				<onclick>Skin.SetString(HBSolidColor3,Color16)</onclick>
 				<onup>811</onup>
				<ondown>841</ondown>
				<onleft>825</onleft>
				<onright>827</onright>
            </control>
	        <control type="button" id="827">
                <posx>0</posx>
                <posy>0</posy>
                <width>58</width>
                <height>40</height>
                <bordersize></bordersize>
                <texturenofocus colordiffuse="Color17">button-nofocus.png</texturenofocus>
                <texturefocus colordiffuse="Color17">button-focus.png</texturefocus>
			    <onclick>Skin.Reset(HBSolidColor3)</onclick>
			    <onclick>Control.SetFocus(952)</onclick>
				<onclick>Skin.SetString(HBSolidColor3,Color17)</onclick>
 				<onup>812</onup>
				<ondown>842</ondown>
				<onleft>826</onleft>
				<onright>828</onright>
            </control>
            <control type="button" id="828">
                <posx>0</posx>
                <posy>0</posy>
                <width>58</width>
                <height>40</height>
                <bordersize></bordersize>
                <texturenofocus colordiffuse="Color18">button-nofocus.png</texturenofocus>
                <texturefocus colordiffuse="Color18">button-focus.png</texturefocus>
			    <onclick>Skin.Reset(HBSolidColor3)</onclick>
			    <onclick>Control.SetFocus(952)</onclick>
				<onclick>Skin.SetString(HBSolidColor3,Color18)</onclick>
 				<onup>813</onup>
				<ondown>843</ondown>
				<onleft>827</onleft>
				<onright>829</onright>
            </control>
            <control type="button" id="829">
                <posx>0</posx>
                <posy>0</posy>
                <width>58</width>
                <height>40</height>
                <bordersize></bordersize>
                <texturenofocus colordiffuse="Color19">button-nofocus.png</texturenofocus>
                <texturefocus colordiffuse="Color19">button-focus.png</texturefocus>
			    <onclick>Skin.Reset(HBSolidColor3)</onclick>
			    <onclick>Control.SetFocus(952)</onclick>
				<onclick>Skin.SetString(HBSolidColor3,Color19)</onclick>
 				<onup>814</onup>
				<ondown>844</ondown>
				<onleft>828</onleft>
				<onright>830</onright>
            </control>
            <control type="button" id="830">
                <posx>0</posx>
                <posy>0</posy>
                <width>58</width>
                <height>40</height>
                <bordersize></bordersize>
                <texturenofocus colordiffuse="Color10">button-nofocus.png</texturenofocus>
                <texturefocus colordiffuse="Color10">button-focus.png</texturefocus>
			    <onclick>Skin.Reset(HBSolidColor3)</onclick>
			    <onclick>Control.SetFocus(952)</onclick>
				<onclick>Skin.SetString(HBSolidColor3,Color20)</onclick>
 				<onup>815</onup>
				<ondown>845</ondown>
				<onleft>829</onleft>
				<onright>831</onright>
            </control>
	        <control type="button" id="831">
                <posx>0</posx>
                <posy>0</posy>
                <width>58</width>
                <height>40</height>
                <bordersize></bordersize>
                <texturenofocus colordiffuse="Color21">button-nofocus.png</texturenofocus>
                <texturefocus colordiffuse="Color21">button-focus.png</texturefocus>
			    <onclick>Skin.Reset(HBSolidColor3)</onclick>
			    <onclick>Control.SetFocus(952)</onclick>
				<onclick>Skin.SetString(HBSolidColor3,Color21)</onclick>
 				<onup>816</onup>
				<ondown>846</ondown>
				<onleft>830</onleft>
				<onright>832</onright>
            </control>
            <control type="button" id="832">
                <posx>0</posx>
                <posy>0</posy>
                <width>58</width>
                <height>40</height>
                <bordersize></bordersize>
                <texturenofocus colordiffuse="Color22">button-nofocus.png</texturenofocus>
                <texturefocus colordiffuse="Color22">button-focus.png</texturefocus>
			    <onclick>Skin.Reset(HBSolidColor3)</onclick>
			    <onclick>Control.SetFocus(952)</onclick>
				<onclick>Skin.SetString(HBSolidColor3,Color22)</onclick>
 				<onup>817</onup>
				<ondown>847</ondown>
				<onleft>831</onleft>
				<onright>833</onright>
            </control>
            <control type="button" id="833">
                <posx>0</posx>
                <posy>0</posy>
                <width>58</width>
                <height>40</height>
                <bordersize></bordersize>
                <texturenofocus colordiffuse="Color23">button-nofocus.png</texturenofocus>
                <texturefocus colordiffuse="Color23">button-focus.png</texturefocus>
			    <onclick>Skin.Reset(HBSolidColor3)</onclick>
			    <onclick>Control.SetFocus(952)</onclick>
				<onclick>Skin.SetString(HBSolidColor3,Color23)</onclick>
 				<onup>818</onup>
				<ondown>848</ondown>
				<onleft>832</onleft>
				<onright>834</onright>
            </control>
            <control type="button" id="834">
                <posx>0</posx>
                <posy>0</posy>
                <width>58</width>
                <height>40</height>
                <bordersize></bordersize>
                <texturenofocus colordiffuse="Color24">button-nofocus.png</texturenofocus>
                <texturefocus colordiffuse="Color24">button-focus.png</texturefocus>
			    <onclick>Skin.Reset(HBSolidColor3)</onclick>
			    <onclick>Control.SetFocus(952)</onclick>
				<onclick>Skin.SetString(HBSolidColor3,Color24)</onclick>
 				<onup>819</onup>
				<ondown>849</ondown>
				<onleft>833</onleft>
				<onright>835</onright>
            </control>
            <control type="button" id="835">
                <posx>0</posx>
                <posy>0</posy>
                <width>58</width>
                <height>40</height>
                <bordersize></bordersize>
                <texturenofocus colordiffuse="Color25">button-nofocus.png</texturenofocus>
                <texturefocus colordiffuse="Color25">button-focus.png</texturefocus>
			    <onclick>Skin.Reset(HBSolidColor3)</onclick>
			    <onclick>Control.SetFocus(952)</onclick>
				<onclick>Skin.SetString(HBSolidColor3,Color25)</onclick>
 				<onup>820</onup>
				<ondown>850</ondown>
				<onleft>834</onleft>
				<onright>836</onright>
            </control>
            <control type="button" id="836">
                <posx>0</posx>
                <posy>0</posy>
                <width>58</width>
                <height>40</height>
                <bordersize></bordersize>
                <texturenofocus colordiffuse="Color26">button-nofocus.png</texturenofocus>
                <texturefocus colordiffuse="Color26">button-focus.png</texturefocus>
			    <onclick>Skin.Reset(HBSolidColor3)</onclick>
			    <onclick>Control.SetFocus(952)</onclick>
				<onclick>Skin.SetString(HBSolidColor3,Color26)</onclick>
 				<onup>821</onup>
				<ondown>851</ondown>
				<onleft>835</onleft>
				<onright>837</onright>
            </control>
	        <control type="button" id="837">
                <posx>0</posx>
                <posy>0</posy>
                <width>58</width>
                <height>40</height>
                <bordersize></bordersize>
                <texturenofocus colordiffuse="Color27">button-nofocus.png</texturenofocus>
                <texturefocus colordiffuse="Color27">button-focus.png</texturefocus>
			    <onclick>Skin.Reset(HBSolidColor3)</onclick>
			    <onclick>Control.SetFocus(952)</onclick>
				<onclick>Skin.SetString(HBSolidColor3,Color27)</onclick>
 				<onup>822</onup>
				<ondown>852</ondown>
				<onleft>836</onleft>
				<onright>838</onright>
            </control>
            <control type="button" id="838">
                <posx>0</posx>
                <posy>0</posy>
                <width>58</width>
                <height>40</height>
                <bordersize></bordersize>
                <texturenofocus colordiffuse="Color28">button-nofocus.png</texturenofocus>
                <texturefocus colordiffuse="Color28">button-focus.png</texturefocus>
			    <onclick>Skin.Reset(HBSolidColor3)</onclick>
			    <onclick>Control.SetFocus(952)</onclick>
				<onclick>Skin.SetString(HBSolidColor3,Color28)</onclick>
 				<onup>823</onup>
				<ondown>853</ondown>
				<onleft>837</onleft>
				<onright>839</onright>
            </control>
            <control type="button" id="839">
                <posx>0</posx>
                <posy>0</posy>
                <width>58</width>
                <height>40</height>
                <bordersize></bordersize>
                <texturenofocus colordiffuse="Color29">button-nofocus.png</texturenofocus>
                <texturefocus colordiffuse="Color29">button-focus.png</texturefocus>
			    <onclick>Skin.Reset(HBSolidColor3)</onclick>
			    <onclick>Control.SetFocus(952)</onclick>
				<onclick>Skin.SetString(HBSolidColor3,Color29)</onclick>
 				<onup>824</onup>
				<ondown>854</ondown>
				<onleft>838</onleft>
				<onright>840</onright>
            </control>
            <control type="button" id="840">
                <posx>0</posx>
                <posy>0</posy>
                <width>58</width>
                <height>40</height>
                <bordersize></bordersize>
                <texturenofocus colordiffuse="Color30">button-nofocus.png</texturenofocus>
                <texturefocus colordiffuse="Color30">button-focus.png</texturefocus>
			    <onclick>Skin.Reset(HBSolidColor3)</onclick>
			    <onclick>Control.SetFocus(952)</onclick>
				<onclick>Skin.SetString(HBSolidColor3,Color30)</onclick>
 				<onup>825</onup>
				<ondown>855</ondown>
				<onleft>839</onleft>
				<onright>841</onright>
            </control>
		</control>	

		<!-- Color List 3 -->
		<control type="grouplist" id="803">
			<description>Colorlist2</description>
			<posx>25</posx>
			<posy>230</posy>
			<width>960</width>
			<height>45</height>
			<itemgap>5</itemgap>
			<orientation>horizontal</orientation>
			<visible>True</visible>
	        <control type="button" id="841">
                <posx>0</posx>
                <posy>0</posy>
                <width>58</width>
                <height>40</height>
                <bordersize></bordersize>
                <texturenofocus colordiffuse="Color31">button-nofocus.png</texturenofocus>
                <texturefocus colordiffuse="Color31">button-focus.png</texturefocus>
			    <onclick>Skin.Reset(HBSolidColor3)</onclick>
			    <onclick>Control.SetFocus(952)</onclick>
				<onclick>Skin.SetString(HBSolidColor3,Color31)</onclick>
 				<onup>826</onup>
				<ondown>856</ondown>
				<onleft>840</onleft>
				<onright>842</onright>
            </control>
            <control type="button" id="842">
                <posx>0</posx>
                <posy>0</posy>
                <width>58</width>
                <height>40</height>
                <bordersize></bordersize>
                <texturenofocus colordiffuse="Color32">button-nofocus.png</texturenofocus>
                <texturefocus colordiffuse="Color32">button-focus.png</texturefocus>
			    <onclick>Skin.Reset(HBSolidColor3)</onclick>
			    <onclick>Control.SetFocus(952)</onclick>
				<onclick>Skin.SetString(HBSolidColor3,Color32)</onclick>
  				<onup>827</onup>
				<ondown>857</ondown>
				<onleft>841</onleft>
				<onright>843</onright>
           </control>
            <control type="button" id="843">
                <posx>0</posx>
                <posy>0</posy>
                <width>58</width>
                <height>40</height>
                <bordersize></bordersize>
                <texturenofocus colordiffuse="Color33">button-nofocus.png</texturenofocus>
                <texturefocus colordiffuse="Color33">button-focus.png</texturefocus>
			    <onclick>Skin.Reset(HBSolidColor3)</onclick>
			    <onclick>Control.SetFocus(952)</onclick>
				<onclick>Skin.SetString(HBSolidColor3,Color33)</onclick>
  				<onup>828</onup>
				<ondown>858</ondown>
				<onleft>842</onleft>
				<onright>844</onright>
            </control>
            <control type="button" id="844">
                <posx>0</posx>
                <posy>0</posy>
                <width>58</width>
                <height>40</height>
                <bordersize></bordersize>
                <texturenofocus colordiffuse="Color34">button-nofocus.png</texturenofocus>
                <texturefocus colordiffuse="Color34">button-focus.png</texturefocus>
			    <onclick>Skin.Reset(HBSolidColor3)</onclick>
			    <onclick>Control.SetFocus(952)</onclick>
				<onclick>Skin.SetString(HBSolidColor3,Color34)</onclick>
  				<onup>829</onup>
				<ondown>859</ondown>
				<onleft>843</onleft>
				<onright>845</onright>
            </control>
            <control type="button" id="845">
                <posx>0</posx>
                <posy>0</posy>
                <width>58</width>
                <height>40</height>
                <bordersize></bordersize>
                <texturenofocus colordiffuse="Color35">button-nofocus.png</texturenofocus>
                <texturefocus colordiffuse="Color35">button-focus.png</texturefocus>
			    <onclick>Skin.Reset(HBSolidColor3)</onclick>
			    <onclick>Control.SetFocus(952)</onclick>
				<onclick>Skin.SetString(HBSolidColor3,Color35)</onclick>
  				<onup>830</onup>
				<ondown>860</ondown>
				<onleft>844</onleft>
				<onright>846</onright>
            </control>
            <control type="button" id="846">
                <posx>0</posx>
                <posy>0</posy>
                <width>58</width>
                <height>40</height>
                <bordersize></bordersize>
                <texturenofocus colordiffuse="Color36">button-nofocus.png</texturenofocus>
                <texturefocus colordiffuse="Color36">button-focus.png</texturefocus>
			    <onclick>Skin.Reset(HBSolidColor3)</onclick>
			    <onclick>Control.SetFocus(952)</onclick>
				<onclick>Skin.SetString(HBSolidColor3,Color36)</onclick>
  				<onup>831</onup>
				<ondown>861</ondown>
				<onleft>845</onleft>
				<onright>847</onright>
            </control>
	        <control type="button" id="847">
                <posx>0</posx>
                <posy>0</posy>
                <width>58</width>
                <height>40</height>
                <bordersize></bordersize>
                <texturenofocus colordiffuse="Color37">button-nofocus.png</texturenofocus>
                <texturefocus colordiffuse="Color37">button-focus.png</texturefocus>
			    <onclick>Skin.Reset(HBSolidColor3)</onclick>
			    <onclick>Control.SetFocus(952)</onclick>
				<onclick>Skin.SetString(HBSolidColor3,Color37)</onclick>
  				<onup>832</onup>
				<ondown>862</ondown>
				<onleft>846</onleft>
				<onright>848</onright>
            </control>
            <control type="button" id="848">
                <posx>0</posx>
                <posy>0</posy>
                <width>58</width>
                <height>40</height>
                <bordersize></bordersize>
                <texturenofocus colordiffuse="Color38">button-nofocus.png</texturenofocus>
                <texturefocus colordiffuse="Color38">button-focus.png</texturefocus>
			    <onclick>Skin.Reset(HBSolidColor3)</onclick>
			    <onclick>Control.SetFocus(952)</onclick>
				<onclick>Skin.SetString(HBSolidColor3,Color38)</onclick>
  				<onup>833</onup>
				<ondown>863</ondown>
				<onleft>847</onleft>
				<onright>849</onright>
            </control>
            <control type="button" id="849">
                <posx>0</posx>
                <posy>0</posy>
                <width>58</width>
                <height>40</height>
                <bordersize></bordersize>
                <texturenofocus colordiffuse="Color39">button-nofocus.png</texturenofocus>
                <texturefocus colordiffuse="Color39">button-focus.png</texturefocus>
			    <onclick>Skin.Reset(HBSolidColor3)</onclick>
			    <onclick>Control.SetFocus(952)</onclick>
				<onclick>Skin.SetString(HBSolidColor3,Color39)</onclick>
  				<onup>834</onup>
				<ondown>864</ondown>
				<onleft>848</onleft>
				<onright>850</onright>
            </control>
            <control type="button" id="850">
                <posx>0</posx>
                <posy>0</posy>
                <width>58</width>
                <height>40</height>
                <bordersize></bordersize>
                <texturenofocus colordiffuse="Color40">button-nofocus.png</texturenofocus>
                <texturefocus colordiffuse="Color40">button-focus.png</texturefocus>
			    <onclick>Skin.Reset(HBSolidColor3)</onclick>
			    <onclick>Control.SetFocus(952)</onclick>
				<onclick>Skin.SetString(HBSolidColor3,Color40)</onclick>
  				<onup>835</onup>
				<ondown>865</ondown>
				<onleft>849</onleft>
				<onright>851</onright>
            </control>
	        <control type="button" id="851">
                <posx>0</posx>
                <posy>0</posy>
                <width>58</width>
                <height>40</height>
                <bordersize></bordersize>
                <texturenofocus colordiffuse="Color41">button-nofocus.png</texturenofocus>
                <texturefocus colordiffuse="Color41">button-focus.png</texturefocus>
			    <onclick>Skin.Reset(HBSolidColor3)</onclick>
			    <onclick>Control.SetFocus(952)</onclick>
				<onclick>Skin.SetString(HBSolidColor3,Color41)</onclick>
  				<onup>836</onup>
				<ondown>866</ondown>
				<onleft>850</onleft>
				<onright>852</onright>
            </control>
            <control type="button" id="852">
                <posx>0</posx>
                <posy>0</posy>
                <width>58</width>
                <height>40</height>
                <bordersize></bordersize>
                <texturenofocus colordiffuse="Color42">button-nofocus.png</texturenofocus>
                <texturefocus colordiffuse="Color42">button-focus.png</texturefocus>
			    <onclick>Skin.Reset(HBSolidColor3)</onclick>
			    <onclick>Control.SetFocus(952)</onclick>
				<onclick>Skin.SetString(HBSolidColor3,Color42)</onclick>
  				<onup>837</onup>
				<ondown>867</ondown>
				<onleft>851</onleft>
				<onright>853</onright>
            </control>
            <control type="button" id="853">
                <posx>0</posx>
                <posy>0</posy>
                <width>58</width>
                <height>40</height>
                <bordersize></bordersize>
                <texturenofocus colordiffuse="Color43">button-nofocus.png</texturenofocus>
                <texturefocus colordiffuse="Color43">button-focus.png</texturefocus>
			    <onclick>Skin.Reset(HBSolidColor3)</onclick>
			    <onclick>Control.SetFocus(952)</onclick>
				<onclick>Skin.SetString(HBSolidColor3,Color43)</onclick>
  				<onup>838</onup>
				<ondown>868</ondown>
				<onleft>852</onleft>
				<onright>854</onright>
            </control>
            <control type="button" id="854">
                <posx>0</posx>
                <posy>0</posy>
                <width>58</width>
                <height>40</height>
                <bordersize></bordersize>
                <texturenofocus colordiffuse="Color44">button-nofocus.png</texturenofocus>
                <texturefocus colordiffuse="Color44">button-focus.png</texturefocus>
			    <onclick>Skin.Reset(HBSolidColor3)</onclick>
			    <onclick>Control.SetFocus(952)</onclick>
				<onclick>Skin.SetString(HBSolidColor3,Color44)</onclick>
  				<onup>839</onup>
				<ondown>869</ondown>
				<onleft>853</onleft>
				<onright>855</onright>
            </control>
            <control type="button" id="855">
                <posx>0</posx>
                <posy>0</posy>
                <width>58</width>
                <height>40</height>
                <bordersize></bordersize>
                <texturenofocus colordiffuse="Color45">button-nofocus.png</texturenofocus>
                <texturefocus colordiffuse="Color45">button-focus.png</texturefocus>
			    <onclick>Skin.Reset(HBSolidColor3)</onclick>
			    <onclick>Control.SetFocus(952)</onclick>
				<onclick>Skin.SetString(HBSolidColor3,Color45)</onclick>
  				<onup>840</onup>
				<ondown>870</ondown>
				<onleft>854</onleft>
				<onright>856</onright>
            </control>
		</control>	

		<!-- Color List 4 -->
		<control type="grouplist" id="804">
			<description>Colorlist4</description>
			<posx>25</posx>
			<posy>275</posy>
			<width>960</width>
			<height>45</height>
			<itemgap>5</itemgap>
			<orientation>horizontal</orientation>
			<visible>True</visible>


            <control type="button" id="856">
                <posx>0</posx>
                <posy>0</posy>
                <width>58</width>
                <height>40</height>
                <bordersize></bordersize>
                <texturenofocus colordiffuse="Color46">button-nofocus.png</texturenofocus>
                <texturefocus colordiffuse="Color46">button-focus.png</texturefocus>
			    <onclick>Skin.Reset(HBSolidColor3)</onclick>
			    <onclick>Control.SetFocus(952)</onclick>
				<onclick>Skin.SetString(HBSolidColor3,Color46)</onclick>
  				<onup>841</onup>
				<ondown>871</ondown>
				<onleft>855</onleft>
				<onright>857</onright>
            </control>
	        <control type="button" id="857">
                <posx>0</posx>
                <posy>0</posy>
                <width>58</width>
                <height>40</height>
                <bordersize></bordersize>
                <texturenofocus colordiffuse="Color47">button-nofocus.png</texturenofocus>
                <texturefocus colordiffuse="Color47">button-focus.png</texturefocus>
			    <onclick>Skin.Reset(HBSolidColor3)</onclick>
			    <onclick>Control.SetFocus(952)</onclick>
				<onclick>Skin.SetString(HBSolidColor3,Color47)</onclick>
  				<onup>842</onup>
				<ondown>872</ondown>
				<onleft>856</onleft>
				<onright>858</onright>
            </control>
            <control type="button" id="858">
                <posx>0</posx>
                <posy>0</posy>
                <width>58</width>
                <height>40</height>
                <bordersize></bordersize>
                <texturenofocus colordiffuse="Color48">button-nofocus.png</texturenofocus>
                <texturefocus colordiffuse="Color48">button-focus.png</texturefocus>
			    <onclick>Skin.Reset(HBSolidColor3)</onclick>
			    <onclick>Control.SetFocus(952)</onclick>
				<onclick>Skin.SetString(HBSolidColor3,Color48)</onclick>
  				<onup>843</onup>
				<ondown>873</ondown>
				<onleft>857</onleft>
				<onright>859</onright>
            </control>
            <control type="button" id="859">
                <posx>0</posx>
                <posy>0</posy>
                <width>58</width>
                <height>40</height>
                <bordersize></bordersize>
                <texturenofocus colordiffuse="Color49">button-nofocus.png</texturenofocus>
                <texturefocus colordiffuse="Color49">button-focus.png</texturefocus>
			    <onclick>Skin.Reset(HBSolidColor3)</onclick>
			    <onclick>Control.SetFocus(952)</onclick>
				<onclick>Skin.SetString(HBSolidColor3,Color49)</onclick>
  				<onup>844</onup>
				<ondown>874</ondown>
				<onleft>858</onleft>
				<onright>860</onright>
            </control>
            <control type="button" id="860">
                <posx>0</posx>
                <posy>0</posy>
                <width>58</width>
                <height>40</height>
                <bordersize></bordersize>
                <texturenofocus colordiffuse="Color50">button-nofocus.png</texturenofocus>
                <texturefocus colordiffuse="Color50">button-focus.png</texturefocus>
			    <onclick>Skin.Reset(HBSolidColor3)</onclick>
			    <onclick>Control.SetFocus(952)</onclick>
				<onclick>Skin.SetString(HBSolidColor3,Color50)</onclick>
  				<onup>845</onup>
				<ondown>875</ondown>
				<onleft>859</onleft>
				<onright>861</onright>
            </control>
	        <control type="button" id="861">
                <posx>0</posx>
                <posy>0</posy>
                <width>58</width>
                <height>40</height>
                <bordersize></bordersize>
                <texturenofocus colordiffuse="Color51">button-nofocus.png</texturenofocus>
                <texturefocus colordiffuse="Color51">button-focus.png</texturefocus>
			    <onclick>Skin.Reset(HBSolidColor3)</onclick>
			    <onclick>Control.SetFocus(952)</onclick>
				<onclick>Skin.SetString(HBSolidColor3,Color51)</onclick>
  				<onup>846</onup>
				<ondown>876</ondown>
				<onleft>860</onleft>
				<onright>862</onright>
            </control>
            <control type="button" id="862">
                <posx>0</posx>
                <posy>0</posy>
                <width>58</width>
                <height>40</height>
                <bordersize></bordersize>
                <texturenofocus colordiffuse="Color52">button-nofocus.png</texturenofocus>
                <texturefocus colordiffuse="Color52">button-focus.png</texturefocus>
			    <onclick>Skin.Reset(HBSolidColor3)</onclick>
			    <onclick>Control.SetFocus(952)</onclick>
				<onclick>Skin.SetString(HBSolidColor3,Color52)</onclick>
  				<onup>847</onup>
				<ondown>877</ondown>
				<onleft>861</onleft>
				<onright>863</onright>
            </control>
            <control type="button" id="863">
                <posx>0</posx>
                <posy>0</posy>
                <width>58</width>
                <height>40</height>
                <bordersize></bordersize>
                <texturenofocus colordiffuse="Color53">button-nofocus.png</texturenofocus>
                <texturefocus colordiffuse="Color53">button-focus.png</texturefocus>
			    <onclick>Skin.Reset(HBSolidColor3)</onclick>
			    <onclick>Control.SetFocus(952)</onclick>
				<onclick>Skin.SetString(HBSolidColor3,Color53)</onclick>
  				<onup>848</onup>
				<ondown>878</ondown>
				<onleft>862</onleft>
				<onright>864</onright>
            </control>
            <control type="button" id="864">
                <posx>0</posx>
                <posy>0</posy>
                <width>58</width>
                <height>40</height>
                <bordersize></bordersize>
                <texturenofocus colordiffuse="Color54">button-nofocus.png</texturenofocus>
                <texturefocus colordiffuse="Color54">button-focus.png</texturefocus>
			    <onclick>Skin.Reset(HBSolidColor3)</onclick>
			    <onclick>Control.SetFocus(952)</onclick>
				<onclick>Skin.SetString(HBSolidColor3,Color54)</onclick>
  				<onup>849</onup>
				<ondown>879</ondown>
				<onleft>863</onleft>
				<onright>865</onright>
            </control>
            <control type="button" id="865">
                <posx>0</posx>
                <posy>0</posy>
                <width>58</width>
                <height>40</height>
                <bordersize></bordersize>
                <texturenofocus colordiffuse="Color55">button-nofocus.png</texturenofocus>
                <texturefocus colordiffuse="Color55">button-focus.png</texturefocus>
			    <onclick>Skin.Reset(HBSolidColor3)</onclick>
			    <onclick>Control.SetFocus(952)</onclick>
				<onclick>Skin.SetString(HBSolidColor3,Color55)</onclick>
   				<onup>850</onup>
				<ondown>880</ondown>
				<onleft>864</onleft>
				<onright>866</onright>
           </control>
            <control type="button" id="866">
                <posx>0</posx>
                <posy>0</posy>
                <width>58</width>
                <height>40</height>
                <bordersize></bordersize>
                <texturenofocus colordiffuse="Color56">button-nofocus.png</texturenofocus>
                <texturefocus colordiffuse="Color56">button-focus.png</texturefocus>
			    <onclick>Skin.Reset(HBSolidColor3)</onclick>
			    <onclick>Control.SetFocus(952)</onclick>
				<onclick>Skin.SetString(HBSolidColor3,Color56)</onclick>
    			<onup>851</onup>
				<ondown>881</ondown>
				<onleft>865</onleft>
				<onright>867</onright>
           </control>
	        <control type="button" id="867">
                <posx>0</posx>
                <posy>0</posy>
                <width>58</width>
                <height>40</height>
                <bordersize></bordersize>
                <texturenofocus colordiffuse="Color57">button-nofocus.png</texturenofocus>
                <texturefocus colordiffuse="Color57">button-focus.png</texturefocus>
			    <onclick>Skin.Reset(HBSolidColor3)</onclick>
			    <onclick>Control.SetFocus(952)</onclick>
				<onclick>Skin.SetString(HBSolidColor3,Color7)</onclick>
    			<onup>852</onup>
				<ondown>882</ondown>
				<onleft>866</onleft>
				<onright>868</onright>
            </control>
            <control type="button" id="868">
                <posx>0</posx>
                <posy>0</posy>
                <width>58</width>
                <height>40</height>
                <bordersize></bordersize>
                <texturenofocus colordiffuse="Color58">button-nofocus.png</texturenofocus>
                <texturefocus colordiffuse="Color58">button-focus.png</texturefocus>
			    <onclick>Skin.Reset(HBSolidColor3)</onclick>
			    <onclick>Control.SetFocus(952)</onclick>
				<onclick>Skin.SetString(HBSolidColor3,Color58)</onclick>
    			<onup>853</onup>
				<ondown>883</ondown>
				<onleft>867</onleft>
				<onright>869</onright>
            </control>
            <control type="button" id="869">
                <posx>0</posx>
                <posy>0</posy>
                <width>58</width>
                <height>40</height>
                <bordersize></bordersize>
                <texturenofocus colordiffuse="Color59">button-nofocus.png</texturenofocus>
                <texturefocus colordiffuse="Color59">button-focus.png</texturefocus>
			    <onclick>Skin.Reset(HBSolidColor3)</onclick>
			    <onclick>Control.SetFocus(952)</onclick>
				<onclick>Skin.SetString(HBSolidColor3,Color59)</onclick>
    			<onup>854</onup>
				<ondown>884</ondown>
				<onleft>868</onleft>
				<onright>870</onright>
            </control>
            <control type="button" id="870">
                <posx>0</posx>
                <posy>0</posy>
                <width>58</width>
                <height>40</height>
                <bordersize></bordersize>
                <texturenofocus colordiffuse="Color60">button-nofocus.png</texturenofocus>
                <texturefocus colordiffuse="Color60">button-focus.png</texturefocus>
			    <onclick>Skin.Reset(HBSolidColor3)</onclick>
			    <onclick>Control.SetFocus(952)</onclick>
				<onclick>Skin.SetString(HBSolidColor3,Color60)</onclick>
    			<onup>855</onup>
				<ondown>885</ondown>
				<onleft>869</onleft>
				<onright>871</onright>
            </control>
		</control>	

		<!-- Color List 5 -->
		<control type="grouplist" id="805">
			<description>Colorlist5</description>
			<posx>25</posx>
			<posy>320</posy>
			<width>960</width>
			<height>45</height>
			<itemgap>5</itemgap>
			<orientation>horizontal</orientation>
			<visible>True</visible>


	        <control type="button" id="871">
                <posx>0</posx>
                <posy>0</posy>
                <width>58</width>
                <height>40</height>
                <bordersize></bordersize>
                <texturenofocus colordiffuse="Color61">button-nofocus.png</texturenofocus>
                <texturefocus colordiffuse="Color61">button-focus.png</texturefocus>
			    <onclick>Skin.Reset(HBSolidColor3)</onclick>
			    <onclick>Control.SetFocus(952)</onclick>
				<onclick>Skin.SetString(HBSolidColor3,Color61)</onclick>
    			<onup>856</onup>
				<ondown>886</ondown>
				<onleft>870</onleft>
				<onright>872</onright>
            </control>
            <control type="button" id="872">
                <posx>0</posx>
                <posy>0</posy>
                <width>58</width>
                <height>40</height>
                <bordersize></bordersize>
                <texturenofocus colordiffuse="Color62">button-nofocus.png</texturenofocus>
                <texturefocus colordiffuse="Color62">button-focus.png</texturefocus>
			    <onclick>Skin.Reset(HBSolidColor3)</onclick>
			    <onclick>Control.SetFocus(952)</onclick>
				<onclick>Skin.SetString(HBSolidColor3,Color62)</onclick>
    			<onup>857</onup>
				<ondown>887</ondown>
				<onleft>871</onleft>
				<onright>873</onright>
            </control>
            <control type="button" id="873">
                <posx>0</posx>
                <posy>0</posy>
                <width>58</width>
                <height>40</height>
                <bordersize></bordersize>
                <texturenofocus colordiffuse="Color63">button-nofocus.png</texturenofocus>
                <texturefocus colordiffuse="Color63">button-focus.png</texturefocus>
			    <onclick>Skin.Reset(HBSolidColor3)</onclick>
			    <onclick>Control.SetFocus(952)</onclick>
				<onclick>Skin.SetString(HBSolidColor3,Color63)</onclick>
    			<onup>858</onup>
				<ondown>888</ondown>
				<onleft>872</onleft>
				<onright>874</onright>
            </control>
            <control type="button" id="874">
                <posx>0</posx>
                <posy>0</posy>
                <width>58</width>
                <height>40</height>
                <bordersize></bordersize>
                <texturenofocus colordiffuse="Color64">button-nofocus.png</texturenofocus>
                <texturefocus colordiffuse="Color64">button-focus.png</texturefocus>
			    <onclick>Skin.Reset(HBSolidColor3)</onclick>
			    <onclick>Control.SetFocus(952)</onclick>
				<onclick>Skin.SetString(HBSolidColor3,Color64)</onclick>
    			<onup>859</onup>
				<ondown>889</ondown>
				<onleft>873</onleft>
				<onright>875</onright>
            </control>
            <control type="button" id="875">
                <posx>0</posx>
                <posy>0</posy>
                <width>58</width>
                <height>40</height>
                <bordersize></bordersize>
                <texturenofocus colordiffuse="Color65">button-nofocus.png</texturenofocus>
                <texturefocus colordiffuse="Color65">button-focus.png</texturefocus>
			    <onclick>Skin.Reset(HBSolidColor3)</onclick>
			    <onclick>Control.SetFocus(952)</onclick>
				<onclick>Skin.SetString(HBSolidColor3,Color65)</onclick>
    			<onup>860</onup>
				<ondown>890</ondown>
				<onleft>874</onleft>
				<onright>876</onright>
            </control>
            <control type="button" id="876">
                <posx>0</posx>
                <posy>0</posy>
                <width>58</width>
                <height>40</height>
                <bordersize></bordersize>
                <texturenofocus colordiffuse="Color66">button-nofocus.png</texturenofocus>
                <texturefocus colordiffuse="Color66">button-focus.png</texturefocus>
			    <onclick>Skin.Reset(HBSolidColor3)</onclick>
			    <onclick>Control.SetFocus(952)</onclick>
				<onclick>Skin.SetString(HBSolidColor3,Color66)</onclick>
    			<onup>861</onup>
				<ondown>891</ondown>
				<onleft>875</onleft>
				<onright>877</onright>
            </control>
	        <control type="button" id="877">
                <posx>0</posx>
                <posy>0</posy>
                <width>58</width>
                <height>40</height>
                <bordersize></bordersize>
                <texturenofocus colordiffuse="Color67">button-nofocus.png</texturenofocus>
                <texturefocus colordiffuse="Color67">button-focus.png</texturefocus>
			    <onclick>Skin.Reset(HBSolidColor3)</onclick>
			    <onclick>Control.SetFocus(952)</onclick>
				<onclick>Skin.SetString(HBSolidColor3,Color67)</onclick>
    			<onup>862</onup>
				<ondown>892</ondown>
				<onleft>876</onleft>
				<onright>878</onright>
            </control>
            <control type="button" id="878">
                <posx>0</posx>
                <posy>0</posy>
                <width>58</width>
                <height>40</height>
                <bordersize></bordersize>
                <texturenofocus colordiffuse="Color68">button-nofocus.png</texturenofocus>
                <texturefocus colordiffuse="Color68">button-focus.png</texturefocus>
			    <onclick>Skin.Reset(HBSolidColor3)</onclick>
			    <onclick>Control.SetFocus(952)</onclick>
				<onclick>Skin.SetString(HBSolidColor3,Color68)</onclick>
     			<onup>863</onup>
				<ondown>893</ondown>
				<onleft>877</onleft>
				<onright>879</onright>
           </control>
            <control type="button" id="879">
                <posx>0</posx>
                <posy>0</posy>
                <width>58</width>
                <height>40</height>
                <bordersize></bordersize>
                <texturenofocus colordiffuse="Color69">button-nofocus.png</texturenofocus>
                <texturefocus colordiffuse="Color69">button-focus.png</texturefocus>
			    <onclick>Skin.Reset(HBSolidColor3)</onclick>
			    <onclick>Control.SetFocus(952)</onclick>
				<onclick>Skin.SetString(HBSolidColor3,Color69)</onclick>
      			<onup>864</onup>
				<ondown>894</ondown>
				<onleft>878</onleft>
				<onright>880</onright>
           </control>
            <control type="button" id="880">
                <posx>0</posx>
                <posy>0</posy>
                <width>58</width>
                <height>40</height>
                <bordersize></bordersize>
                <texturenofocus colordiffuse="Color70">button-nofocus.png</texturenofocus>
                <texturefocus colordiffuse="Color70">button-focus.png</texturefocus>
			    <onclick>Skin.Reset(HBSolidColor3)</onclick>
			    <onclick>Control.SetFocus(952)</onclick>
				<onclick>Skin.SetString(HBSolidColor3,Color70)</onclick>
       			<onup>865</onup>
				<ondown>895</ondown>
				<onleft>879</onleft>
				<onright>881</onright>
           </control>
	        <control type="button" id="881">
                <posx>0</posx>
                <posy>0</posy>
                <width>58</width>
                <height>40</height>
                <bordersize></bordersize>
                <texturenofocus colordiffuse="Color71">button-nofocus.png</texturenofocus>
                <texturefocus colordiffuse="Color71">button-focus.png</texturefocus>
			    <onclick>Skin.Reset(HBSolidColor3)</onclick>
			    <onclick>Control.SetFocus(952)</onclick>
				<onclick>Skin.SetString(HBSolidColor3,Color71)</onclick>
        		<onup>866</onup>
				<ondown>896</ondown>
				<onleft>880</onleft>
				<onright>882</onright>
           </control>
            <control type="button" id="882">
                <posx>0</posx>
                <posy>0</posy>
                <width>58</width>
                <height>40</height>
                <bordersize></bordersize>
                <texturenofocus colordiffuse="Color72">button-nofocus.png</texturenofocus>
                <texturefocus colordiffuse="Color72">button-focus.png</texturefocus>
			    <onclick>Skin.Reset(HBSolidColor3)</onclick>
			    <onclick>Control.SetFocus(952)</onclick>
				<onclick>Skin.SetString(HBSolidColor3,Color72)</onclick>
         		<onup>867</onup>
				<ondown>897</ondown>
				<onleft>881</onleft>
				<onright>883</onright>
           </control>
            <control type="button" id="883">
                <posx>0</posx>
                <posy>0</posy>
                <width>58</width>
                <height>40</height>
                <bordersize></bordersize>
                <texturenofocus colordiffuse="Color73">button-nofocus.png</texturenofocus>
                <texturefocus colordiffuse="Color73">button-focus.png</texturefocus>
			    <onclick>Skin.Reset(HBSolidColor3)</onclick>
			    <onclick>Control.SetFocus(952)</onclick>
				<onclick>Skin.SetString(HBSolidColor3,Color73)</onclick>
         		<onup>868</onup>
				<ondown>898</ondown>
				<onleft>882</onleft>
				<onright>884</onright>
            </control>
            <control type="button" id="884">
                <posx>0</posx>
                <posy>0</posy>
                <width>58</width>
                <height>40</height>
                <bordersize></bordersize>
                <texturenofocus colordiffuse="Color74">button-nofocus.png</texturenofocus>
                <texturefocus colordiffuse="Color74">button-focus.png</texturefocus>
			    <onclick>Skin.Reset(HBSolidColor3)</onclick>
			    <onclick>Control.SetFocus(952)</onclick>
				<onclick>Skin.SetString(HBSolidColor3,Color74)</onclick>
         		<onup>869</onup>
				<ondown>899</ondown>
				<onleft>883</onleft>
				<onright>885</onright>
            </control>
            <control type="button" id="885">
                <posx>0</posx>
                <posy>0</posy>
                <width>58</width>
                <height>40</height>
                <bordersize></bordersize>
                <texturenofocus colordiffuse="Color75">button-nofocus.png</texturenofocus>
                <texturefocus colordiffuse="Color75">button-focus.png</texturefocus>
			    <onclick>Skin.Reset(HBSolidColor3)</onclick>
			    <onclick>Control.SetFocus(952)</onclick>
				<onclick>Skin.SetString(HBSolidColor3,Color75)</onclick>
         		<onup>870</onup>
				<ondown>900</ondown>
				<onleft>884</onleft>
				<onright>886</onright>
            </control>
		</control>	

		<!-- Color List 6 -->
		<control type="grouplist" id="806">
			<description>Colorlist6</description>
			<posx>25</posx>
			<posy>365</posy>
			<width>960</width>
			<height>45</height>
			<itemgap>5</itemgap>
			<orientation>horizontal</orientation>
			<visible>True</visible>


            <control type="button" id="886">
                <posx>0</posx>
                <posy>0</posy>
                <width>58</width>
                <height>40</height>
                <bordersize></bordersize>
                <texturenofocus colordiffuse="Color76">button-nofocus.png</texturenofocus>
                <texturefocus colordiffuse="Color76">button-focus.png</texturefocus>
			    <onclick>Skin.Reset(HBSolidColor3)</onclick>
			    <onclick>Control.SetFocus(952)</onclick>
				<onclick>Skin.SetString(HBSolidColor3,Color76)</onclick>
         		<onup>871</onup>
				<ondown>901</ondown>
				<onleft>885</onleft>
				<onright>887</onright>
            </control>
	        <control type="button" id="887">
                <posx>0</posx>
                <posy>0</posy>
                <width>58</width>
                <height>40</height>
                <bordersize></bordersize>
                <texturenofocus colordiffuse="Color77">button-nofocus.png</texturenofocus>
                <texturefocus colordiffuse="Color77">button-focus.png</texturefocus>
			    <onclick>Skin.Reset(HBSolidColor3)</onclick>
			    <onclick>Control.SetFocus(952)</onclick>
				<onclick>Skin.SetString(HBSolidColor3,Color77)</onclick>
         		<onup>872</onup>
				<ondown>902</ondown>
				<onleft>886</onleft>
				<onright>888</onright>
            </control>
            <control type="button" id="888">
                <posx>0</posx>
                <posy>0</posy>
                <width>58</width>
                <height>40</height>
                <bordersize></bordersize>
                <texturenofocus colordiffuse="Color78">button-nofocus.png</texturenofocus>
                <texturefocus colordiffuse="Color78">button-focus.png</texturefocus>
			    <onclick>Skin.Reset(HBSolidColor3)</onclick>
			    <onclick>Control.SetFocus(952)</onclick>
				<onclick>Skin.SetString(HBSolidColor3,Color78)</onclick>
          		<onup>873</onup>
				<ondown>903</ondown>
				<onleft>887</onleft>
				<onright>889</onright>
           </control>
            <control type="button" id="889">
                <posx>0</posx>
                <posy>0</posy>
                <width>58</width>
                <height>40</height>
                <bordersize></bordersize>
                <texturenofocus colordiffuse="Color79">button-nofocus.png</texturenofocus>
                <texturefocus colordiffuse="Color79">button-focus.png</texturefocus>
			    <onclick>Skin.Reset(HBSolidColor3)</onclick>
			    <onclick>Control.SetFocus(952)</onclick>
				<onclick>Skin.SetString(HBSolidColor3,Color79)</onclick>
          		<onup>874</onup>
				<ondown>904</ondown>
				<onleft>888</onleft>
				<onright>890</onright>
            </control>
            <control type="button" id="890">
                <posx>0</posx>
                <posy>0</posy>
                <width>58</width>
                <height>40</height>
                <bordersize></bordersize>
                <texturenofocus colordiffuse="Color80">button-nofocus.png</texturenofocus>
                <texturefocus colordiffuse="Color80">button-focus.png</texturefocus>
			    <onclick>Skin.Reset(HBSolidColor3)</onclick>
			    <onclick>Control.SetFocus(952)</onclick>
				<onclick>Skin.SetString(HBSolidColor3,Color80)</onclick>
           		<onup>875</onup>
				<ondown>905</ondown>
				<onleft>889</onleft>
				<onright>891</onright>
           </control>
	        <control type="button" id="891">
                <posx>0</posx>
                <posy>0</posy>
                <width>58</width>
                <height>40</height>
                <bordersize></bordersize>
                <texturenofocus colordiffuse="Color81">button-nofocus.png</texturenofocus>
                <texturefocus colordiffuse="Color81">button-focus.png</texturefocus>
			    <onclick>Skin.Reset(HBSolidColor3)</onclick>
			    <onclick>Control.SetFocus(952)</onclick>
				<onclick>Skin.SetString(HBSolidColor3,Color81)</onclick>
            	<onup>876</onup>
				<ondown>906</ondown>
				<onleft>890</onleft>
				<onright>892</onright>
           </control>
            <control type="button" id="892">
                <posx>0</posx>
                <posy>0</posy>
                <width>58</width>
                <height>40</height>
                <bordersize></bordersize>
                <texturenofocus colordiffuse="Color82">button-nofocus.png</texturenofocus>
                <texturefocus colordiffuse="Color82">button-focus.png</texturefocus>
			    <onclick>Skin.Reset(HBSolidColor3)</onclick>
			    <onclick>Control.SetFocus(952)</onclick>
				<onclick>Skin.SetString(HBSolidColor3,Color82)</onclick>
            	<onup>877</onup>
				<ondown>907</ondown>
				<onleft>891</onleft>
				<onright>893</onright>
            </control>
            <control type="button" id="893">
                <posx>0</posx>
                <posy>0</posy>
                <width>58</width>
                <height>40</height>
                <bordersize></bordersize>
                <texturenofocus colordiffuse="Color83">button-nofocus.png</texturenofocus>
                <texturefocus colordiffuse="Color83">button-focus.png</texturefocus>
			    <onclick>Skin.Reset(HBSolidColor3)</onclick>
			    <onclick>Control.SetFocus(952)</onclick>
				<onclick>Skin.SetString(HBSolidColor3,Color83)</onclick>
            	<onup>878</onup>
				<ondown>908</ondown>
				<onleft>892</onleft>
				<onright>894</onright>
           </control>
            <control type="button" id="894">
                <posx>0</posx>
                <posy>0</posy>
                <width>58</width>
                <height>40</height>
                <bordersize></bordersize>
                <texturenofocus colordiffuse="Color84">button-nofocus.png</texturenofocus>
                <texturefocus colordiffuse="Color84">button-focus.png</texturefocus>
			    <onclick>Skin.Reset(HBSolidColor3)</onclick>
			    <onclick>Control.SetFocus(952)</onclick>
				<onclick>Skin.SetString(HBSolidColor3,Color84)</onclick>
             	<onup>879</onup>
				<ondown>909</ondown>
				<onleft>893</onleft>
				<onright>895</onright>
            </control>
            <control type="button" id="895">
                <posx>0</posx>
                <posy>0</posy>
                <width>58</width>
                <height>40</height>
                <bordersize></bordersize>
                <texturenofocus colordiffuse="Color85">button-nofocus.png</texturenofocus>
                <texturefocus colordiffuse="Color85">button-focus.png</texturefocus>
			    <onclick>Skin.Reset(HBSolidColor3)</onclick>
			    <onclick>Control.SetFocus(952)</onclick>
				<onclick>Skin.SetString(HBSolidColor3,Color85)</onclick>
              	<onup>880</onup>
				<ondown>910</ondown>
				<onleft>894</onleft>
				<onright>896</onright>
           </control>
            <control type="button" id="896">
                <posx>0</posx>
                <posy>0</posy>
                <width>58</width>
                <height>40</height>
                <bordersize></bordersize>
                <texturenofocus colordiffuse="Color86">button-nofocus.png</texturenofocus>
                <texturefocus colordiffuse="Color86">button-focus.png</texturefocus>
			    <onclick>Skin.Reset(HBSolidColor3)</onclick>
			    <onclick>Control.SetFocus(952)</onclick>
				<onclick>Skin.SetString(HBSolidColor3,Color86)</onclick>
              	<onup>881</onup>
				<ondown>911</ondown>
				<onleft>895</onleft>
				<onright>897</onright>
           </control>
	        <control type="button" id="897">
                <posx>0</posx>
                <posy>0</posy>
                <width>58</width>
                <height>40</height>
                <bordersize></bordersize>
                <texturenofocus colordiffuse="Color87">button-nofocus.png</texturenofocus>
                <texturefocus colordiffuse="Color87">button-focus.png</texturefocus>
			    <onclick>Skin.Reset(HBSolidColor3)</onclick>
			    <onclick>Control.SetFocus(952)</onclick>
				<onclick>Skin.SetString(HBSolidColor3,Color87)</onclick>
              	<onup>882</onup>
				<ondown>912</ondown>
				<onleft>896</onleft>
				<onright>898</onright>
            </control>
            <control type="button" id="898">
                <posx>0</posx>
                <posy>0</posy>
                <width>58</width>
                <height>40</height>
                <bordersize></bordersize>
                <texturenofocus colordiffuse="Color88">button-nofocus.png</texturenofocus>
                <texturefocus colordiffuse="Color88">button-focus.png</texturefocus>
			    <onclick>Skin.Reset(HBSolidColor3)</onclick>
			    <onclick>Control.SetFocus(952)</onclick>
				<onclick>Skin.SetString(HBSolidColor3,Color88)</onclick>
              	<onup>883</onup>
				<ondown>913</ondown>
				<onleft>897</onleft>
				<onright>899</onright>
            </control>
            <control type="button" id="899">
                <posx>0</posx>
                <posy>0</posy>
                <width>58</width>
                <height>40</height>
                <bordersize></bordersize>
                <texturenofocus colordiffuse="Color89">button-nofocus.png</texturenofocus>
                <texturefocus colordiffuse="Color89">button-focus.png</texturefocus>
			    <onclick>Skin.Reset(HBSolidColor3)</onclick>
			    <onclick>Control.SetFocus(952)</onclick>
				<onclick>Skin.SetString(HBSolidColor3,Color89)</onclick>
              	<onup>884</onup>
				<ondown>914</ondown>
				<onleft>898</onleft>
				<onright>900</onright>
            </control>
            <control type="button" id="900">
                <posx>0</posx>
                <posy>0</posy>
                <width>58</width>
                <height>40</height>
                <bordersize></bordersize>
                <texturenofocus colordiffuse="Color90">button-nofocus.png</texturenofocus>
                <texturefocus colordiffuse="Color90">button-focus.png</texturefocus>
			    <onclick>Skin.Reset(HBSolidColor3)</onclick>
			    <onclick>Control.SetFocus(952)</onclick>
				<onclick>Skin.SetString(HBSolidColor3,Color90)</onclick>
              	<onup>885</onup>
				<ondown>915</ondown>
				<onleft>899</onleft>
				<onright>901</onright>
            </control>
		</control>	

		<!-- Color List 7 -->
		<control type="grouplist" id="807">
			<description>Colorlist7</description>
			<posx>25</posx>
			<posy>410</posy>
			<width>960</width>
			<height>45</height>
			<itemgap>5</itemgap>
			<orientation>horizontal</orientation>
			<visible>True</visible>


	        <control type="button" id="901">
                <posx>0</posx>
                <posy>0</posy>
                <width>58</width>
                <height>40</height>
                <bordersize></bordersize>
                <texturenofocus colordiffuse="Color91">button-nofocus.png</texturenofocus>
                <texturefocus colordiffuse="Color91">button-focus.png</texturefocus>
			    <onclick>Skin.Reset(HBSolidColor3)</onclick>
			    <onclick>Control.SetFocus(952)</onclick>
				<onclick>Skin.SetString(HBSolidColor3,Color91)</onclick>
               	<onup>886</onup>
				<ondown>916</ondown>
				<onleft>900</onleft>
				<onright>902</onright>
           </control>
            <control type="button" id="902">
                <posx>0</posx>
                <posy>0</posy>
                <width>58</width>
                <height>40</height>
                <bordersize></bordersize>
                <texturenofocus colordiffuse="Color92">button-nofocus.png</texturenofocus>
                <texturefocus colordiffuse="Color92">button-focus.png</texturefocus>
			    <onclick>Skin.Reset(HBSolidColor3)</onclick>
			    <onclick>Control.SetFocus(952)</onclick>
				<onclick>Skin.SetString(HBSolidColor3,Color92)</onclick>
               	<onup>887</onup>
				<ondown>917</ondown>
				<onleft>901</onleft>
				<onright>903</onright>
            </control>
            <control type="button" id="903">
                <posx>0</posx>
                <posy>0</posy>
                <width>58</width>
                <height>40</height>
                <bordersize></bordersize>
                <texturenofocus colordiffuse="Color93">button-nofocus.png</texturenofocus>
                <texturefocus colordiffuse="Color93">button-focus.png</texturefocus>
			    <onclick>Skin.Reset(HBSolidColor3)</onclick>
			    <onclick>Control.SetFocus(952)</onclick>
				<onclick>Skin.SetString(HBSolidColor3,Color93)</onclick>
               	<onup>888</onup>
				<ondown>918</ondown>
				<onleft>902</onleft>
				<onright>904</onright>
            </control>
            <control type="button" id="904">
                <posx>0</posx>
                <posy>0</posy>
                <width>58</width>
                <height>40</height>
                <bordersize></bordersize>
                <texturenofocus colordiffuse="Color94">button-nofocus.png</texturenofocus>
                <texturefocus colordiffuse="Color94">button-focus.png</texturefocus>
			    <onclick>Skin.Reset(HBSolidColor3)</onclick>
			    <onclick>Control.SetFocus(952)</onclick>
				<onclick>Skin.SetString(HBSolidColor3,Color94)</onclick>
               	<onup>889</onup>
				<ondown>919</ondown>
				<onleft>903</onleft>
				<onright>905</onright>
            </control>
            <control type="button" id="905">
                <posx>0</posx>
                <posy>0</posy>
                <width>58</width>
                <height>40</height>
                <bordersize></bordersize>
                <texturenofocus colordiffuse="Color95">button-nofocus.png</texturenofocus>
                <texturefocus colordiffuse="Color95">button-focus.png</texturefocus>
			    <onclick>Skin.Reset(HBSolidColor3)</onclick>
			    <onclick>Control.SetFocus(952)</onclick>
				<onclick>Skin.SetString(HBSolidColor3,Color95)</onclick>
               	<onup>890</onup>
				<ondown>920</ondown>
				<onleft>904</onleft>
				<onright>906</onright>
            </control>
            <control type="button" id="906">
                <posx>0</posx>
                <posy>0</posy>
                <width>58</width>
                <height>40</height>
                <bordersize></bordersize>
                <texturenofocus colordiffuse="Color96">button-nofocus.png</texturenofocus>
                <texturefocus colordiffuse="Color96">button-focus.png</texturefocus>
			    <onclick>Skin.Reset(HBSolidColor3)</onclick>
			    <onclick>Control.SetFocus(952)</onclick>
				<onclick>Skin.SetString(HBSolidColor3,Color96)</onclick>
                <onup>891</onup>
				<ondown>921</ondown>
				<onleft>905</onleft>
				<onright>907</onright>
           </control>
	        <control type="button" id="907">
                <posx>0</posx>
                <posy>0</posy>
                <width>58</width>
                <height>40</height>
                <bordersize></bordersize>
                <texturenofocus colordiffuse="Color97">button-nofocus.png</texturenofocus>
                <texturefocus colordiffuse="Color97">button-focus.png</texturefocus>
			    <onclick>Skin.Reset(HBSolidColor3)</onclick>
			    <onclick>Control.SetFocus(952)</onclick>
				<onclick>Skin.SetString(HBSolidColor3,Color97)</onclick>
                <onup>892</onup>
				<ondown>922</ondown>
				<onleft>906</onleft>
				<onright>908</onright>
           </control>
            <control type="button" id="908">
                <posx>0</posx>
                <posy>0</posy>
                <width>58</width>
                <height>40</height>
                <bordersize></bordersize>
                <texturenofocus colordiffuse="Color98">button-nofocus.png</texturenofocus>
                <texturefocus colordiffuse="Color98">button-focus.png</texturefocus>
			    <onclick>Skin.Reset(HBSolidColor3)</onclick>
			    <onclick>Control.SetFocus(952)</onclick>
				<onclick>Skin.SetString(HBSolidColor3,Color98)</onclick>
                <onup>893</onup>
				<ondown>923</ondown>
				<onleft>907</onleft>
				<onright>909</onright>
            </control>
            <control type="button" id="909">
                <posx>0</posx>
                <posy>0</posy>
                <width>58</width>
                <height>40</height>
                <bordersize></bordersize>
                <texturenofocus colordiffuse="Color99">button-nofocus.png</texturenofocus>
                <texturefocus colordiffuse="Color99">button-focus.png</texturefocus>
			    <onclick>Skin.Reset(HBSolidColor3)</onclick>
			    <onclick>Control.SetFocus(952)</onclick>
				<onclick>Skin.SetString(HBSolidColor3,Color99)</onclick>
                <onup>894</onup>
				<ondown>924</ondown>
				<onleft>908</onleft>
				<onright>910</onright>
            </control>
            <control type="button" id="910">
                <posx>0</posx>
                <posy>0</posy>
                <width>58</width>
                <height>40</height>
                <bordersize></bordersize>
                <texturenofocus colordiffuse="Color100">button-nofocus.png</texturenofocus>
                <texturefocus colordiffuse="Color100">button-focus.png</texturefocus>
			    <onclick>Skin.Reset(HBSolidColor3)</onclick>
			    <onclick>Control.SetFocus(952)</onclick>
				<onclick>Skin.SetString(HBSolidColor3,Color100)</onclick>
                <onup>895</onup>
				<ondown>925</ondown>
				<onleft>909</onleft>
				<onright>911</onright>
            </control>
	        <control type="button" id="911">
                <posx>0</posx>
                <posy>0</posy>
                <width>58</width>
                <height>40</height>
                <bordersize></bordersize>
                <texturenofocus colordiffuse="Color101">button-nofocus.png</texturenofocus>
                <texturefocus colordiffuse="Color101">button-focus.png</texturefocus>
			    <onclick>Skin.Reset(HBSolidColor3)</onclick>
			    <onclick>Control.SetFocus(952)</onclick>
				<onclick>Skin.SetString(HBSolidColor3,Color101)</onclick>
                <onup>896</onup>
				<ondown>926</ondown>
				<onleft>910</onleft>
				<onright>912</onright>
           </control>
            <control type="button" id="912">
                <posx>0</posx>
                <posy>0</posy>
                <width>58</width>
                <height>40</height>
                <bordersize></bordersize>
                <texturenofocus colordiffuse="Color102">button-nofocus.png</texturenofocus>
                <texturefocus colordiffuse="Color102">button-focus.png</texturefocus>
			    <onclick>Skin.Reset(HBSolidColor3)</onclick>
			    <onclick>Control.SetFocus(952)</onclick>
				<onclick>Skin.SetString(HBSolidColor3,Color102)</onclick>
                <onup>897</onup>
				<ondown>927</ondown>
				<onleft>911</onleft>
				<onright>913</onright>
            </control>
            <control type="button" id="913">
                <posx>0</posx>
                <posy>0</posy>
                <width>58</width>
                <height>40</height>
                <bordersize></bordersize>
                <texturenofocus colordiffuse="Color103">button-nofocus.png</texturenofocus>
                <texturefocus colordiffuse="Color103">button-focus.png</texturefocus>
			    <onclick>Skin.Reset(HBSolidColor3)</onclick>
			    <onclick>Control.SetFocus(952)</onclick>
				<onclick>Skin.SetString(HBSolidColor3,Color103)</onclick>
                <onup>898</onup>
				<ondown>928</ondown>
				<onleft>912</onleft>
				<onright>914</onright>
            </control>
            <control type="button" id="914">
                <posx>0</posx>
                <posy>0</posy>
                <width>58</width>
                <height>40</height>
                <bordersize></bordersize>
                <texturenofocus colordiffuse="Color104">button-nofocus.png</texturenofocus>
                <texturefocus colordiffuse="Color104">button-focus.png</texturefocus>
			    <onclick>Skin.Reset(HBSolidColor3)</onclick>
			    <onclick>Control.SetFocus(952)</onclick>
				<onclick>Skin.SetString(HBSolidColor3,Color104)</onclick>
                <onup>899</onup>
				<ondown>929</ondown>
				<onleft>913</onleft>
				<onright>915</onright>
            </control>
            <control type="button" id="915">
                <posx>0</posx>
                <posy>0</posy>
                <width>58</width>
                <height>40</height>
                <bordersize></bordersize>
                <texturenofocus colordiffuse="Color105">button-nofocus.png</texturenofocus>
                <texturefocus colordiffuse="Color105">button-focus.png</texturefocus>
			    <onclick>Skin.Reset(HBSolidColor3)</onclick>
			    <onclick>Control.SetFocus(952)</onclick>
				<onclick>Skin.SetString(HBSolidColor3,Color105)</onclick>
                <onup>900</onup>
				<ondown>930</ondown>
				<onleft>914</onleft>
				<onright>916</onright>
            </control>
		</control>	

		<!-- Color List 8 -->
		<control type="grouplist" id="808">
			<description>Colorlist8</description>
			<posx>25</posx>
			<posy>455</posy>
			<width>960</width>
			<height>45</height>
			<itemgap>5</itemgap>
			<orientation>horizontal</orientation>
			<visible>True</visible>


            <control type="button" id="916">
                <posx>0</posx>
                <posy>0</posy>
                <width>58</width>
                <height>40</height>
                <bordersize></bordersize>
                <texturenofocus colordiffuse="Color106">button-nofocus.png</texturenofocus>
                <texturefocus colordiffuse="Color106">button-focus.png</texturefocus>
			    <onclick>Skin.Reset(HBSolidColor3)</onclick>
			    <onclick>Control.SetFocus(952)</onclick>
				<onclick>Skin.SetString(HBSolidColor3,Color106)</onclick>
                <onup>901</onup>
				<ondown>931</ondown>
				<onleft>915</onleft>
				<onright>917</onright>
             </control>
	        <control type="button" id="917">
                <posx>0</posx>
                <posy>0</posy>
                <width>58</width>
                <height>40</height>
                <bordersize></bordersize>
                <texturenofocus colordiffuse="Color107">button-nofocus.png</texturenofocus>
                <texturefocus colordiffuse="Color107">button-focus.png</texturefocus>
			    <onclick>Skin.Reset(HBSolidColor3)</onclick>
			    <onclick>Control.SetFocus(952)</onclick>
				<onclick>Skin.SetString(HBSolidColor3,Color107)</onclick>
                <onup>902</onup>
				<ondown>932</ondown>
				<onleft>916</onleft>
				<onright>918</onright>
            </control>
            <control type="button" id="918">
                <posx>0</posx>
                <posy>0</posy>
                <width>58</width>
                <height>40</height>
                <bordersize></bordersize>
                <texturenofocus colordiffuse="Color108">button-nofocus.png</texturenofocus>
                <texturefocus colordiffuse="Color108">button-focus.png</texturefocus>
			    <onclick>Skin.Reset(HBSolidColor3)</onclick>
			    <onclick>Control.SetFocus(952)</onclick>
				<onclick>Skin.SetString(HBSolidColor3,Color108)</onclick>
                <onup>903</onup>
				<ondown>933</ondown>
				<onleft>917</onleft>
				<onright>919</onright>
            </control>
            <control type="button" id="919">
                <posx>0</posx>
                <posy>0</posy>
                <width>58</width>
                <height>40</height>
                <bordersize></bordersize>
                <texturenofocus colordiffuse="Color109">button-nofocus.png</texturenofocus>
                <texturefocus colordiffuse="Color109">button-focus.png</texturefocus>
			    <onclick>Skin.Reset(HBSolidColor3)</onclick>
			    <onclick>Control.SetFocus(952)</onclick>
				<onclick>Skin.SetString(HBSolidColor3,Color109)</onclick>
                <onup>904</onup>
				<ondown>934</ondown>
				<onleft>918</onleft>
				<onright>920</onright>
           </control>
            <control type="button" id="920">
                <posx>0</posx>
                <posy>0</posy>
                <width>58</width>
                <height>40</height>
                <bordersize></bordersize>
                <texturenofocus colordiffuse="Color110">button-nofocus.png</texturenofocus>
                <texturefocus colordiffuse="Color110">button-focus.png</texturefocus>
			    <onclick>Skin.Reset(HBSolidColor3)</onclick>
			    <onclick>Control.SetFocus(952)</onclick>
				<onclick>Skin.SetString(HBSolidColor3,Color110)</onclick>
                <onup>905</onup>
				<ondown>935</ondown>
				<onleft>919</onleft>
				<onright>921</onright>
            </control>
	        <control type="button" id="921">
                <posx>0</posx>
                <posy>0</posy>
                <width>58</width>
                <height>40</height>
                <bordersize></bordersize>
                <texturenofocus colordiffuse="Color111">button-nofocus.png</texturenofocus>
                <texturefocus colordiffuse="Color111">button-focus.png</texturefocus>
			    <onclick>Skin.Reset(HBSolidColor3)</onclick>
			    <onclick>Control.SetFocus(952)</onclick>
				<onclick>Skin.SetString(HBSolidColor3,Color111)</onclick>
                <onup>906</onup>
				<ondown>936</ondown>
				<onleft>920</onleft>
				<onright>922</onright>
            </control>
            <control type="button" id="922">
                <posx>0</posx>
                <posy>0</posy>
                <width>58</width>
                <height>40</height>
                <bordersize></bordersize>
                <texturenofocus colordiffuse="Color112">button-nofocus.png</texturenofocus>
                <texturefocus colordiffuse="Color112">button-focus.png</texturefocus>
			    <onclick>Skin.Reset(HBSolidColor3)</onclick>
			    <onclick>Control.SetFocus(952)</onclick>
				<onclick>Skin.SetString(HBSolidColor3,Color112)</onclick>
                <onup>907</onup>
				<ondown>937</ondown>
				<onleft>921</onleft>
				<onright>923</onright>
            </control>
            <control type="button" id="923">
                <posx>0</posx>
                <posy>0</posy>
                <width>58</width>
                <height>40</height>
                <bordersize></bordersize>
                <texturenofocus colordiffuse="Color113">button-nofocus.png</texturenofocus>
                <texturefocus colordiffuse="Color113">button-focus.png</texturefocus>
			    <onclick>Skin.Reset(HBSolidColor3)</onclick>
			    <onclick>Control.SetFocus(952)</onclick>
				<onclick>Skin.SetString(HBSolidColor3,Color113)</onclick>
                <onup>908</onup>
				<ondown>938</ondown>
				<onleft>922</onleft>
				<onright>924</onright>
            </control>
            <control type="button" id="924">
                <posx>0</posx>
                <posy>0</posy>
                <width>58</width>
                <height>40</height>
                <bordersize></bordersize>
                <texturenofocus colordiffuse="Color114">button-nofocus.png</texturenofocus>
                <texturefocus colordiffuse="Color114">button-focus.png</texturefocus>
			    <onclick>Skin.Reset(HBSolidColor3)</onclick>
			    <onclick>Control.SetFocus(952)</onclick>
				<onclick>Skin.SetString(HBSolidColor3,Color114)</onclick>
                <onup>909</onup>
				<ondown>939</ondown>
				<onleft>923</onleft>
				<onright>925</onright>
            </control>
            <control type="button" id="925">
                <posx>0</posx>
                <posy>0</posy>
                <width>58</width>
                <height>40</height>
                <bordersize></bordersize>
                <texturenofocus colordiffuse="Color115">button-nofocus.png</texturenofocus>
                <texturefocus colordiffuse="Color115">button-focus.png</texturefocus>
			    <onclick>Skin.Reset(HBSolidColor3)</onclick>
			    <onclick>Control.SetFocus(952)</onclick>
				<onclick>Skin.SetString(HBSolidColor3,Color115)</onclick>
                <onup>910</onup>
				<ondown>940</ondown>
				<onleft>924</onleft>
				<onright>926</onright>
            </control>
            <control type="button" id="926">
                <posx>0</posx>
                <posy>0</posy>
                <width>58</width>
                <height>40</height>
                <bordersize></bordersize>
                <texturenofocus colordiffuse="Color116">button-nofocus.png</texturenofocus>
                <texturefocus colordiffuse="Color116">button-focus.png</texturefocus>
			    <onclick>Skin.Reset(HBSolidColor3)</onclick>
			    <onclick>Control.SetFocus(952)</onclick>
				<onclick>Skin.SetString(HBSolidColor3,Color116)</onclick>
                <onup>911</onup>
				<ondown>941</ondown>
				<onleft>925</onleft>
				<onright>926</onright>
            </control>
	        <control type="button" id="927">
                <posx>0</posx>
                <posy>0</posy>
                <width>58</width>
                <height>40</height>
                <bordersize></bordersize>
                <texturenofocus colordiffuse="Color117">button-nofocus.png</texturenofocus>
                <texturefocus colordiffuse="Color117">button-focus.png</texturefocus>
			    <onclick>Skin.Reset(HBSolidColor3)</onclick>
			    <onclick>Control.SetFocus(952)</onclick>
				<onclick>Skin.SetString(HBSolidColor3,Color117)</onclick>
                <onup>912</onup>
				<ondown>942</ondown>
				<onleft>926</onleft>
				<onright>928</onright>
            </control>
            <control type="button" id="928">
                <posx>0</posx>
                <posy>0</posy>
                <width>58</width>
                <height>40</height>
                <bordersize></bordersize>
                <texturenofocus colordiffuse="Color118">button-nofocus.png</texturenofocus>
                <texturefocus colordiffuse="Color118">button-focus.png</texturefocus>
			    <onclick>Skin.Reset(HBSolidColor3)</onclick>
			    <onclick>Control.SetFocus(952)</onclick>
				<onclick>Skin.SetString(HBSolidColor3,Color118)</onclick>
                <onup>913</onup>
				<ondown>943</ondown>
				<onleft>927</onleft>
				<onright>929</onright>
            </control>
            <control type="button" id="929">
                <posx>0</posx>
                <posy>0</posy>
                <width>58</width>
                <height>40</height>
                <bordersize></bordersize>
                <texturenofocus colordiffuse="Color119">button-nofocus.png</texturenofocus>
                <texturefocus colordiffuse="Color119">button-focus.png</texturefocus>
			    <onclick>Skin.Reset(HBSolidColor3)</onclick>
			    <onclick>Control.SetFocus(952)</onclick>
				<onclick>Skin.SetString(HBSolidColor3,Color119)</onclick>
                <onup>914</onup>
				<ondown>944</ondown>
				<onleft>928</onleft>
				<onright>930</onright>
            </control>
            <control type="button" id="930">
                <posx>0</posx>
                <posy>0</posy>
                <width>58</width>
                <height>40</height>
                <bordersize></bordersize>
                <texturenofocus colordiffuse="Color120">button-nofocus.png</texturenofocus>
                <texturefocus colordiffuse="Color120">button-focus.png</texturefocus>
			    <onclick>Skin.Reset(HBSolidColor3)</onclick>
			    <onclick>Control.SetFocus(952)</onclick>
				<onclick>Skin.SetString(HBSolidColor3,Color120)</onclick>
                <onup>915</onup>
				<ondown>945</ondown>
				<onleft>929</onleft>
				<onright>931</onright>
            </control>
		</control>	

		<!-- Color List 9 -->
		<control type="grouplist" id="809">
			<description>Colorlist9</description>
			<posx>25</posx>
			<posy>500</posy>
			<width>960</width>
			<height>45</height>
			<itemgap>5</itemgap>
			<orientation>horizontal</orientation>
			<visible>True</visible>


	        <control type="button" id="931">
                <posx>0</posx>
                <posy>0</posy>
                <width>58</width>
                <height>40</height>
                <bordersize></bordersize>
                <texturenofocus colordiffuse="Color121">button-nofocus.png</texturenofocus>
                <texturefocus colordiffuse="Color121">button-focus.png</texturefocus>
			    <onclick>Skin.Reset(HBSolidColor3)</onclick>
			    <onclick>Control.SetFocus(952)</onclick>
				<onclick>Skin.SetString(HBSolidColor3,Color121)</onclick>
                <onup>916</onup>
				<ondown>950</ondown>
				<onleft>930</onleft>
				<onright>932</onright>
            </control>
            <control type="button" id="932">
                <posx>0</posx>
                <posy>0</posy>
                <width>58</width>
                <height>40</height>
                <bordersize></bordersize>
                <texturenofocus colordiffuse="Color122">button-nofocus.png</texturenofocus>
                <texturefocus colordiffuse="Color122">button-focus.png</texturefocus>
			    <onclick>Skin.Reset(HBSolidColor3)</onclick>
			    <onclick>Control.SetFocus(952)</onclick>
				<onclick>Skin.SetString(HBSolidColor3,Color122)</onclick>
                <onup>917</onup>
				<ondown>946</ondown>
				<onleft>931</onleft>
				<onright>933</onright>
           </control>
            <control type="button" id="933">
                <posx>0</posx>
                <posy>0</posy>
                <width>58</width>
                <height>40</height>
                <bordersize></bordersize>
                <texturenofocus colordiffuse="Color123">button-nofocus.png</texturenofocus>
                <texturefocus colordiffuse="Color123">button-focus.png</texturefocus>
			    <onclick>Skin.Reset(HBSolidColor3)</onclick>
			    <onclick>Control.SetFocus(952)</onclick>
				<onclick>Skin.SetString(HBSolidColor3,Color123)</onclick>
                <onup>918</onup>
				<ondown>950</ondown>
				<onleft>932</onleft>
				<onright>934</onright>
            </control>
            <control type="button" id="934">
                <posx>0</posx>
                <posy>0</posy>
                <width>58</width>
                <height>40</height>
                <bordersize></bordersize>
                <texturenofocus colordiffuse="Color124">button-nofocus.png</texturenofocus>
                <texturefocus colordiffuse="Color124">button-focus.png</texturefocus>
			    <onclick>Skin.Reset(HBSolidColor3)</onclick>
			    <onclick>Control.SetFocus(952)</onclick>
				<onclick>Skin.SetString(HBSolidColor3,Color124)</onclick>
                <onup>919</onup>
				<ondown>950</ondown>
				<onleft>933</onleft>
				<onright>935</onright>
            </control>
            <control type="button" id="935">
                <posx>0</posx>
                <posy>0</posy>
                <width>58</width>
                <height>40</height>
                <bordersize></bordersize>
                <texturenofocus colordiffuse="Color125">button-nofocus.png</texturenofocus>
                <texturefocus colordiffuse="Color125">button-focus.png</texturefocus>
			    <onclick>Skin.Reset(HBSolidColor3)</onclick>
			    <onclick>Control.SetFocus(952)</onclick>
				<onclick>Skin.SetString(HBSolidColor3,Color125)</onclick>
                <onup>920</onup>
				<ondown>950</ondown>
				<onleft>934</onleft>
				<onright>936</onright>
            </control>
            <control type="button" id="936">
                <posx>0</posx>
                <posy>0</posy>
                <width>58</width>
                <height>40</height>
                <bordersize></bordersize>
                <texturenofocus colordiffuse="Color126">button-nofocus.png</texturenofocus>
                <texturefocus colordiffuse="Color126">button-focus.png</texturefocus>
			    <onclick>Skin.Reset(HBSolidColor3)</onclick>
			    <onclick>Control.SetFocus(952)</onclick>
				<onclick>Skin.SetString(HBSolidColor3,Color126)</onclick>
                <onup>921</onup>
				<ondown>950</ondown>
				<onleft>935</onleft>
				<onright>937</onright>
           </control>
	        <control type="button" id="937">
                <posx>0</posx>
                <posy>0</posy>
                <width>58</width>
                <height>40</height>
                <bordersize></bordersize>
                <texturenofocus colordiffuse="Color127">button-nofocus.png</texturenofocus>
                <texturefocus colordiffuse="Color127">button-focus.png</texturefocus>
			    <onclick>Skin.Reset(HBSolidColor3)</onclick>
			    <onclick>Control.SetFocus(952)</onclick>
				<onclick>Skin.SetString(HBSolidColor3,Color127)</onclick>
                <onup>922</onup>
				<ondown>950</ondown>
				<onleft>936</onleft>
				<onright>938</onright>
             </control>
            <control type="button" id="938">
                <posx>0</posx>
                <posy>0</posy>
                <width>58</width>
                <height>40</height>
                <bordersize></bordersize>
                <texturenofocus colordiffuse="Color128">button-nofocus.png</texturenofocus>
                <texturefocus colordiffuse="Color128">button-focus.png</texturefocus>
			    <onclick>Skin.Reset(HBSolidColor3)</onclick>
			    <onclick>Control.SetFocus(952)</onclick>
				<onclick>Skin.SetString(HBSolidColor3,Color128)</onclick>
                <onup>923</onup>
				<ondown>950</ondown>
				<onleft>937</onleft>
				<onright>939</onright>
            </control>
            <control type="button" id="939">
                <posx>0</posx>
                <posy>0</posy>
                <width>58</width>
                <height>40</height>
                <bordersize></bordersize>
                <texturenofocus colordiffuse="Color129">button-nofocus.png</texturenofocus>
                <texturefocus colordiffuse="Color129">button-focus.png</texturefocus>
			    <onclick>Skin.Reset(HBSolidColor3)</onclick>
			    <onclick>Control.SetFocus(952)</onclick>
				<onclick>Skin.SetString(HBSolidColor3,Color129)</onclick>
                <onup>924</onup>
				<ondown>950</ondown>
				<onleft>938</onleft>
				<onright>940</onright>
            </control>
            <control type="button" id="940">
                <posx>0</posx>
                <posy>0</posy>
                <width>58</width>
                <height>40</height>
                <bordersize></bordersize>
                <texturenofocus colordiffuse="Color130">button-nofocus.png</texturenofocus>
                <texturefocus colordiffuse="Color130">button-focus.png</texturefocus>
			    <onclick>Skin.Reset(HBSolidColor3)</onclick>
			    <onclick>Control.SetFocus(952)</onclick>
				<onclick>Skin.SetString(HBSolidColor3,Color130)</onclick>
                <onup>925</onup>
				<ondown>950</ondown>
				<onleft>939</onleft>
				<onright>941</onright>
            </control>
	        <control type="button" id="941">
                <posx>0</posx>
                <posy>0</posy>
                <width>58</width>
                <height>40</height>
                <bordersize></bordersize>
                <texturenofocus colordiffuse="Color131">button-nofocus.png</texturenofocus>
                <texturefocus colordiffuse="Color131">button-focus.png</texturefocus>
			    <onclick>Skin.Reset(HBSolidColor3)</onclick>
			    <onclick>Control.SetFocus(952)</onclick>
				<onclick>Skin.SetString(HBSolidColor3,Color131)</onclick>
                <onup>926</onup>
				<ondown>950</ondown>
				<onleft>940</onleft>
				<onright>942</onright>
            </control>
            <control type="button" id="942">
                <posx>0</posx>
                <posy>0</posy>
                <width>58</width>
                <height>40</height>
                <bordersize></bordersize>
                <texturenofocus colordiffuse="Color132">button-nofocus.png</texturenofocus>
                <texturefocus colordiffuse="Color132">button-focus.png</texturefocus>
			    <onclick>Skin.Reset(HBSolidColor3)</onclick>
			    <onclick>Control.SetFocus(952)</onclick>
				<onclick>Skin.SetString(HBSolidColor3,Color132)</onclick>
                <onup>927</onup>
				<ondown>950</ondown>
				<onleft>941</onleft>
				<onright>943</onright>
            </control>
            <control type="button" id="943">
                <posx>0</posx>
                <posy>0</posy>
                <width>58</width>
                <height>40</height>
                <bordersize></bordersize>
                <texturenofocus colordiffuse="Color133">button-nofocus.png</texturenofocus>
                <texturefocus colordiffuse="Color133">button-focus.png</texturefocus>
			    <onclick>Skin.Reset(HBSolidColor3)</onclick>
			    <onclick>Control.SetFocus(952)</onclick>
				<onclick>Skin.SetString(HBSolidColor3,Color133)</onclick>
                <onup>928</onup>
				<ondown>950</ondown>
				<onleft>942</onleft>
				<onright>944</onright>
            </control>
            <control type="button" id="944">
                <posx>0</posx>
                <posy>0</posy>
                <width>58</width>
                <height>40</height>
                <bordersize></bordersize>
                <texturenofocus colordiffuse="Color134">button-nofocus.png</texturenofocus>
                <texturefocus colordiffuse="Color134">button-focus.png</texturefocus>
			    <onclick>Skin.Reset(HBSolidColor3)</onclick>
			    <onclick>Control.SetFocus(952)</onclick>
				<onclick>Skin.SetString(HBSolidColor3,Color134)</onclick>
                <onup>929</onup>
				<ondown>950</ondown>
				<onleft>943</onleft>
				<onright>945</onright>
            </control>
            <control type="button" id="945">
                <posx>0</posx>
                <posy>0</posy>
                <width>58</width>
                <height>40</height>
                <bordersize></bordersize>
                <texturenofocus colordiffuse="Color135">button-nofocus.png</texturenofocus>
                <texturefocus colordiffuse="Color135">button-focus.png</texturefocus>
			    <onclick>Skin.Reset(HBSolidColor3)</onclick>
			    <onclick>Control.SetFocus(952)</onclick>
				<onclick>Skin.SetString(HBSolidColor3,Color135)</onclick>
                <onup>930</onup>
				<ondown>950</ondown>
				<onleft>944</onleft>
				<onright>950</onright>
            </control>
		</control>

		<!-- Button Area -->
		<control type="group">
			<description>Colorlist10</description>
			<posx>0</posx>
			<posy>560</posy>
			<width>1000</width>
			<height>50</height>
			<visible>True</visible>

            <control type="image">
                <description>Hintergrund</description>
				<posx>0</posx>
				<posy>0</posy>
                <posx>0</posx>
                <posy>0</posy>
                <width>1000</width>
                <height>70</height>
                <texture>menuitem_white_nf.png</texture>
            </control>
			<control type="button" id="950">
				<posx>150</posx>
				<posy>10</posy>
				<height>50</height>
			   	<width>280</width>
				<font>font24_title</font>
				<align>center</align>
				<aligny>center</aligny>
				<label>$LOCALIZE[31191]</label>  
				<textcolor>white</textcolor>
				<focusedcolor>$VAR[CustomColorFocus]</focusedcolor>
				<texturefocus border="0,2,0,2">button_outline_black.png</texturefocus>
			    <texturenofocus border="0,2,0,2">button_outline_black_f.png</texturenofocus>
			    <onclick>Skin.Reset(HBSolidColor3)</onclick>
			    <onclick>Control.SetFocus(952)</onclick>
				<onclick>Skin.SetString(HBSolidColor3)</onclick>
                <onup>945</onup>
				<ondown>951</ondown>
				<onleft></onleft>
				<onright></onright>
			</control> 
			<control type="label">
				<posx>500</posx>
				<posy>10</posy>
				<height>50</height>
				<width>270</width>
				<font>font24_title</font>
				<label>$LOCALIZE[31190]</label>
				<textcolor>white</textcolor>
				<align>left</align>
				<aligny>center</aligny>
			</control>
            <control type="image">
                <description>Farbfeld</description>
				<posx>700</posx>
				<posy>15</posy>
                <width>100</width>
                <height>40</height>
                <texture colordiffuse="$INFO[Skin.String(HBSolidColor3)]">button-nofocus.png</texture>
            </control>
            				
		</control>

		<control type="grouplist">
			<description>Button area</description>
			<posx>300</posx>
			<posy>640</posy>
			<width>1000</width>
			<height>50</height>
			<orientation>horizontal</orientation>
			<itemgap>50</itemgap>
			<pagecontrol></pagecontrol>
			<visible>true</visible>
 -->

			<control type="button" id="951">
				<height>50</height>
			    <width>220</width>
				<font>font22_title</font>
				<textcolor>white</textcolor>
				<label>$LOCALIZE[31208]</label>
				<align>center</align>
				<focusedcolor>$VAR[CustomColorFocus]</focusedcolor>
				<texturefocus border="0,2,0,2">button_outline2.png</texturefocus>
				<texturenofocus border="0,2,0,2">button_outline2.png</texturenofocus>
			    <onclick>Skin.SetString(HBSolidColor3,black)</onclick>
			</control>
			<control type="button" id="952">
				<height>50</height>
			    <width>170</width>
				<font>font22_title</font>
				<textcolor>white</textcolor>
				<label>OK</label>
				<align>center</align>
				<focusedcolor>$VAR[CustomColorFocus]</focusedcolor>
				<texturefocus border="0,2,0,2">button_outline2.png</texturefocus>
				<texturenofocus border="0,2,0,2">button_outline2.png</texturenofocus>
				<onclick>ActivateWindow(1113)</onclick>
				<onclick>Skin.Reset(ChangeButtonBGColor)</onclick>
				<onclick>Dialog.Close(1124)</onclick>
                <onup>950</onup>
				<ondown></ondown>
				<onleft>951</onleft>
				<onright></onright>
			</control>

		</control>	
	</control>
	</include>

</includes>