<?xml version="1.0" encoding="UTF-8"?>
<window type="dialog" id="1123">
	<defaultcontrol always="true">100</defaultcontrol>
	<include>16x9_xPos_Relocation</include>
	<include>Window_OpenClose_Animation_Zoom</include>
	<coordinates>
		<posx>280</posx>
		<posy>90</posy>
	</coordinates>
	<controls>
		<include>BehindDialogFadeOut</include>
		<control type="image">
			<posx>0</posx>
			<posy>0</posy>
			<width>800</width>
			<height>80</height>
			<texture border="5">dialog_header.png</texture>
		</control>
		<control type="image">
			<posx>0</posx>
			<posy>80</posy>
			<width>800</width>
			<height>720</height>
			<texture>dialog_back.png</texture>
		</control>
		<control type="group">
			<posx>710</posx>
			<posy>0</posy>
			<include>DialogCloseButtonCommons</include>
		</control>

		<control type="grouplist" id="100">
			<description>control area</description>
			<posx>0</posx>
			<posy>80</posy>
			<width>800</width>
			<height>720</height>
			<ondown>100</ondown>
			<onup>100</onup>
			<onleft>2</onleft>
			<onright>30</onright>
			<itemgap>-1</itemgap>
			<pagecontrol>60</pagecontrol>
			<control type="button" id="101">
				<description>Field A</description>
				<height>80</height>
				<width>734</width>
				<font>font30_title</font>
				<focusedcolor>selected</focusedcolor>
				<textcolor>white</textcolor>
				<texturefocus>list_focus.png</texturefocus>
				<texturenofocus border="40,0,40,5">list_nofocus.png</texturenofocus>
				<label>$ADDON[plugin.program.piwire 30011]</label>
				<onclick>Skin.SetString(Tempsensor,A)</onclick>
				<onclick>Dialog.Close(1123)</onclick>
			</control>
			<control type="button" id="102">
				<description>Field B</description>
				<height>80</height>
				<width>734</width>
				<font>font30_title</font>
				<focusedcolor>selected</focusedcolor>
				<textcolor>white</textcolor>
				<texturefocus>list_focus.png</texturefocus>
				<texturenofocus border="40,0,40,5">list_nofocus.png</texturenofocus>
				<label>$ADDON[plugin.program.piwire 30012]</label>
				<onclick>Skin.SetString(Tempsensor,B)</onclick>
				<onclick>Dialog.Close(1123)</onclick>
			</control>
			<control type="button" id="103">
				<description>Field C</description>
				<height>80</height>
				<width>734</width>
				<font>font30_title</font>
				<focusedcolor>selected</focusedcolor>
				<textcolor>white</textcolor>
				<texturefocus>list_focus.png</texturefocus>
				<texturenofocus border="40,0,40,5">list_nofocus.png</texturenofocus>
				<label>$ADDON[plugin.program.piwire 30013]</label>
				<onclick>Skin.SetString(Tempsensor,C)</onclick>
				<onclick>Dialog.Close(1123)</onclick>
			</control>
			<control type="button" id="104">
				<description>Field D</description>
				<height>80</height>
				<width>734</width>
				<font>font30_title</font>
				<focusedcolor>selected</focusedcolor>
				<textcolor>white</textcolor>
				<texturefocus>list_focus.png</texturefocus>
				<texturenofocus border="40,0,40,5">list_nofocus.png</texturenofocus>
				<label>$ADDON[plugin.program.piwire 30014]</label>
				<onclick>Skin.SetString(Tempsensor,D)</onclick>
				<onclick>Dialog.Close(1123)</onclick>
			</control>
			<control type="button" id="105">
				<description>Field E</description>
				<height>80</height>
				<width>734</width>
				<font>font30_title</font>
				<focusedcolor>selected</focusedcolor>
				<textcolor>white</textcolor>
				<texturefocus>list_focus.png</texturefocus>
				<texturenofocus border="40,0,40,5">list_nofocus.png</texturenofocus>
				<label>$ADDON[plugin.program.piwire 30015]</label>
				<onclick>Skin.SetString(Tempsensor,E)</onclick>
				<onclick>Dialog.Close(1123)</onclick>
			</control>
			<control type="button" id="106">
				<description>Field F</description>
				<height>80</height>
				<width>734</width>
				<font>font30_title</font>
				<focusedcolor>selected</focusedcolor>
				<textcolor>white</textcolor>
				<texturefocus>list_focus.png</texturefocus>
				<texturenofocus border="40,0,40,5">list_nofocus.png</texturenofocus>
				<label>$ADDON[plugin.program.piwire 30016]</label>
				<onclick>Skin.SetString(Tempsensor,F)</onclick>
				<onclick>Dialog.Close(1123)</onclick>
			</control>
			<control type="button" id="107">
				<description>Field G</description>
				<height>80</height>
				<width>734</width>
				<font>font30_title</font>
				<focusedcolor>selected</focusedcolor>
				<textcolor>white</textcolor>
				<texturefocus>list_focus.png</texturefocus>
				<texturenofocus border="40,0,40,5">list_nofocus.png</texturenofocus>
				<label>$ADDON[plugin.program.piwire 30017]</label>
				<onclick>Skin.SetString(Tempsensor,G)</onclick>
				<onclick>Dialog.Close(1123)</onclick>
			</control>
			<control type="button" id="108">
				<description>Field H</description>
				<height>80</height>
				<width>734</width>
				<font>font30_title</font>
				<focusedcolor>selected</focusedcolor>
				<textcolor>white</textcolor>
				<texturefocus>list_focus.png</texturefocus>
				<texturenofocus border="40,0,40,5">list_nofocus.png</texturenofocus>
				<label>$ADDON[plugin.program.piwire 30018]</label>
				<onclick>Skin.SetString(Tempsensor,H)</onclick>
				<onclick>Dialog.Close(1123)</onclick>
			</control>
		</control>
		<control type="scrollbar" id="60">
			<posx>734</posx>
			<posy>80</posy>
			<width>66</width>
			<height>720</height>
			<texturesliderbackground colordiffuse="30FFFFFF">white.png</texturesliderbackground>
			<texturesliderbar colordiffuse="grey">white.png</texturesliderbar>
			<texturesliderbarfocus colordiffuse="selected">white.png</texturesliderbarfocus>
			<textureslidernib>blank.png</textureslidernib>
			<textureslidernibfocus>blank.png</textureslidernibfocus>
			<ondown>60</ondown>
			<onup>60</onup>
			<showonepage>false</showonepage>
			<orientation>vertical</orientation>
			<animation effect="fade" time="150">Visible</animation>
			<animation effect="fade" time="150">Hidden</animation>
			<visible>Control.IsVisible(100)</visible>
		</control>
	</controls>
</window>
