<?xml version="1.0" encoding="UTF-8"?>
<window>
	<defaultcontrol>10</defaultcontrol>
	<include>16x9_xPos_Relocation</include>
	<include>Window_OpenClose_Animation_Zoom</include>
	<coordinates>
		<posx>140</posx>
		<posy>135</posy>
	</coordinates>
	<controls>
		<include>BehindDialogFadeOut</include>
		<control type="image">
			<posx>0</posx>
			<posy>0</posy>
			<width>1000</width>
			<height>60</height>
			<texture border="5">dialog_header.png</texture>
		</control>
		<control type="label" id="2">
			<description>header label</description>
			<posx>20</posx>
			<posy>0</posy>
			<include>WindowTitleCommons</include>
			<width>910</width>
			<label>$LOCALIZE[13406]</label>
		</control>
		<control type="group">
			<posx>930</posx>
			<posy>0</posy>
			<include>DialogCloseButtonCommons</include>
		</control>
		<control type="image">
			<posx>0</posx>
			<posy>60</posy>
			<width>1000</width>
			<height>590</height>
			<texture>dialog_back.png</texture>
		</control>
		<control type="label">
			<description>path label</description>
			<posx>0</posx>
			<posy>60</posy>
			<width>960</width>
			<height>40</height>
			<align>center</align>
			<aligny>center</aligny>
			<font>font20_title</font>
			<label>1021</label>
		</control>
		<control type="image">
			<posx>0</posx>
			<posy>100</posy>
			<width>760</width>
			<height>350</height>
			<texture colordiffuse="40000000">panel.png</texture>
		</control>
		<control type="list" id="10">
			<posx>0</posx>
			<posy>100</posy>
			<width>760</width>
			<height>350</height>
			<onup>9001</onup>
			<onleft>9000</onleft>
			<onright>60</onright>
			<ondown>12</ondown>
			<pagecontrol>60</pagecontrol>
			<scrolltime>200</scrolltime>
			<itemlayout height="70">
				<control type="image">
					<posx>0</posx>
					<posy>0</posy>
					<width>760</width>
					<height>70</height>
					<texture border="40,0,40,5">list_nofocus.png</texture>
				</control>
				<control type="label">
					<posx>20</posx>
					<posy>0</posy>
					<width>720</width>
					<height>70</height>
					<font>font25</font>
					<align>left</align>
					<aligny>center</aligny>
					<selectedcolor>selected</selectedcolor>
					<label>$INFO[ListItem.Label]</label>
				</control>
			</itemlayout>
			<focusedlayout height="70">
				<control type="image">
					<posx>0</posx>
					<posy>0</posy>
					<width>760</width>
					<height>70</height>
					<texture>list_focus.png</texture>
				</control>
				<control type="label">
					<posx>20</posx>
					<posy>0</posy>
					<width>720</width>
					<height>70</height>
					<font>font25</font>
					<align>left</align>
					<aligny>center</aligny>
					<selectedcolor>selected</selectedcolor>
					<label>$INFO[ListItem.Label]</label>
				</control>
			</focusedlayout>
		</control>
		<control type="group" id="9000">
			<posx>780</posx>
			<posy>175</posy>
			<control type="button" id="11">
				<description>Browse Button</description>
				<posx>0</posx>
				<posy>0</posy>
				<width>200</width>
				<height>60</height>
				<label>1024</label>
				<align>center</align>
				<aligny>center</aligny>
				<font>font18_title</font>
				<texturefocus>list_focus.png</texturefocus>
				<texturenofocus>button_nofocus.png</texturenofocus>
				<pulseonselect>false</pulseonselect>
				<onup>18</onup>
				<onleft>60</onleft>
				<onright>10</onright>
				<ondown>13</ondown>
			</control>
			<control type="button" id="13">
				<description>Add Path Button</description>
				<posx>0</posx>
				<posy>70</posy>
				<width>200</width>
				<height>60</height>
				<label>15019</label>
				<align>center</align>
				<aligny>center</aligny>
				<font>font18_title</font>
				<texturefocus>list_focus.png</texturefocus>
				<texturenofocus>button_nofocus.png</texturenofocus>
				<pulseonselect>false</pulseonselect>
				<onup>11</onup>
				<onleft>60</onleft>
				<onright>10</onright>
				<ondown>14</ondown>
			</control>
			<control type="button" id="14">
				<description>Remove Path Button</description>
				<posx>0</posx>
				<posy>140</posy>
				<width>200</width>
				<height>60</height>
				<label>1210</label>
				<align>center</align>
				<aligny>center</aligny>
				<font>font18_title</font>
				<texturefocus>list_focus.png</texturefocus>
				<texturenofocus>button_nofocus.png</texturenofocus>
				<pulseonselect>false</pulseonselect>
				<onup>13</onup>
				<onleft>60</onleft>
				<onright>10</onright>
				<ondown>12</ondown>
			</control>
		</control>
		<control type="image">
			<posx>0</posx>
			<posy>450</posy>
			<width>1000</width>
			<height>2</height>
			<texture border="2">separator.png</texture>
		</control>
		<control type="label">
			<description>Name label</description>
			<posx>20</posx>
			<posy>452</posy>
			<width>960</width>
			<height>40</height>
			<align>center</align>
			<aligny>center</aligny>
			<font>font20_title</font>
			<label>1022</label>
		</control>
		<control type="image">
			<posx>0</posx>
			<posy>492</posy>
			<width>1000</width>
			<height>70</height>
			<texture colordiffuse="40000000">panel.png</texture>
		</control>
		<control type="edit" id="12">
			<description>Name Button</description>
			<posx>0</posx>
			<posy>492</posy>
			<width>1000</width>
			<height>70</height>
			<align>center</align>
			<aligny>center</aligny>
			<label></label>
			<font>font25</font>
			<onup>10</onup>
			<onleft>12</onleft>
			<onright>19</onright>
			<ondown>9001</ondown>
		</control>
		<control type="grouplist" id="9001">
			<posx>20</posx>
			<posy>580</posy>
			<width>960</width>
			<height>60</height>
			<itemgap>5</itemgap>
			<align>center</align>
			<orientation>horizontal</orientation>
			<onleft>9001</onleft>
			<onright>9001</onright>
			<onup>50</onup>
			<ondown>49</ondown>
			<control type="button" id="18">
				<description>Ok Button</description>
				<width>200</width>
				<include>ButtonInfoDialogsCommonValues</include>
				<label>186</label>
			</control>
			<control type="button" id="19">
				<description>Cancel Button</description>
				<width>200</width>
				<include>ButtonInfoDialogsCommonValues</include>
				<label>222</label>
			</control>
			<control type="button" id="20">
				<description>Set Content Button</description>
				<width>200</width>
				<include>ButtonInfoDialogsCommonValues</include>
				<label>20333</label>
			</control>
		</control>
	</controls>
</window>
