<?xml version="1.0" encoding="UTF-8"?>
<window id="1111" type="dialog">
	<defaultcontrol always="true">450</defaultcontrol>
	<include>16x9_xPos_Relocation</include>
	<include>Window_OpenClose_Animation_Zoom</include>
	<onunload>Skin.SetString(FirstRun,done)</onunload>
	<coordinates>
		<posx>280</posx>
		<posy>245</posy>
	</coordinates>
	<controls>
		<include>BehindDialogFadeOut</include>
		<control type="image">
			<posx>0</posx>
			<posy>0</posy>
			<width>720</width>
			<height>60</height>
			<texture border="5">dialog_header.png</texture>
		</control>
		<control type="image">
			<posx>0</posx>
			<posy>60</posy>
			<width>720</width>
			<height>410</height>
			<texture>dialog_back.png</texture>
		</control>
		<control type="label">
			<description>header label</description>
			<posx>20</posx>
			<posy>0</posy>
			<include>WindowTitleCommons</include>
			<width>600</width>
			<label>$LOCALIZE[31900]</label>
		</control>
		<control type="group">
			<posx>650</posx>
			<posy>0</posy>
			<include>DialogCloseButtonCommons</include>
		</control>
		<control type="image">
			<posx>0</posx>
			<posy>60</posy>
			<width>720</width>
			<height>320</height>
			<texture colordiffuse="40000000">panel.png</texture>
		</control>
		<control type="textbox">
			<posx>20</posx>
			<posy>80</posy>
			<width>660</width>
			<height>120</height>
			<label>31901</label>
			<font>font20_title</font>
		</control>
		<control type="label">
			<posx>10</posx>
			<posy>120</posy>
			<height>20</height>
			<width>600</width>
			<font>font20</font>
			<label>$NUMBER[1])</label>
		</control>
		<control type="textbox">
			<posx>40</posx>
			<posy>120</posy>
			<width>640</width>
			<height>120</height>
			<label>31902</label>
			<font>font20</font>
		</control>
		<control type="label">
			<posx>10</posx>
			<posy>220</posy>
			<height>20</height>
			<width>600</width>
			<font>font20</font>
			<label>$NUMBER[2])</label>
		</control>
		<control type="textbox">
			<posx>40</posx>
			<posy>220</posy>
			<width>640</width>
			<height>120</height>
			<label>31903</label>
			<font>font20</font>
		</control>
		<control type="label">
			<posx>10</posx>
			<posy>320</posy>
			<height>20</height>
			<width>600</width>
			<font>font20</font>
			<label>$NUMBER[3])</label>
		</control>
		<control type="textbox">
			<posx>40</posx>
			<posy>320</posy>
			<width>640</width>
			<height>120</height>
			<label>40098</label>
			<font>font20</font>
		</control>

		<control type="grouplist" id="9000">
			<posx>20</posx>
			<posy>400</posy>
			<width>660</width>
			<height>60</height>
			<itemgap>10</itemgap>
			<align>center</align>
			<orientation>horizontal</orientation>
			<onleft>9000</onleft>
			<onright>9000</onright>
			<onup>9000</onup>
			<ondown>9000</ondown>
			<control type="button">
				<description>OK button</description>
				<width>200</width>
				<include>ButtonInfoDialogsCommonValues</include>
				<label>186</label>
				<onclick>PreviousMenu</onclick>
			</control>
		</control>
		<control type="label">
			<posx>0</posx>
			<posy>-230</posy>
			<height>20</height>
			<width>720</width>
			<font>font20</font>
			<label>$LOCALIZE[31904]</label>
			<textcolor>grey3</textcolor>
			<align>center</align>
		</control>
		<control type="image">
			<posx>-140</posx>
			<posy>-180</posy>
			<width>85</width>
			<height>85</height>
			<texture>DefaultFolderBack.png</texture>
			<animation effect="rotate" start="0" end="-45" center="auto" condition="true">Conditional</animation>
			<animation effect="slide" start="0,0" end="-170,160" time="0" condition="String.IsEqual(Skin.AspectRatio,16:9)">conditional</animation>
		</control>
		<control type="label">
			<posx>-85</posx>
			<posy>-120</posy>
			<height>85</height>
			<width>85</width>
			<font>font35_title</font>
			<label>$NUMBER[1]</label>
			<align>center</align>
			<aligny>center</aligny>
			<animation effect="slide" start="0,0" end="-213,0" time="0" condition="String.IsEqual(Skin.AspectRatio,16:9)">conditional</animation>
		</control>
		<control type="image">
			<posx>317</posx>
			<posy>-180</posy>
			<width>85</width>
			<height>85</height>
			<texture>DefaultFolderBack.png</texture>
			<animation effect="rotate" start="0" end="-90" center="auto" condition="true">Conditional</animation>
		</control>
		<control type="label">
			<posx>317</posx>
			<posy>-120</posy>
			<height>85</height>
			<width>85</width>
			<font>font35_title</font>
			<label>$NUMBER[2]</label>
			<align>center</align>
			<aligny>center</aligny>
		</control>
	</controls>
</window>
