<?xml version="1.0" encoding="UTF-8"?>
<window>
	<defaultcontrol always="true">450</defaultcontrol>
	<include>16x9_xPos_Relocation</include>
	<include>Window_OpenClose_Animation_Zoom</include>
	<coordinates>
		<posx>180</posx>
		<posy>85</posy>
	</coordinates>
	<controls>
		<include>BehindDialogFadeOut</include>
		<control type="image">
			<posx>0</posx>
			<posy>0</posy>
			<width>960</width>
			<height>80</height>
			<texture border="5">dialog_header.png</texture>
		</control>
		<control type="image">
			<posx>0</posx>
			<posy>80</posy>
			<width>960</width>
			<height>730</height>
			<texture>dialog_back.png</texture>
		</control>
		<control type="label">
			<description>header label</description>
			<posx>20</posx>
			<posy>0</posy>
			<include>WindowTitleCommons</include>
			<width>600</width>
			<label>$LOCALIZE[1023]</label>
		</control>
		<control type="group">
			<posx>890</posx>
			<posy>0</posy>
			<include>DialogCloseButtonCommons</include>
		</control>
		<control type="image">
			<posx>0</posx>
			<posy>80</posy>
			<width>894</width>
			<height>640</height>
			<texture colordiffuse="40000000">panel.png</texture>
		</control>
		<control type="list" id="450">
			<posx>0</posx>
			<posy>80</posy>
			<width>894</width>
			<height>640</height>
			<onup>450</onup>
			<onleft>450</onleft>
			<onright>450</onright>
			<ondown>450</ondown>
			<pagecontrol>60</pagecontrol>
			<scrolltime>200</scrolltime>
			<itemlayout width="894" height="80">
				<control type="image">
					<posx>0</posx>
					<posy>0</posy>
					<width>894</width>
					<height>80</height>
					<texture border="40,0,40,5">list_nofocus.png</texture>
				</control>
				<control type="label">
					<posx>20</posx>
					<posy>0</posy>
					<width>894</width>
					<height>80</height>
					<font>font22</font>
					<align>left</align>
					<aligny>center</aligny>
					<selectedcolor>selected</selectedcolor>
					<label>$INFO[ListItem.Label]</label>
				</control>
				<control type="image">
					<posx>814</posx>
					<posy>5</posy>
					<width>70</width>
					<height>70</height>
					<aspectratio align="right">keep</aspectratio>
					<texture>$INFO[ListItem.Icon]</texture>
				</control>
			</itemlayout>
			<focusedlayout width="894" height="80">
				<control type="image">
					<posx>0</posx>
					<posy>0</posy>
					<width>894</width>
					<height>80</height>
					<texture>list_focus.png</texture>
				</control>
				<control type="label">
					<posx>20</posx>
					<posy>0</posy>
					<width>794</width>
					<height>80</height>
					<font>font22</font>
					<align>left</align>
					<aligny>center</aligny>
					<selectedcolor>selected</selectedcolor>
					<label>$INFO[ListItem.Label]</label>
				</control>
				<control type="image">
					<posx>814</posx>
					<posy>5</posy>
					<width>70</width>
					<height>70</height>
					<aspectratio align="right">keep</aspectratio>
					<texture>$INFO[ListItem.Icon]</texture>
				</control>
			</focusedlayout>
		</control>
		<control type="scrollbar" id="60">
			<posx>894</posx>
			<posy>80</posy>
			<width>66</width>
			<height>640</height>
			<texturesliderbackground colordiffuse="30FFFFFF">white.png</texturesliderbackground>
			<texturesliderbar colordiffuse="grey">white.png</texturesliderbar>
			<texturesliderbarfocus colordiffuse="selected">white.png</texturesliderbarfocus>
			<textureslidernib>blank.png</textureslidernib>
			<textureslidernibfocus>blank.png</textureslidernibfocus>
			<onleft>3</onleft>
			<onright>3</onright>
			<ondown>60</ondown>
			<onup>60</onup>
			<showonepage>false</showonepage>
			<orientation>vertical</orientation>
			<animation effect="fade" time="150">Visible</animation>
			<animation effect="fade" time="150">Hidden</animation>
			<visible>Control.IsVisible(450)</visible>
		</control>
		<control type="panel" id="451">
			<posx>10</posx>
			<posy>80</posy>
			<width>660</width>
			<height>620</height>
			<onleft>9000</onleft>
			<onright>61</onright>
			<onup>451</onup>
			<ondown>451</ondown>
			<pagecontrol>61</pagecontrol>
			<scrolltime>200</scrolltime>
			<itemlayout height="310" width="330">
				<control type="image">
					<posx>35</posx>
					<posy>0</posy>
					<width>260</width>
					<height>260</height>
					<texture background="true">$INFO[ListItem.Icon]</texture>
					<aspectratio>keep</aspectratio>
				</control>
				<control type="label">
					<posx>10</posx>
					<posy>270</posy>
					<width>300</width>
					<height>20</height>
					<font>font20</font>
					<selectedcolor>selected</selectedcolor>
					<align>center</align>
					<aligny>center</aligny>
					<label>$INFO[ListItem.Label]</label>
				</control>
			</itemlayout>
			<focusedlayout height="310" width="330">
				<control type="image">
					<posx>35</posx>
					<posy>0</posy>
					<width>260</width>
					<height>260</height>
					<texture background="true">$INFO[ListItem.Icon]</texture>
					<aspectratio>keep</aspectratio>
				</control>
				<control type="image">
					<posx>35</posx>
					<posy>0</posy>
					<width>260</width>
					<height>260</height>
					<texture border="5">thumb_focus.png</texture>
				</control>
				<control type="label">
					<posx>10</posx>
					<posy>270</posy>
					<width>300</width>
					<height>20</height>
					<font>font20</font>
					<selectedcolor>selected</selectedcolor>
					<align>center</align>
					<aligny>center</aligny>
					<label>$INFO[ListItem.Label]</label>
				</control>
			</focusedlayout>
		</control>
		<control type="scrollbar" id="61">
			<posx>692</posx>
			<posy>80</posy>
			<width>66</width>
			<height>560</height>
			<texturesliderbackground colordiffuse="30FFFFFF">white.png</texturesliderbackground>
			<texturesliderbar colordiffuse="grey">white.png</texturesliderbar>
			<texturesliderbarfocus colordiffuse="selected">white.png</texturesliderbarfocus>
			<textureslidernib>blank.png</textureslidernib>
			<textureslidernibfocus>blank.png</textureslidernibfocus>
			<onleft>3</onleft>
			<onright>3</onright>
			<ondown>60</ondown>
			<onup>60</onup>
			<showonepage>false</showonepage>
			<orientation>vertical</orientation>
			<animation effect="fade" time="150">Visible</animation>
			<animation effect="fade" time="150">Hidden</animation>
			<visible>Control.IsVisible(451)</visible>
		</control>
		<control type="grouplist" id="9000">
			<posx>0</posx>
			<posy>730</posy>
			<width>970</width>
			<height>80</height>
			<itemgap>5</itemgap>
			<align>center</align>
			<orientation>horizontal</orientation>
			<onleft>9000</onleft>
			<onright>9000</onright>
			<onup>50</onup>
			<ondown>49</ondown>
			<control type="button" id="413">
				<description>OK button</description>
				<width>200</width>
				<include>ButtonInfoDialogsCommonValues</include>
				<label>186</label>
				<align>center</align>
			</control>
			<control type="button" id="414">
				<description>Cancel button</description>
				<width>200</width>
				<include>ButtonInfoDialogsCommonValues</include>
				<label>222</label>
				<align>center</align>
			</control>
			<control type="button" id="415">
				<description>Create folder button</description>
				<include>ButtonInfoDialogsCommonValues</include>
				<label>119</label>
				<width>240</width>
				<align>center</align>
			</control>
			<control type="radiobutton" id="416">
				<description>Flip Image button</description>
				<width>280</width>
				<align>left</align>
				<textoffsetx>5</textoffsetx>
				<radioposx>145</radioposx>
				<include>ButtonInfoDialogsCommonValues</include>
				<label>749</label>
			</control>
		</control>
	</controls>
</window>
