<?xml version="1.0" encoding="UTF-8"?>
<includes>
	<variable name="FutureClockHours">
		<value condition="Skin.HasSetting(ColorizeFutureClock)">$INFO[Skin.String(FutureClockHours)]</value>
		<value>selected</value>
	</variable>
	<variable name="FutureClockMinutes">
		<value condition="Skin.HasSetting(ColorizeFutureClock)">$INFO[Skin.String(FutureClockMinutes)]</value>
		<value>selected</value>
	</variable>

	<include name="Clock">
		<control type="group">
			<visible>substring(Window(Home).Property(Radio.Active),false)|!substring(Window(Home).Property(Radio.Active),true)</visible>
			<visible>Skin.HasSetting(ShowBigClock) + !Player.HasAudio + !Player.HasVideo</visible>
        		<include>Window_OpenClose_Animation_Zoom</include>
			<include>VisibleFadeEffect</include>
			<posx>573</posx>
			<posy>195</posy>
			<width>560</width>
			<height>560</height>
			<itemgap>6</itemgap>
			<align>center</align>

			<control type="group">
				<control type="image">
					<description>Clock Panel</description>
					<posx>0</posx>
					<posy>0</posy>
				    	<width>560</width>
					<height>560</height>
					<texture colordiffuse="grey">clock\clock_panel.png</texture>
				</control>
				<control type="image">
					<description>Clock Hours</description>
					<posx>0</posx>
					<posy>0</posy>
					<width>560</width>
					<height>560</height>
					<texture colordiffuse="$VAR[FutureClockHours]">clock\hours\$INFO[System.Time(hh)].png</texture>
				</control>
				<control type="image">
					<description>Clock Minutes</description>
					<posx>0</posx>
					<posy>0</posy>
					<width>560</width>
					<height>560</height>
					<texture colordiffuse="$VAR[FutureClockMinutes]">clock\minutes\$INFO[System.Time(mm)].png</texture>
				</control>
			</control>
		</control>
	</include> 

	<include name="ClockPlayback">
		<control type="group">
			<visible>substring(Window(Home).Property(Radio.Active),false)</visible>
			<visible>Skin.HasSetting(ShowBigClock) + [Player.HasAudio|Player.HasVideo]</visible>
        		<include>Window_OpenClose_Animation_Zoom</include>
			<include>VisibleFadeEffect</include>
			<posx>573</posx>
			<posy>195</posy>
			<width>560</width>
			<height>560</height>
			<itemgap>6</itemgap>
			<align>center</align>

			<control type="group">
				<control type="image">
					<description>Clock Panel</description>
					<posx>0</posx>
					<posy>0</posy>
				    	<width>560</width>
					<height>560</height>
					<texture colordiffuse="grey">clock\clock_panel.png</texture>
				</control>
				<control type="image">
					<description>Clock Hours</description>
					<posx>0</posx>
					<posy>0</posy>
					<width>560</width>
					<height>560</height>
					<texture colordiffuse="$VAR[FutureClockHours]">clock\hours\$INFO[System.Time(hh)].png</texture>
				</control>
				<control type="image">
					<description>Clock Minutes</description>
					<posx>0</posx>
					<posy>0</posy>
					<width>560</width>
					<height>560</height>
					<texture colordiffuse="$VAR[FutureClockMinutes]">clock\minutes\$INFO[System.Time(mm)].png</texture>
				</control>
			</control>
		</control>
	</include> 

	<include name="ClockRadio">
		<control type="group">
			<visible>substring(Window(Home).Property(Radio.Active),true)</visible>
			<visible>Skin.HasSetting(ShowBigClock) + !Player.HasAudio + !Player.HasVideo</visible>
        		<include>Window_OpenClose_Animation_Zoom</include>
			<include>VisibleFadeEffect</include>
			<posx>573</posx>
			<posy>195</posy>
			<width>560</width>
			<height>560</height>
			<itemgap>6</itemgap>
			<align>center</align>
			<control type="image">
				<description>Clock Panel</description>
				<posx>0</posx>
				<posy>0</posy>
			    	<width>560</width>
				<height>560</height>
				<texture colordiffuse="grey">clock\clock_panel.png</texture>
			</control>
			<control type="image">
				<description>Clock Hours</description>
				<posx>0</posx>
				<posy>0</posy>
				<width>560</width>
				<height>560</height>
				<texture colordiffuse="$VAR[FutureClockHours]">clock\hours\$INFO[System.Time(hh)].png</texture>
			</control>
			<control type="image">
				<description>Clock Minutes</description>
				<posx>0</posx>
				<posy>0</posy>
				<width>560</width>
				<height>560</height>
				<texture colordiffuse="$VAR[FutureClockMinutes]">clock\minutes\$INFO[System.Time(mm)].png</texture>
			</control>
			<control type="image">
				<description>Clock darkness</description>
				<posx>10</posx>
				<posy>10</posy>
			    	<width>540</width>
				<height>540</height>
				<texture>home_center_30.png</texture>
			</control>

		</control>
	</include> 
			<!--<control type="label">
				<include>Window_OpenClose_Animation_Zoom</include>
				<description>Date Label</description>
				<posx>0</posx>
				<posy>250</posy>
				<width>560</width>
				<align>center</align>
				<label>$INFO[system.date(ddd. dd. mmm. yyyy)]</label>
				<font>font24_title</font>
				<textcolor>white</textcolor>
			</control>-->

</includes>
