<window id="1200">
	<defaultcontrol always="true">1203</defaultcontrol>
	<controls>
	    <control type="image">
		    <include>dialogeffect</include>
		    <posx>0</posx>
		    <posy>0</posy>
		    <aspectratio>stretch</aspectratio>
		    <include>1706</include>
		    <height>960</height>
		    <texture fallback="special://skin/background/SKINDEFAULT.jpg">special://skin/background/$INFO[Skin.CurrentTheme].jpg</texture>
		    <visible>!Skin.HasSetting(UseCustomBackground)</visible>
	    </control>
	    <control type="image">
		    <include>dialogeffect</include>
		    <posx>0</posx>
		    <posy>0</posy>
		    <aspectratio>stretch</aspectratio>
		    <include>1706</include>
		    <height>960</height>
		    <texture>$INFO[Skin.String(CustomBackground)]</texture>
		    <visible>Skin.HasSetting(UseCustomBackground)</visible>
	    </control>

	    <include>Header</include>
	    <include>Footer</include>
		
	    <control type="button" id="1203">
		    <description>Dummy Focus Button</description>
		    <posx>-1</posx>
		    <posy>-1</posy>
		    <width>1</width>
		    <height>1</height>
		    <font>-</font>
		    <texturenofocus></texturenofocus>
		    <texturefocus></texturefocus>
		    <ondown>1201</ondown>
		    <onup>1202</onup>
	    </control>

	    <control type="group">
		    <posx>0</posx>
		    <posy>0</posy>
		    <include>VisibleFadeEffect</include>
		    <control type="button" id="1201">
			    <description>Home Button</description>
			    <posx>22</posx>
			    <posy>2</posy>
			    <width>150</width>
			    <height>75</height>
			    <font></font>
			    <texturenofocus></texturenofocus>
			    <texturefocus></texturefocus>
			    <onclick>ActivateWindow(Home)</onclick>
			    <ondown>1205</ondown>
			    <onup>1203</onup>
		    </control>
	    </control>

	    <control type="label">
		    <include>Window_OpenClose_Animation_Slide_Up</include>
		    <description>Window label</description>
		    <include>MediaWindowTitleCommons</include>
		    <label>CarPC Controller</label>
	    </control>

	    <control type="group">
			<posx>653</posx>
			<posy>0</posy>
			<include>VisibleFadeEffect</include>
			<control type="label">
				<description>Type</description>
				<posx>0</posx>
				<posy>0</posy>
				<width>400</width>
				<font>font30_title</font>
				<height>80</height>
				<align>center</align>
				<aligny>center</aligny>
				<label>$INFO[Window(Home).Property(rpitype)]</label>
			</control>
	    </control>

	    <control type="group">
			<include>Window_OpenClose_Animation_Slide_Up</include>
			<posx>120r</posx>
			<posy>100r</posy>
			<include>VisibleFadeEffect</include>
			<control type="button" id="1202">
				<description>Back Button</description>
				<posx>0</posx>
				<posy>0</posy>
				<width>120</width>
				<height>100</height>
				<texturenofocus></texturenofocus>
				<texturefocus>list_focus.png</texturefocus>
				<onclick>ParentDir</onclick>
				<ondown>1203</ondown>
				<onup>1204</onup>
				<onleft>1204</onleft>
			</control>
			<control type="image">
				<description>Back Button</description>
				<posx>31</posx>
				<posy>24</posy>
				<width>60</width>
				<height>60</height>
				<aspectratio>keep</aspectratio>
				<texture>icon_button_back.png</texture>
			</control>
	    </control>

	    <control type="group">
		<include>Window_OpenClose_Animation_Zoom</include>
		<posx>340</posx>
		<posy>200</posy>
		<include>VisibleFadeEffect</include>
		<control type="button" id="1204">
			<description>Settings Button (Setup)</description>
			<posx>0</posx>
			<posy>0</posy>
			<width>1026</width>
			<height>540</height>
			<font>-</font>
			<texturenofocus border="40,0,40,5">button_nofocus.png</texturenofocus>
			<texturefocus>list_focus.png</texturefocus>
			<ondown>1202</ondown>
			<onup>1201</onup>
		</control>
		<control type="label">
			<visible>substring(Window(Home).Property(Controller.Debug),false)</visible>
			<description>Title</description>
			<posx>0</posx>
			<posy>0</posy>
			<width>1026</width>
			<height>540</height>
			<font>font50_title</font>
			<align>center</align>
			<aligny>center</aligny>
			<shadowcolor>black</shadowcolor>
			<label>[B]Setup[/B]</label>
		</control>
		<control type="textbox">
			<visible>substring(Window(Home).Property(Controller.Debug),true)</visible>
			<description>Title</description>
			<posx>20</posx>
			<posy>20</posy>
			<width>986</width>
			<height>600</height>
			<font>font20</font>
			<align>left</align>
			<aligny>top</aligny>
			<shadowcolor>black</shadowcolor>
			<label>[B]$INFO[Window(Home).Property(Controller.Debugtext)][/B]</label>
			<!--<label>1[CR]2[CR]3[CR]4[CR]5[CR]6[CR]7[CR]8[CR]9[CR]10[CR]11[CR]12[CR]13[CR]14[CR]15[CR]16</label>-->
		</control>
	    </control>

	    <control type="group">
		<include>Window_OpenClose_Animation_Zoom</include>
		<description>Encoder</description>
		<posx>100</posx>
		<posy>200</posy>
		<include>VisibleFadeEffect</include>
		<control type="image">
			<posx>0</posx>
			<posy>0</posy>
			<width>200</width>
			<height>200</height>
			<texture border="40,0,40,5">button_nofocus.png</texture>
		</control>
		<control type="label">
			<description>Title</description>
			<posx>0</posx>
			<posy>30</posy>
			<width>200</width>
			<height>100</height>
			<font>font24</font>
			<align>center</align>
			<aligny>center</aligny>
			<shadowcolor>black</shadowcolor>
			<label>[B]$ADDON[service.carpccontroller 32000][/B]</label>
		</control>
		<control type="label">
			<description>Count</description>
			<posx>0</posx>
			<posy>90</posy>
			<width>200</width>
			<height>100</height>
			<font>font30_title</font>
			<align>center</align>
			<aligny>center</aligny>
			<shadowcolor>black</shadowcolor>
			<label>[B]$INFO[Window(Home).Property(Controller.Encoder)][/B]</label>
		</control>
	    </control>

	    <control type="group">
		<include>Window_OpenClose_Animation_Zoom</include>
		<description>Sysmode</description>
		<posx>100</posx>
		<posy>540</posy>
		<include>VisibleFadeEffect</include>
		<control type="button" id="1205">
			<description>SMode Button</description>
			<posx>0</posx>
			<posy>0</posy>
			<width>200</width>
			<height>200</height>
			<font>-</font>
			<texturenofocus border="40,0,40,5">button_nofocus.png</texturenofocus>
			<texturefocus>list_focus.png</texturefocus>
		</control>
		<control type="label">
			<description>Title</description>
			<posx>0</posx>
			<posy>30</posy>
			<width>200</width>
			<height>100</height>
			<font>font20</font>
			<align>center</align>
			<aligny>center</aligny>
			<shadowcolor>black</shadowcolor>
			<label>[B]$ADDON[service.carpccontroller 32083][/B]</label>
		</control>
		<control type="label">
			<description>Mode</description>
			<posx>0</posx>
			<posy>90</posy>
			<width>200</width>
			<height>100</height>
			<font>font30_title</font>
			<align>center</align>
			<aligny>center</aligny>
			<shadowcolor>black</shadowcolor>
			<label>[B]$INFO[Window(Home).Property(Controller.SMode)][/B]</label>
		</control>
	    </control>

	    <control type="group">
		<include>Window_OpenClose_Animation_Zoom</include>
		<description>Buttons</description>
		<posx>1406</posx>
		<posy>200</posy>
		<include>VisibleFadeEffect</include>
		<control type="image">
			<posx>0</posx>
			<posy>0</posy>
			<width>200</width>
			<height>200</height>
			<texture border="40,0,40,5">button_nofocus.png</texture>
		</control>
		<control type="label">
			<description>Title</description>
			<posx>0</posx>
			<posy>30</posy>
			<width>200</width>
			<height>100</height>
			<font>font24</font>
			<align>center</align>
			<aligny>center</aligny>
			<shadowcolor>black</shadowcolor>
			<label>[B]$ADDON[service.carpccontroller 32031][/B]</label>
		</control>
		<control type="label">
			<description>Count</description>
			<posx>0</posx>
			<posy>90</posy>
			<width>200</width>
			<height>100</height>
			<font>font30_title</font>
			<align>center</align>
			<aligny>center</aligny>
			<shadowcolor>black</shadowcolor>
			<label>[B]$INFO[Window(Home).Property(Controller.Button)][/B]</label>
		</control>
	    </control>

	    <control type="group">
		<include>Window_OpenClose_Animation_Zoom</include>
		<description>RDS Receive</description>
		<posx>1406</posx>
		<posy>540</posy>
		<include>VisibleFadeEffect</include>
		<control type="image">
			<posx>0</posx>
			<posy>0</posy>
			<width>200</width>
			<height>200</height>
			<texture border="40,0,40,5">button_nofocus.png</texture>
		</control>
		<control type="label">
			<description>Title</description>
			<posx>0</posx>
			<posy>30</posy>
			<width>200</width>
			<height>100</height>
			<font>font24</font>
			<align>center</align>
			<aligny>center</aligny>
			<shadowcolor>black</shadowcolor>
			<label>[B]$ADDON[service.carpccontroller 32084][/B]</label>
		</control>
		<control type="label">
			<description>State</description>
			<posx>0</posx>
			<posy>90</posy>
			<width>200</width>
			<height>100</height>
			<font>font30_title</font>
			<align>center</align>
			<aligny>center</aligny>
			<shadowcolor>black</shadowcolor>
			<label>[B]$INFO[Window(Home).Property(Radio.RDS)][/B]</label>
		</control>
	    </control>

	    <!--<control type="group">
		<include>Window_OpenClose_Animation_Slide_Up</include>
		<posx>584</posx>
		<posy>85r</posy>
		<control type="label">
			<description>label</description>
			<posx>0</posx>
			<posy>40</posy>
			<height>37</height>
			<width>150</width>
			<label>13376</label>
			<font>font10_title</font>
			<align>left</align>
			<aligny>center</aligny>
			<textcolor>white</textcolor>
			<shadowcolor>black</shadowcolor>
		</control>
		<control type="label">
			    <description>Volumelabel</description>
			    <posx>537</posx>
			    <posy>40</posy>
			    <height>37</height>
			    <width>150</width>
			    <label>$INFO[Control.GetLabel(1)]</label>
			    <font>font10_title</font>
			    <align>right</align>
			    <aligny>center</aligny>
			    <textcolor>white</textcolor>
			    <shadowcolor>black</shadowcolor>
		</control>
		<control type="progress">
			<description>Volume</description>
			<posx>0</posx>
			<posy>8</posy>
			<width>537</width>
			<height>37</height>
			<info>Player.Volume</info>
		</control>
		<control type="slider" id="1">
			    <description>Volume Slider</description>
			    <posx>0</posx>
			    <posy>5</posy>
			    <width>537</width>
			    <height>47</height>
			    <info>Player.Volume</info>
			    <action>Volume</action>
			    <texturesliderbar>OSDProgressBack2.png</texturesliderbar>
			    <textureslidernib>OSDSliderNib.png</textureslidernib>
			    <textureslidernibfocus>OSDSliderNib.png</textureslidernibfocus>
		</control>
	    </control>-->

	</controls>
</window>


