<?xml version="1.0" encoding="UTF-8"?>
<window type="dialog" id="1122">
	<defaultcontrol always="true">100</defaultcontrol>
	<include>16x9_xPos_Relocation</include>
	<include>Window_OpenClose_Animation_Zoom</include>
	<coordinates>
		<posx>280</posx>
		<posy>90</posy>
	</coordinates>
	<controls>
		<include>BehindDialogFadeOut</include>
		<control type="image">
			<posx>0</posx>
			<posy>0</posy>
			<width>800</width>
			<height>60</height>
			<texture border="5">dialog_header.png</texture>
		</control>
		<control type="image">
			<posx>0</posx>
			<posy>60</posy>
			<width>800</width>
			<height>720</height>
			<texture>dialog_back.png</texture>
		</control>
		<control type="group">
			<posx>730</posx>
			<posy>0</posy>
			<include>DialogCloseButtonCommons</include>
		</control>

		<control type="grouplist" id="100">
			<description>control area</description>
			<posx>0</posx>
			<posy>60</posy>
			<width>800</width>
			<height>720</height>
			<ondown>100</ondown>
			<onup>100</onup>
			<onleft>2</onleft>
			<onright>30</onright>
			<pagecontrol>60</pagecontrol>
			<control type="button" id="101">
				<height>75</height>
				<width>734</width>
				<font>font30_title</font>
				<focusedcolor>selected</focusedcolor>
				<textcolor>white</textcolor>
				<texturefocus colordiffuse="selected">list_focus.png</texturefocus>
				<texturenofocus colordiffuse="selected">white.png</texturenofocus>
				<label>$LOCALIZE[31390]</label>
				<onclick condition="StringCompare(Skin.String(HomeButtonSelected),1)">Skin.SetString(OutlineHomeButton1,selected)</onclick>
				<onclick condition="StringCompare(Skin.String(HomeButtonSelected),2)">Skin.SetString(OutlineHomeButton2,selected)</onclick>
				<onclick condition="StringCompare(Skin.String(HomeButtonSelected),3)">Skin.SetString(OutlineHomeButton3,selected)</onclick>
				<onclick condition="StringCompare(Skin.String(HomeButtonSelected),4)">Skin.SetString(OutlineHomeButton4,selected)</onclick>
				<onclick condition="StringCompare(Skin.String(HomeButtonSelected),5)">Skin.SetString(OutlineHomeButton5,selected)</onclick>
				<onclick condition="StringCompare(Skin.String(HomeButtonSelected),6)">Skin.SetString(OutlineHomeButton6,selected)</onclick>
				<onclick condition="StringCompare(Skin.String(HomeButtonSelected),7)">Skin.SetString(OutlineHomeButton7,selected)</onclick>
				<onclick condition="StringCompare(Skin.String(HomeButtonSelected),8)">Skin.SetString(OutlineHomeButton8,selected)</onclick>
				<onclick>Skin.SetString(HomeButtonSelected,)</onclick>
				<onclick>Dialog.Close(1122)</onclick>
			</control>
			<control type="button" id="102">
				<height>75</height>
				<width>734</width>
				<font>font30_title</font>
				<focusedcolor>selected</focusedcolor>
				<textcolor>black</textcolor>
				<texturefocus colordiffuse="selected">list_focus.png</texturefocus>
				<texturenofocus colordiffuse="FFFF0000">white.png</texturenofocus>
				<onclick condition="StringCompare(Skin.String(HomeButtonSelected),1)">Skin.SetString(OutlineHomeButton1,FFFF0000)</onclick>
				<onclick condition="StringCompare(Skin.String(HomeButtonSelected),2)">Skin.SetString(OutlineHomeButton2,FFFF0000)</onclick>
				<onclick condition="StringCompare(Skin.String(HomeButtonSelected),3)">Skin.SetString(OutlineHomeButton3,FFFF0000)</onclick>
				<onclick condition="StringCompare(Skin.String(HomeButtonSelected),4)">Skin.SetString(OutlineHomeButton4,FFFF0000)</onclick>
				<onclick condition="StringCompare(Skin.String(HomeButtonSelected),5)">Skin.SetString(OutlineHomeButton5,FFFF0000)</onclick>
				<onclick condition="StringCompare(Skin.String(HomeButtonSelected),6)">Skin.SetString(OutlineHomeButton6,FFFF0000)</onclick>
				<onclick condition="StringCompare(Skin.String(HomeButtonSelected),7)">Skin.SetString(OutlineHomeButton7,FFFF0000)</onclick>
				<onclick condition="StringCompare(Skin.String(HomeButtonSelected),8)">Skin.SetString(OutlineHomeButton8,FFFF0000)</onclick>
				<onclick>Skin.SetString(HomeButtonSelected,)</onclick>
				<onclick>Dialog.Close(1122)</onclick>
			</control>
			<control type="button" id="103">
				<height>75</height>
				<width>734</width>
				<font>font30_title</font>
				<focusedcolor>selected</focusedcolor>
				<textcolor>black</textcolor>
				<texturefocus colordiffuse="selected">list_focus.png</texturefocus>
				<texturenofocus colordiffuse="FFFF8000">white.png</texturenofocus>
				<onclick condition="StringCompare(Skin.String(HomeButtonSelected),1)">Skin.SetString(OutlineHomeButton1,FFFF8000)</onclick>
				<onclick condition="StringCompare(Skin.String(HomeButtonSelected),2)">Skin.SetString(OutlineHomeButton2,FFFF8000)</onclick>
				<onclick condition="StringCompare(Skin.String(HomeButtonSelected),3)">Skin.SetString(OutlineHomeButton3,FFFF8000)</onclick>
				<onclick condition="StringCompare(Skin.String(HomeButtonSelected),4)">Skin.SetString(OutlineHomeButton4,FFFF8000)</onclick>
				<onclick condition="StringCompare(Skin.String(HomeButtonSelected),5)">Skin.SetString(OutlineHomeButton5,FFFF8000)</onclick>
				<onclick condition="StringCompare(Skin.String(HomeButtonSelected),6)">Skin.SetString(OutlineHomeButton6,FFFF8000)</onclick>
				<onclick condition="StringCompare(Skin.String(HomeButtonSelected),7)">Skin.SetString(OutlineHomeButton7,FFFF8000)</onclick>
				<onclick condition="StringCompare(Skin.String(HomeButtonSelected),8)">Skin.SetString(OutlineHomeButton8,FFFF8000)</onclick>
				<onclick>Skin.SetString(HomeButtonSelected,)</onclick>
				<onclick>Dialog.Close(1122)</onclick>
			</control>
			<control type="button" id="104">
				<height>75</height>
				<width>734</width>
				<font>font30_title</font>
				<focusedcolor>selected</focusedcolor>
				<textcolor>black</textcolor>
				<texturefocus colordiffuse="selected">list_focus.png</texturefocus>
				<texturenofocus colordiffuse="FFFFFF00">white.png</texturenofocus>
				<onclick condition="StringCompare(Skin.String(HomeButtonSelected),1)">Skin.SetString(OutlineHomeButton1,FFFFFF00)</onclick>
				<onclick condition="StringCompare(Skin.String(HomeButtonSelected),2)">Skin.SetString(OutlineHomeButton2,FFFFFF00)</onclick>
				<onclick condition="StringCompare(Skin.String(HomeButtonSelected),3)">Skin.SetString(OutlineHomeButton3,FFFFFF00)</onclick>
				<onclick condition="StringCompare(Skin.String(HomeButtonSelected),4)">Skin.SetString(OutlineHomeButton4,FFFFFF00)</onclick>
				<onclick condition="StringCompare(Skin.String(HomeButtonSelected),5)">Skin.SetString(OutlineHomeButton5,FFFFFF00)</onclick>
				<onclick condition="StringCompare(Skin.String(HomeButtonSelected),6)">Skin.SetString(OutlineHomeButton6,FFFFFF00)</onclick>
				<onclick condition="StringCompare(Skin.String(HomeButtonSelected),7)">Skin.SetString(OutlineHomeButton7,FFFFFF00)</onclick>
				<onclick condition="StringCompare(Skin.String(HomeButtonSelected),8)">Skin.SetString(OutlineHomeButton8,FFFFFF00)</onclick>
				<onclick>Skin.SetString(HomeButtonSelected,)</onclick>
				<onclick>Dialog.Close(1122)</onclick>
			</control>
			<control type="button" id="105">
				<height>75</height>
				<width>734</width>
				<font>font30_title</font>
				<focusedcolor>selected</focusedcolor>
				<textcolor>black</textcolor>
				<texturefocus colordiffuse="selected">list_focus.png</texturefocus>
				<texturenofocus colordiffuse="FF80FF00">white.png</texturenofocus>
				<onclick condition="StringCompare(Skin.String(HomeButtonSelected),1)">Skin.SetString(OutlineHomeButton1,FF80FF00)</onclick>
				<onclick condition="StringCompare(Skin.String(HomeButtonSelected),2)">Skin.SetString(OutlineHomeButton2,FF80FF00)</onclick>
				<onclick condition="StringCompare(Skin.String(HomeButtonSelected),3)">Skin.SetString(OutlineHomeButton3,FF80FF00)</onclick>
				<onclick condition="StringCompare(Skin.String(HomeButtonSelected),4)">Skin.SetString(OutlineHomeButton4,FF80FF00)</onclick>
				<onclick condition="StringCompare(Skin.String(HomeButtonSelected),5)">Skin.SetString(OutlineHomeButton5,FF80FF00)</onclick>
				<onclick condition="StringCompare(Skin.String(HomeButtonSelected),6)">Skin.SetString(OutlineHomeButton6,FF80FF00)</onclick>
				<onclick condition="StringCompare(Skin.String(HomeButtonSelected),7)">Skin.SetString(OutlineHomeButton7,FF80FF00)</onclick>
				<onclick condition="StringCompare(Skin.String(HomeButtonSelected),8)">Skin.SetString(OutlineHomeButton8,FF80FF00)</onclick>
				<onclick>Skin.SetString(HomeButtonSelected,)</onclick>
				<onclick>Dialog.Close(1122)</onclick>
			</control>
			<control type="button" id="106">
				<height>75</height>
				<width>734</width>
				<font>font30_title</font>
				<focusedcolor>selected</focusedcolor>
				<textcolor>black</textcolor>
				<texturefocus colordiffuse="selected">list_focus.png</texturefocus>
				<texturenofocus colordiffuse="FF00FF00">white.png</texturenofocus>
				<onclick condition="StringCompare(Skin.String(HomeButtonSelected),1)">Skin.SetString(OutlineHomeButton1,FF00FF00)</onclick>
				<onclick condition="StringCompare(Skin.String(HomeButtonSelected),2)">Skin.SetString(OutlineHomeButton2,FF00FF00)</onclick>
				<onclick condition="StringCompare(Skin.String(HomeButtonSelected),3)">Skin.SetString(OutlineHomeButton3,FF00FF00)</onclick>
				<onclick condition="StringCompare(Skin.String(HomeButtonSelected),4)">Skin.SetString(OutlineHomeButton4,FF00FF00)</onclick>
				<onclick condition="StringCompare(Skin.String(HomeButtonSelected),5)">Skin.SetString(OutlineHomeButton5,FF00FF00)</onclick>
				<onclick condition="StringCompare(Skin.String(HomeButtonSelected),6)">Skin.SetString(OutlineHomeButton6,FF00FF00)</onclick>
				<onclick condition="StringCompare(Skin.String(HomeButtonSelected),7)">Skin.SetString(OutlineHomeButton7,00FF00)</onclick>
				<onclick condition="StringCompare(Skin.String(HomeButtonSelected),8)">Skin.SetString(OutlineHomeButton8,00FF00)</onclick>
				<onclick>Skin.SetString(HomeButtonSelected,)</onclick>
				<onclick>Dialog.Close(1122)</onclick>
			</control>
			<control type="button" id="107">
				<height>75</height>
				<width>734</width>
				<font>font30_title</font>
				<focusedcolor>selected</focusedcolor>
				<textcolor>black</textcolor>
				<texturefocus colordiffuse="selected">list_focus.png</texturefocus>
				<texturenofocus colordiffuse="FF00FF80">white.png</texturenofocus>
				<onclick condition="StringCompare(Skin.String(HomeButtonSelected),1)">Skin.SetString(OutlineHomeButton1,FF00FF80)</onclick>
				<onclick condition="StringCompare(Skin.String(HomeButtonSelected),2)">Skin.SetString(OutlineHomeButton2,FF00FF80)</onclick>
				<onclick condition="StringCompare(Skin.String(HomeButtonSelected),3)">Skin.SetString(OutlineHomeButton3,FF00FF80)</onclick>
				<onclick condition="StringCompare(Skin.String(HomeButtonSelected),4)">Skin.SetString(OutlineHomeButton4,FF00FF80)</onclick>
				<onclick condition="StringCompare(Skin.String(HomeButtonSelected),5)">Skin.SetString(OutlineHomeButton5,FF00FF80)</onclick>
				<onclick condition="StringCompare(Skin.String(HomeButtonSelected),6)">Skin.SetString(OutlineHomeButton6,FF00FF80)</onclick>
				<onclick condition="StringCompare(Skin.String(HomeButtonSelected),7)">Skin.SetString(OutlineHomeButton7,FF00FF80)</onclick>
				<onclick condition="StringCompare(Skin.String(HomeButtonSelected),8)">Skin.SetString(OutlineHomeButton8,FF00FF80)</onclick>
				<onclick>Skin.SetString(HomeButtonSelected,)</onclick>
				<onclick>Dialog.Close(1122)</onclick>
			</control>
			<control type="button" id="108">
				<height>75</height>
				<width>734</width>
				<font>font30_title</font>
				<focusedcolor>selected</focusedcolor>
				<textcolor>black</textcolor>
				<texturefocus colordiffuse="selected">list_focus.png</texturefocus>
				<texturenofocus colordiffuse="FF00FFFF">white.png</texturenofocus>
				<onclick condition="StringCompare(Skin.String(HomeButtonSelected),1)">Skin.SetString(OutlineHomeButton1,FF00FFFF)</onclick>
				<onclick condition="StringCompare(Skin.String(HomeButtonSelected),2)">Skin.SetString(OutlineHomeButton2,FF00FFFF)</onclick>
				<onclick condition="StringCompare(Skin.String(HomeButtonSelected),3)">Skin.SetString(OutlineHomeButton3,FF00FFFF)</onclick>
				<onclick condition="StringCompare(Skin.String(HomeButtonSelected),4)">Skin.SetString(OutlineHomeButton4,FF00FFFF)</onclick>
				<onclick condition="StringCompare(Skin.String(HomeButtonSelected),5)">Skin.SetString(OutlineHomeButton5,FF00FFFF)</onclick>
				<onclick condition="StringCompare(Skin.String(HomeButtonSelected),6)">Skin.SetString(OutlineHomeButton6,FF00FFFF)</onclick>
				<onclick condition="StringCompare(Skin.String(HomeButtonSelected),7)">Skin.SetString(OutlineHomeButton7,FF00FFFF)</onclick>
				<onclick condition="StringCompare(Skin.String(HomeButtonSelected),8)">Skin.SetString(OutlineHomeButton8,FF00FFFF)</onclick>
				<onclick>Skin.SetString(HomeButtonSelected,)</onclick>
				<onclick>Dialog.Close(1122)</onclick>
			</control>
			<control type="button" id="109">
				<height>75</height>
				<width>734</width>
				<font>font30_title</font>
				<focusedcolor>selected</focusedcolor>
				<textcolor>black</textcolor>
				<texturefocus colordiffuse="selected">list_focus.png</texturefocus>
				<texturenofocus colordiffuse="FF0080FF">white.png</texturenofocus>
				<onclick condition="StringCompare(Skin.String(HomeButtonSelected),1)">Skin.SetString(OutlineHomeButton1,FF0080FF)</onclick>
				<onclick condition="StringCompare(Skin.String(HomeButtonSelected),2)">Skin.SetString(OutlineHomeButton2,FF0080FF)</onclick>
				<onclick condition="StringCompare(Skin.String(HomeButtonSelected),3)">Skin.SetString(OutlineHomeButton3,FF0080FF)</onclick>
				<onclick condition="StringCompare(Skin.String(HomeButtonSelected),4)">Skin.SetString(OutlineHomeButton4,FF0080FF)</onclick>
				<onclick condition="StringCompare(Skin.String(HomeButtonSelected),5)">Skin.SetString(OutlineHomeButton5,FF0080FF)</onclick>
				<onclick condition="StringCompare(Skin.String(HomeButtonSelected),6)">Skin.SetString(OutlineHomeButton6,FF0080FF)</onclick>
				<onclick condition="StringCompare(Skin.String(HomeButtonSelected),7)">Skin.SetString(OutlineHomeButton7,FF0080FF)</onclick>
				<onclick condition="StringCompare(Skin.String(HomeButtonSelected),8)">Skin.SetString(OutlineHomeButton8,FF0080FF)</onclick>
				<onclick>Skin.SetString(HomeButtonSelected,)</onclick>
				<onclick>Dialog.Close(1122)</onclick>
			</control>
			<control type="button" id="110">
				<height>75</height>
				<width>734</width>
				<font>font30_title</font>
				<focusedcolor>selected</focusedcolor>
				<textcolor>black</textcolor>
				<texturefocus colordiffuse="selected">list_focus.png</texturefocus>
				<texturenofocus colordiffuse="FF0000FF">white.png</texturenofocus>
				<onclick condition="StringCompare(Skin.String(HomeButtonSelected),1)">Skin.SetString(OutlineHomeButton1,FF0000FF)</onclick>
				<onclick condition="StringCompare(Skin.String(HomeButtonSelected),2)">Skin.SetString(OutlineHomeButton2,FF0000FF)</onclick>
				<onclick condition="StringCompare(Skin.String(HomeButtonSelected),3)">Skin.SetString(OutlineHomeButton3,FF0000FF)</onclick>
				<onclick condition="StringCompare(Skin.String(HomeButtonSelected),4)">Skin.SetString(OutlineHomeButton4,FF0000FF)</onclick>
				<onclick condition="StringCompare(Skin.String(HomeButtonSelected),5)">Skin.SetString(OutlineHomeButton5,FF0000FF)</onclick>
				<onclick condition="StringCompare(Skin.String(HomeButtonSelected),6)">Skin.SetString(OutlineHomeButton6,FF0000FF)</onclick>
				<onclick condition="StringCompare(Skin.String(HomeButtonSelected),7)">Skin.SetString(OutlineHomeButton7,FF0000FF)</onclick>
				<onclick condition="StringCompare(Skin.String(HomeButtonSelected),8)">Skin.SetString(OutlineHomeButton8,FF0000FF)</onclick>
				<onclick>Skin.SetString(HomeButtonSelected,)</onclick>
				<onclick>Dialog.Close(1122)</onclick>
			</control>
			<control type="button" id="111">
				<height>75</height>
				<width>734</width>
				<font>font30_title</font>
				<focusedcolor>selected</focusedcolor>
				<textcolor>black</textcolor>
				<texturefocus colordiffuse="selected">list_focus.png</texturefocus>
				<texturenofocus colordiffuse="FF7F00FF">white.png</texturenofocus>
				<onclick condition="StringCompare(Skin.String(HomeButtonSelected),1)">Skin.SetString(OutlineHomeButton1,FF7F00FF)</onclick>
				<onclick condition="StringCompare(Skin.String(HomeButtonSelected),2)">Skin.SetString(OutlineHomeButton2,FF7F00FF)</onclick>
				<onclick condition="StringCompare(Skin.String(HomeButtonSelected),3)">Skin.SetString(OutlineHomeButton3,FF7F00FF)</onclick>
				<onclick condition="StringCompare(Skin.String(HomeButtonSelected),4)">Skin.SetString(OutlineHomeButton4,FF7F00FF)</onclick>
				<onclick condition="StringCompare(Skin.String(HomeButtonSelected),5)">Skin.SetString(OutlineHomeButton5,FF7F00FF)</onclick>
				<onclick condition="StringCompare(Skin.String(HomeButtonSelected),6)">Skin.SetString(OutlineHomeButton6,FF7F00FF)</onclick>
				<onclick condition="StringCompare(Skin.String(HomeButtonSelected),7)">Skin.SetString(OutlineHomeButton7,FF7F00FF)</onclick>
				<onclick condition="StringCompare(Skin.String(HomeButtonSelected),8)">Skin.SetString(OutlineHomeButton8,FF7F00FF)</onclick>
				<onclick>Skin.SetString(HomeButtonSelected,)</onclick>
				<onclick>Dialog.Close(1122)</onclick>
			</control>
			<control type="button" id="112">
				<height>75</height>
				<width>734</width>
				<font>font30_title</font>
				<focusedcolor>selected</focusedcolor>
				<textcolor>black</textcolor>
				<texturefocus colordiffuse="selected">list_focus.png</texturefocus>
				<texturenofocus colordiffuse="FFFF00FF">white.png</texturenofocus>
				<onclick condition="StringCompare(Skin.String(HomeButtonSelected),1)">Skin.SetString(OutlineHomeButton1,FFFF00FF)</onclick>
				<onclick condition="StringCompare(Skin.String(HomeButtonSelected),2)">Skin.SetString(OutlineHomeButton2,FFFF00FF)</onclick>
				<onclick condition="StringCompare(Skin.String(HomeButtonSelected),3)">Skin.SetString(OutlineHomeButton3,FFFF00FF)</onclick>
				<onclick condition="StringCompare(Skin.String(HomeButtonSelected),4)">Skin.SetString(OutlineHomeButton4,FFFF00FF)</onclick>
				<onclick condition="StringCompare(Skin.String(HomeButtonSelected),5)">Skin.SetString(OutlineHomeButton5,FFFF00FF)</onclick>
				<onclick condition="StringCompare(Skin.String(HomeButtonSelected),6)">Skin.SetString(OutlineHomeButton6,FFFF00FF)</onclick>
				<onclick condition="StringCompare(Skin.String(HomeButtonSelected),7)">Skin.SetString(OutlineHomeButton7,FFFF00FF)</onclick>
				<onclick condition="StringCompare(Skin.String(HomeButtonSelected),8)">Skin.SetString(OutlineHomeButton8,FFFF00FF)</onclick>
				<onclick>Skin.SetString(HomeButtonSelected,)</onclick>
				<onclick>Dialog.Close(1122)</onclick>
			</control>
			<control type="button" id="113">
				<height>75</height>
				<width>734</width>
				<font>font30_title</font>
				<focusedcolor>selected</focusedcolor>
				<textcolor>black</textcolor>
				<texturefocus colordiffuse="selected">list_focus.png</texturefocus>
				<texturenofocus colordiffuse="FFFF007F">white.png</texturenofocus>
				<onclick condition="StringCompare(Skin.String(HomeButtonSelected),1)">Skin.SetString(OutlineHomeButton1,FFFF007F)</onclick>
				<onclick condition="StringCompare(Skin.String(HomeButtonSelected),2)">Skin.SetString(OutlineHomeButton2,FFFF007F)</onclick>
				<onclick condition="StringCompare(Skin.String(HomeButtonSelected),3)">Skin.SetString(OutlineHomeButton3,FFFF007F)</onclick>
				<onclick condition="StringCompare(Skin.String(HomeButtonSelected),4)">Skin.SetString(OutlineHomeButton4,FFFF007F)</onclick>
				<onclick condition="StringCompare(Skin.String(HomeButtonSelected),5)">Skin.SetString(OutlineHomeButton5,FFFF007F)</onclick>
				<onclick condition="StringCompare(Skin.String(HomeButtonSelected),6)">Skin.SetString(OutlineHomeButton6,FFFF007F)</onclick>
				<onclick condition="StringCompare(Skin.String(HomeButtonSelected),7)">Skin.SetString(OutlineHomeButton7,FFFF007F)</onclick>
				<onclick condition="StringCompare(Skin.String(HomeButtonSelected),8)">Skin.SetString(OutlineHomeButton8,FFFF007F)</onclick>
				<onclick>Skin.SetString(HomeButtonSelected,)</onclick>
				<onclick>Dialog.Close(1122)</onclick>
			</control>
			<control type="button" id="114">
				<height>75</height>
				<width>734</width>
				<font>font30_title</font>
				<focusedcolor>selected</focusedcolor>
				<textcolor>black</textcolor>
				<texturefocus colordiffuse="selected">list_focus.png</texturefocus>
				<texturenofocus colordiffuse="FF808080">white.png</texturenofocus>
				<onclick condition="StringCompare(Skin.String(HomeButtonSelected),1)">Skin.SetString(OutlineHomeButton1,FF808080)</onclick>
				<onclick condition="StringCompare(Skin.String(HomeButtonSelected),2)">Skin.SetString(OutlineHomeButton2,FF808080)</onclick>
				<onclick condition="StringCompare(Skin.String(HomeButtonSelected),3)">Skin.SetString(OutlineHomeButton3,FF808080)</onclick>
				<onclick condition="StringCompare(Skin.String(HomeButtonSelected),4)">Skin.SetString(OutlineHomeButton4,FF808080)</onclick>
				<onclick condition="StringCompare(Skin.String(HomeButtonSelected),5)">Skin.SetString(OutlineHomeButton5,FF808080)</onclick>
				<onclick condition="StringCompare(Skin.String(HomeButtonSelected),6)">Skin.SetString(OutlineHomeButton6,FF808080)</onclick>
				<onclick condition="StringCompare(Skin.String(HomeButtonSelected),7)">Skin.SetString(OutlineHomeButton7,FF808080)</onclick>
				<onclick condition="StringCompare(Skin.String(HomeButtonSelected),8)">Skin.SetString(OutlineHomeButton8,FF808080)</onclick>
				<onclick>Skin.SetString(HomeButtonSelected,)</onclick>
				<onclick>Dialog.Close(1122)</onclick>
			</control>
			<control type="button" id="115">
				<height>75</height>
				<width>734</width>
				<font>font30_title</font>
				<focusedcolor>selected</focusedcolor>
				<textcolor>black</textcolor>
				<texturefocus colordiffuse="selected">list_focus.png</texturefocus>
				<texturenofocus colordiffuse="FFFFFFFF">white.png</texturenofocus>
				<onclick condition="StringCompare(Skin.String(HomeButtonSelected),1)">Skin.SetString(OutlineHomeButton1,FFFFFFFF)</onclick>
				<onclick condition="StringCompare(Skin.String(HomeButtonSelected),2)">Skin.SetString(OutlineHomeButton2,FFFFFFFF)</onclick>
				<onclick condition="StringCompare(Skin.String(HomeButtonSelected),3)">Skin.SetString(OutlineHomeButton3,FFFFFFFF)</onclick>
				<onclick condition="StringCompare(Skin.String(HomeButtonSelected),4)">Skin.SetString(OutlineHomeButton4,FFFFFFFF)</onclick>
				<onclick condition="StringCompare(Skin.String(HomeButtonSelected),5)">Skin.SetString(OutlineHomeButton5,FFFFFFFF)</onclick>
				<onclick condition="StringCompare(Skin.String(HomeButtonSelected),6)">Skin.SetString(OutlineHomeButton6,FFFFFFFF)</onclick>
				<onclick condition="StringCompare(Skin.String(HomeButtonSelected),7)">Skin.SetString(OutlineHomeButton7,FFFFFFFF)</onclick>
				<onclick condition="StringCompare(Skin.String(HomeButtonSelected),8)">Skin.SetString(OutlineHomeButton8,FFFFFFFF)</onclick>
				<onclick>Skin.SetString(HomeButtonSelected,)</onclick>
				<onclick>Dialog.Close(1122)</onclick>
			</control>
			<control type="button" id="116">
				<height>75</height>
				<width>734</width>
				<font>font30_title</font>
				<focusedcolor>selected</focusedcolor>
				<textcolor>black</textcolor>
				<texturefocus colordiffuse="selected">list_focus.png</texturefocus>
				<texturenofocus colordiffuse="FF000000">white.png</texturenofocus>
				<onclick condition="StringCompare(Skin.String(HomeButtonSelected),1)">Skin.SetString(OutlineHomeButton1,FF000000)</onclick>
				<onclick condition="StringCompare(Skin.String(HomeButtonSelected),2)">Skin.SetString(OutlineHomeButton2,FF000000)</onclick>
				<onclick condition="StringCompare(Skin.String(HomeButtonSelected),3)">Skin.SetString(OutlineHomeButton3,FF000000)</onclick>
				<onclick condition="StringCompare(Skin.String(HomeButtonSelected),4)">Skin.SetString(OutlineHomeButton4,FF000000)</onclick>
				<onclick condition="StringCompare(Skin.String(HomeButtonSelected),5)">Skin.SetString(OutlineHomeButton5,FF000000)</onclick>
				<onclick condition="StringCompare(Skin.String(HomeButtonSelected),6)">Skin.SetString(OutlineHomeButton6,FF000000)</onclick>
				<onclick condition="StringCompare(Skin.String(HomeButtonSelected),7)">Skin.SetString(OutlineHomeButton7,FF000000)</onclick>
				<onclick condition="StringCompare(Skin.String(HomeButtonSelected),8)">Skin.SetString(OutlineHomeButton8,FF000000)</onclick>
				<onclick>Skin.SetString(HomeButtonSelected,)</onclick>
				<onclick>Dialog.Close(1122)</onclick>
			</control>
		</control>
		<control type="scrollbar" id="60">
			<posx>734</posx>
			<posy>60</posy>
			<width>66</width>
			<height>720</height>
			<texturesliderbackground colordiffuse="30FFFFFF">white.png</texturesliderbackground>
			<texturesliderbar colordiffuse="grey">white.png</texturesliderbar>
			<texturesliderbarfocus colordiffuse="selected">white.png</texturesliderbarfocus>
			<textureslidernib>blank.png</textureslidernib>
			<textureslidernibfocus>blank.png</textureslidernibfocus>
			<ondown>60</ondown>
			<onup>60</onup>
			<showonepage>false</showonepage>
			<orientation>vertical</orientation>
			<animation effect="fade" time="150">Visible</animation>
			<animation effect="fade" time="150">Hidden</animation>
			<visible>Control.IsVisible(100)</visible>
		</control>
	</controls>
</window>
