<window id="1113">
	<defaultcontrol always="true">5001</defaultcontrol>
	<allowoverlay>no</allowoverlay>
	<onload condition="!Skin.HasSetting(SaveRadioStation)">Skin.ToggleSetting(SaveRadioStation)</onload>
	<onload condition="!Skin.HasSetting(DeleteRadioStation)">Skin.ToggleSetting(DeleteRadioStation)</onload>
	<controls>
		<include>CommonBackground</include>
		<include>Header</include>
		<include>Footer</include>

		<control type="group">
			<include>VisibleFadeEffect</include>
			<visible>System.HasAddon(service.radiofm)</visible>
			<include>StationButton1</include>
			<include>StationButton2</include>
			<include>StationButton3</include>
			<include>StationButton4</include>
			<include>StationButton5</include>
			<include>StationButton6</include>
			<include>StationButton7</include>
			<include>StationButton8</include>
			<include>RadioFMPlayer</include>
	    		<include>StationCenter</include>
			<include>RadioStationNameLogo</include>		
		</control>

		<control type="label">
			<include>VisibleFadeEffect</include>
			<include>Window_OpenClose_Animation_Zoom</include>
			<visible>!System.HasAddon(service.radiofm)</visible>
			<posx>0</posx>
			<posy>460</posy>
			<width>ScreenWidth</width>
			<height>50</height>
			<align>center</align>
			<font>font30_title</font>
			<label>$LOCALIZE[40078]</label>
		</control>

		<control type="label">
			<include>Window_OpenClose_Animation_Slide_Up</include>
			<description>Window label</description>
			<include>MediaWindowTitleCommons</include>
			<label>$LOCALIZE[40054]</label>
		</control>
		<control type="panel" id="9002">
			<include>Window_OpenClose_Animation_Slide_Up</include>
			<include>BottomMenuLayout</include>
			<content>
				<item>
					<label>31200</label>
					<onclick>Back</onclick>
					<icon>icon_button_back.png</icon>
				</item>
			</content>
		</control>
   </controls>      
</window>
