<?xml version="1.0" encoding="utf-8"?>
<includes>

 <variable name="CustomColorNofocus">
   <value condition="!IsEmpty(Skin.String(CustomColorNofocus))">$INFO[Skin.String(CustomColorNofocus)]</value>
   <value>white</value>
 </variable>
 
  <variable name="CustomColorFocus">
   <value condition="!IsEmpty(Skin.String(CustomColorFocus))">$INFO[Skin.String(CustomColorFocus)]</value>
   <value>white</value>
 </variable>

  <variable name="HBOutlineColor">
   <value condition="!IsEmpty(Skin.String(HBOutlineColor))">$INFO[Skin.String(HBOutlineColor)]</value>
   <value>white</value>
 </variable>

  <variable name="CustomColorHomebuttons">
   <value condition="!IsEmpty(Skin.String(CustomColorHomebuttons))">$INFO[Skin.String(CustomColorHomebuttons)]</value>
   <value>white</value>
 </variable>

</includes>
