<?xml version="1.0" encoding="UTF-8"?>
<fonts>
	<fontset id="Default" idloc="31390"> 
	<!-- Normal Fonts -->
		<font>
			<name>font13</name>
			<filename>Arial.ttf</filename>
			<size>24</size>
		</font>
		<font>
			<name>font16</name>
			<filename>Arial.ttf</filename>
			<size>20</size>
		</font>
		<font>
			<name>font20</name>
			<filename>Arial.ttf</filename>
			<size>24</size>
		</font>
		<font>
			<name>font22</name>
			<filename>Arial.ttf</filename>
			<size>26</size>
		</font>
		<font>
			<name>font24</name>
			<filename>Arial.ttf</filename>
			<size>28</size>
		</font>
		<font>
			<name>font25</name>
			<filename>Arial.ttf</filename>
			<size>29</size>
		</font>
		<font>
			<name>font30</name>
			<filename>Arial.ttf</filename>
			<size>30</size>
		</font>
	<!-- Title Fonts -->
		<font>
			<name>font11_title</name>
			<filename>DejaVuSans-Bold.ttf</filename>
			<size>13</size>
		</font>
		<font>
			<name>font14_title</name>
			<filename>DejaVuSans-Bold.ttf</filename>
			<size>18</size>
		</font>
		<font>
			<name>font18_title</name>
			<filename>DejaVuSans-Bold.ttf</filename>
			<size>22</size>
		</font>
		<font>
			<name>font20_title</name>
			<filename>DejaVuSans-Bold.ttf</filename>
			<size>24</size>
		</font>
		<font>
			<name>font24_title</name>
			<filename>DejaVuSans-Bold.ttf</filename>
			<size>28</size>
		</font>
		<font>
			<name>font28_title</name>
			<filename>DejaVuSans-Bold.ttf</filename>
			<size>28</size>
		</font>
		<font>
			<name>font30_title</name>
			<filename>DejaVuSans-Bold.ttf</filename>
			<size>30</size>
		</font>
		<font>
			<name>font35_title</name>
			<filename>DejaVuSans-Bold.ttf</filename>
			<size>35</size>
		</font>
		<font>
			<name>font50_title</name>
			<filename>DejaVuSans-Bold.ttf</filename>
			<size>50</size>
		</font>
		<font>
			<name>font70_title</name>
			<filename>DejaVuSans-Bold.ttf</filename>
			<size>70</size>
		</font>
		<font>
			<name>font80_title</name>
			<filename>DejaVuSans-Bold.ttf</filename>
			<size>80</size>
		</font>
		<font>
			<name>font20_narrow</name>
			<filename>Arial.ttf</filename>
			<size>24</size>
			<linespacing>0.91</linespacing>
		</font>
		<font>
			<name>font_homebutton</name>
			<filename>rechargebd.ttf</filename>
			<size>50</size>
		</font>
		<font>
			<name>font_radiobutton</name>
			<filename>rechargebd.ttf</filename>
			<size>42</size>
		</font>
		<font>
			<name>font_rdslabel</name>
			<filename>rechargebd.ttf</filename>
			<size>26</size>
		</font>
		<font>
			<name>font_shutdown</name>
			<filename>rechargebd.ttf</filename>
			<size>150</size>
		</font>
	</fontset>
	<fontset id="Arial" idloc="31391"> 
	<!-- Normal Fonts -->
		<font>
			<name>font13</name>
			<filename>Arial.ttf</filename>
			<size>24</size>
		</font>
		<font>
			<name>font16</name>
			<filename>Arial.ttf</filename>
			<size>28</size>
		</font>
		<font>
			<name>font20</name>
			<filename>Arial.ttf</filename>
			<size>22</size>
		</font>
		<font>
			<name>font22</name>
			<filename>Arial.ttf</filename>
			<size>26</size>
		</font>
		<font>
			<name>font24</name>
			<filename>Arial.ttf</filename>
			<size>28</size>
		</font>
		<font>
			<name>font25</name>
			<filename>Arial.ttf</filename>
			<size>29</size>
		</font>
		<font>
			<name>font30</name>
			<filename>Arial.ttf</filename>
			<size>30</size>
		</font>
	<!-- Title Fonts -->
		<font>
			<name>font11_title</name>
			<filename>Arial.ttf</filename>
			<size>15</size>
			<style>bold</style>
		</font>
		<font>
			<name>font14_title</name>
			<filename>Arial.ttf</filename>
			<size>18</size>
			<style>bold</style>
		</font>
		<font>
			<name>font18_title</name>
			<filename>Arial.ttf</filename>
			<size>22</size>
			<style>bold</style>
		</font>
		<font>
			<name>font20_title</name>
			<filename>Arial.ttf</filename>
			<size>24</size>
			<style>bold</style>
		</font>
		<font>
			<name>font24_title</name>
			<filename>Arial.ttf</filename>
			<size>28</size>
			<style>bold</style>
		</font>
		<font>
			<name>font28_title</name>
			<filename>Arial.ttf</filename>
			<size>28</size>
			<style>bold</style>
		</font>
		<font>
			<name>font30_title</name>
			<filename>Arial.ttf</filename>
			<size>30</size>
			<style>bold</style>
		</font>
		<font>
			<name>font35_title</name>
			<filename>Arial.ttf</filename>
			<size>35</size>
			<style>bold</style>
		</font>
		<font>
			<name>font50_title</name>
			<filename>Arial.ttf</filename>
			<size>50</size>
			<style>bold</style>
		</font>
		<font>
			<name>font70_title</name>
			<filename>Arial.ttf</filename>
			<size>70</size>
			<style>bold</style>
		</font>
		<font>
			<name>font80_title</name>
			<filename>Arial.ttf</filename>
			<size>80</size>
			<style>bold</style>
		</font>
		<font>
			<name>font20_narrow</name>
			<filename>Arial.ttf</filename>
			<size>24</size>
			<linespacing>0.91</linespacing>
		</font>
		<font>
			<name>font_homebutton</name>
			<filename>Arial.ttf</filename>
			<size>62</size>
		</font>
		<font>
			<name>font_radiobutton</name>
			<filename>Arial.ttf</filename>
			<size>62</size>
		</font>
		<font>
			<name>font_rdslabel</name>
			<filename>Arial.ttf</filename>
			<size>28</size>
			<style>bold</style>
		</font>
		<font>
			<name>font_shutdown</name>
			<filename>Arial.ttf</filename>
			<size>150</size>
		</font>

	</fontset>
</fonts>
