<window id="1200">
	<defaultcontrol always="true">9000</defaultcontrol>
	<controls>
	    <include>Window_OpenClose_Animation_Zoom</include>

	    <control type="image">
		    <posx>0</posx>
		    <posy>0</posy>
		    <width>1706</width>
		    <height>960</height>
		    <texture>black.png</texture>
		    <visible>substring(Window(10000).Property(Pidash.Rearcam),true)</visible>
	    </control>
		
	    <control type="image">
		    <include>dialogeffect</include>
		    <posx>0</posx>
		    <posy>0</posy>
		    <aspectratio>stretch</aspectratio>
		    <include>1706</include>
		    <height>960</height>
		    <texture fallback="special://skin/background/SKINDEFAULT.jpg">special://skin/background/$INFO[Skin.CurrentTheme].jpg</texture>
		    <visible>!Skin.HasSetting(UseCustomBackground)</visible>
			<visible>substring(Window(10000).Property(Pidash.Rearcam),false)</visible>
	    </control>
	    <control type="image">
		    <include>dialogeffect</include>
		    <posx>0</posx>
		    <posy>0</posy>
		    <aspectratio>stretch</aspectratio>
		    <include>1706</include>
		    <height>960</height>
		    <texture>$INFO[Skin.String(CustomBackground)]</texture>
		    <visible>Skin.HasSetting(UseCustomBackground)</visible>
			<visible>substring(Window(10000).Property(Pidash.Rearcam),false)</visible>
	    </control>

	    <control type="group">
		    <visible>substring(Window(10000).Property(Pidash.Rearcam),false)</visible>
		    <include>Header</include>
		    <include>Footer</include>
		    <control type="label">
			    <include>Window_OpenClose_Animation_Slide_Up</include>
			    <description>Window label</description>
			    <include>MediaWindowTitleCommons</include>
			    <label>RPi Dashcam</label>
		    </control>
	    </control>

	    <control type="button" id="1203">
		    <description>Dummy Focus Button</description>
		    <posx>-1</posx>
		    <posy>-1</posy>
		    <width>1</width>
		    <height>1</height>
		    <font>-</font>
		    <texturenofocus></texturenofocus>
		    <texturefocus></texturefocus>
		    <onup>1202</onup>
		    <ondown>1201</ondown>
	    </control>

	    <control type="group">
		    <posx>0</posx>
		    <posy>0</posy>
		    <include>VisibleFadeEffect</include>
		    <visible>substring(Window(10000).Property(Pidash.Rearcam),false)</visible>
		    <control type="button" id="1201">
			    <description>Home Button</description>
			    <posx>22</posx>
			    <posy>2</posy>
			    <width>150</width>
			    <height>75</height>
			    <font></font>
			    <texturenofocus></texturenofocus>
			    <texturefocus></texturefocus>
			    <onclick>ActivateWindow(Home)</onclick>
			    <ondown>1205</ondown>
			    <onup>1203</onup>
		    </control>
	    </control>

	    <control type="group">
		    <visible>substring(Window(10000).Property(Pidash.Rearcam),false)</visible>
		    <posx>240r</posx>
		    <posy>100r</posy>
		    <include>Window_OpenClose_Animation_Slide_Right</include>
		    <control type="group">
			    <control type="image">
				    <posx>0</posx>
				    <posy>5</posy>
				    <width>2</width>
				    <height>95</height>
				    <texture border="2">separator.png</texture>
				    <colordiffuse>A0464646</colordiffuse>
			    </control>				    
			    <control type="button" id="1202">
				    <description>Back Button</description>
				    <posx>120</posx>
				    <posy>0</posy>
				    <width>120</width>
				    <height>100</height>
				    <texturenofocus></texturenofocus>
				    <texturefocus>list_focus.png</texturefocus>
				    <onclick>ParentDir</onclick>
				    <ondown>1203</ondown>
				    <onup>1204</onup>
				    <onleft>1204</onleft>
			    </control>
			    <control type="image">
				    <description>Back Button</description>
				    <posx>151</posx>
				    <posy>24</posy>
				    <width>60</width>
				    <height>60</height>
				    <aspectratio>keep</aspectratio>
				    <texture>icon_button_back.png</texture>
			    </control>
			    <control type="image">
				    <posx>120</posx>
				    <posy>5</posy>
				    <width>2</width>
				    <height>95</height>
				    <texture border="2">separator.png</texture>
				    <colordiffuse>A0464646</colordiffuse>
			    </control>				    
		    </control>
		
		    <control type="button" id="1214">
			    <description>File list</description>
			    <posx>0</posx>
			    <posy>0</posy>
			    <width>120</width>
			    <height>100</height>
			    <font>-</font>
			    <texturenofocus></texturenofocus>
			    <texturefocus>list_focus.png</texturefocus>
			    <onclick>ActivateWindow(Videos,$INFO[Window(10000).Property(PiDash.RecordPath)])</onclick>
		    </control>
		    <control type="image">
			    <description>File list</description>
			    <posx>31</posx>
			    <posy>24</posy>
			    <width>60</width>
			    <height>60</height>
			    <aspectratio>keep</aspectratio>
			    <texture>icon_button_filemanager.png</texture>
		    </control>
	    </control>

	    <control type="group">
		<include>Window_OpenClose_Animation_Slide_Up</include>
		<posx>480</posx>
		<posy>86r</posy>
		<include>VisibleFadeEffect</include>
		<visible>substring(Window(10000).Property(Pidash.Rearcam),false)</visible>
		<control type="button" id="1205">
			<description>Record Button</description>
			<visible>!substring(Window(10000).Property(PiDash.Record),true)</visible>
			<posx>19</posx>
			<posy>0</posy>
			<width>82</width>
			<height>82</height>
			<font>-</font>
			<texturenofocus>osd_record.png</texturenofocus>
			<texturefocus  colordiffuse="selected">osd_record.png</texturefocus>
		</control>
		<control type="button" id="1205">
			<description>Record Button</description>
			<visible>substring(Window(10000).Property(PiDash.Record),true)</visible>
			<posx>19</posx>
			<posy>0</posy>
			<width>82</width>
			<height>82</height>
			<font>-</font>
			<texturenofocus colordiffuse="red">osd_record.png</texturenofocus>
			<texturefocus colordiffuse="red">osd_record.png</texturefocus>
		</control>
		<control type="button" id="1206">
			<description>Stop Button</description>
			<posx>139</posx>
			<posy>0</posy>
			<width>82</width>
			<height>82</height>
			<texturenofocus>osd_stop.png</texturenofocus>
			<texturefocus colordiffuse="selected">osd_stop.png</texturefocus>
		</control>
		<control type="button" id="1215">
			<description>Save Button</description>
			<visible>substring(Window(10000).Property(RecordMode),true)</visible>
			<posx>259</posx>
			<posy>0</posy>
			<width>82</width>
			<height>82</height>
			<texturenofocus>osd_save.png</texturenofocus>
			<texturefocus colordiffuse="selected">osd_save.png</texturefocus>
		</control>
	    </control>

	    <control type="group">
		<include>Window_OpenClose_Animation_Slide_Down</include>
		<posx>753</posx>
		<posy>0</posy>
		<include>VisibleFadeEffect</include>
		<visible>substring(Window(10000).Property(Pidash.Rearcam),false)</visible>
	        <control type="label">
		    <description>Free Storage Info</description>
		    <posx>0</posx>
		    <posy>0</posy>
		    <width>200</width>
		    <height>82</height>
		    <font>font50_title</font>
		    <align>left</align>
		    <aligny>center</aligny>
		    <label>$INFO[Window(10000).Property(PiDash.StorageFree)]</label>
		</control>
	    </control>

	    <control type="group">
		<include>Window_OpenClose_Animation_Slide_Up</include>
		<visible>substring(Window(10000).Property(Pidash.Rearcam),false)</visible>
		<posx>0</posx>
		<posy>86r</posy>
		<include>VisibleFadeEffect</include>
		<control type="button" id="1210">
			<description>Settings Button</description>
			<posx>0</posx>
			<posy>0</posy>
			<width>82</width>
			<height>82</height>
			<font>-</font>
			<texturenofocus></texturenofocus>
			<texturefocus></texturefocus>
			<ondown>1202</ondown>
			<onup>1205</onup>
			<onright>1202</onright>
		</control>
		<control type="image">
			<description>Settings Button Image</description>
			<posx>8</posx>
			<posy>8</posy>
			<width>64</width>
			<height>64</height>
			<texture>icon_settings_w.png</texture>
		</control>
	    </control>

	    <control type="group">
		<include>Window_OpenClose_Animation_Slide_Up</include>
		<posx>853</posx>
		<posy>86r</posy>
		<include>VisibleFadeEffect</include>
		<visible>substring(Window(10000).Property(Pidash.Rearcam),false)</visible>
		<control type="button" id="1211">
			<description>Liveview Up Button</description>
			<visible>substring(Window(10000).Property(LiveviewControls),true)</visible>
			<posx>19</posx>
			<posy>0</posy>
			<width>82</width>
			<height>82</height>
			<texturenofocus>osd_up.png</texturenofocus>
			<texturefocus colordiffuse="selected">osd_up.png</texturefocus>
			<aspectratio>keep</aspectratio>
		</control>
		<control type="button" id="1213">
			<description>Liveview Up Button</description>
			<visible>substring(Window(10000).Property(LiveviewControls),true)</visible>
			<posx>139</posx>
			<posy>0</posy>
			<width>82</width>
			<height>82</height>
			<font>-</font>
			<texturenofocus>osd_plus.png</texturenofocus>
			<texturefocus border="5">osd_plus.png</texturefocus>
		</control>
		<control type="button" id="1214">
			<description>Liveview Down Button</description>
			<visible>substring(Window(10000).Property(LiveviewControls),true)</visible>
			<posx>259</posx>
			<posy>0</posy>
			<width>82</width>
			<height>82</height>
			<font>-</font>
			<texturenofocus>osd_minus.png</texturenofocus>
			<texturefocus border="5">osd_minus.png</texturefocus>
		</control>
		<control type="button" id="1212">
			<description>Liveview Down Button</description>
			<visible>substring(Window(10000).Property(LiveviewControls),true)</visible>
			<posx>379</posx>
			<posy>0</posy>
			<width>82</width>
			<height>82</height>
			<texturenofocus>osd_down.png</texturenofocus>
			<texturefocus colordiffuse="selected">osd_down.png</texturefocus>
			<aspectratio>keep</aspectratio>
		</control>

	    </control>
	    <control type="button" id="1202">
		<visible>substring(Window(10000).Property(Pidash.Rearcam),true)</visible>
		<description>XXL Back Button in rearcam mode</description>
		<posx>0</posx>
		<posy>0</posy>
		<width>1706</width>
		<height>960</height>
		<texturenofocus border="5">pidash_overlay.png</texturenofocus>
		<texturefocus border="5">pidash_overlay.png</texturefocus>
		<onclick>ParentDir</onclick>
	    </control>
	    <include>NightMode</include>
	</controls>
</window>

