<?xml version="1.0" encoding="UTF-8"?>
<window>
	<defaultcontrol always="true">450</defaultcontrol>
	<include>16x9_xPos_Relocation</include>
	<include>Window_OpenClose_Animation_Zoom</include>
	<coordinates>
		<posx>140</posx>
		<posy>80</posy>
	</coordinates>
	<controls>
		<include>BehindDialogFadeOut</include>
		<control type="image">
			<posx>0</posx>
			<posy>0</posy>
			<width>1000</width>
			<height>60</height>
			<texture border="5">dialog_header.png</texture>
		</control>
		<control type="label" id="2">
			<description>header label</description>
			<posx>20</posx>
			<posy>0</posy>
			<include>WindowTitleCommons</include>
			<width>910</width>
			<label></label>
		</control>
		<control type="group">
			<posx>930</posx>
			<posy>0</posy>
			<include>DialogCloseButtonCommons</include>
		</control>
		<control type="image">
			<posx>0</posx>
			<posy>60</posy>
			<width>1000</width>
			<height>740</height>
			<texture>dialog_back.png</texture>
		</control>
		<control type="image">
			<posx>0</posx>
			<posy>60</posy>
			<width>1000</width>
			<height>70</height>
			<texture colordiffuse="40000000">panel.png</texture>
		</control>
		<control type="button" id="22">
			<description>Set Playlist type</description>
			<posx>0</posx>
			<posy>60</posy>
			<width>1000</width>
			<height>70</height>
			<label>467</label>
			<font>font25</font>
			<onright>22</onright>
			<onleft>22</onleft>
			<onup>9001</onup>
			<ondown>12</ondown>
		</control>
		<control type="label">
			<description>Name Label</description>
			<posx>20</posx>
			<posy>130</posy>
			<width>960</width>
			<height>40</height>
			<label>21433</label>
			<font>font20_title</font>
			<align>center</align>
			<aligny>center</aligny>
		</control>
		<control type="image">
			<posx>0</posx>
			<posy>170</posy>
			<width>1000</width>
			<height>70</height>
			<texture colordiffuse="40000000">panel.png</texture>
		</control>
		<control type="button" id="12">
			<description>Name Button</description>
			<posx>0</posx>
			<posy>170</posy>
			<width>1000</width>
			<height>70</height>
			<font>font25</font>
			<align>center</align>
			<label></label>
			<onup>22</onup>
			<onleft>12</onleft>
			<onright>12</onright>
			<ondown>10</ondown>
		</control>
		<control type="image">
			<posx>0</posx>
			<posy>240</posy>
			<width>1000</width>
			<height>2</height>
			<texture border="2">separator.png</texture>
		</control>
		<control type="image">
			<posx>0</posx>
			<posy>242</posy>
			<width>760</width>
			<height>195</height>
			<texture colordiffuse="40000000">panel.png</texture>
		</control>
		<control type="list" id="10">
			<posx>0</posx>
			<posy>242</posy>
			<width>760</width>
			<height>195</height>
			<onup>9001</onup>
			<onleft>9000</onleft>
			<onright>60</onright>
			<ondown>12</ondown>
			<pagecontrol>60</pagecontrol>
			<scrolltime>200</scrolltime>
			<itemlayout height="65">
				<control type="image">
					<posx>0</posx>
					<posy>0</posy>
					<width>760</width>
					<height>65</height>
					<texture border="40,0,40,5">list_nofocus.png</texture>
				</control>
				<control type="label">
					<posx>20</posx>
					<posy>0</posy>
					<width>720</width>
					<height>65</height>
					<font>font25</font>
					<align>left</align>
					<aligny>center</aligny>
					<selectedcolor>selected</selectedcolor>
					<label>$INFO[ListItem.Label]</label>
				</control>
			</itemlayout>
			<focusedlayout height="65">
				<control type="image">
					<posx>0</posx>
					<posy>0</posy>
					<width>760</width>
					<height>65</height>
					<texture border="40,0,40,5">list_nofocus.png</texture>
					<visible>!Control.HasFocus(10)</visible>
				</control>
				<control type="image">
					<posx>0</posx>
					<posy>0</posy>
					<width>760</width>
					<height>65</height>
					<texture>list_focus.png</texture>
					<visible>Control.HasFocus(10)</visible>
				</control>
				<control type="label">
					<posx>20</posx>
					<posy>0</posy>
					<width>720</width>
					<height>65</height>
					<font>font25</font>
					<align>left</align>
					<aligny>center</aligny>
					<selectedcolor>selected</selectedcolor>
					<label>[COLOR=blue] > [/COLOR] $INFO[ListItem.Label]</label>
				</control>
			</focusedlayout>
		</control>
		<control type="group" id="9000">
			<posx>780</posx>
			<posy>272</posy>
			<control type="button" id="14">
				<description>Remove Rule Button</description>
				<posx>0</posx>
				<posy>0</posy>
				<width>200</width>
				<height>60</height>
				<label>1210</label>
				<align>center</align>
				<aligny>center</aligny>
				<font>font18_title</font>
				<texturefocus>list_focus.png</texturefocus>
				<texturenofocus>button_nofocus.png</texturenofocus>
				<pulseonselect>false</pulseonselect>
				<onup>11</onup>
				<onleft>60</onleft>
				<onright>10</onright>
				<ondown>14</ondown>
			</control>
			<control type="button" id="15">
				<description>Edit Rule Button</description>
				<posx>0</posx>
				<posy>70</posy>
				<width>200</width>
				<height>60</height>
				<label>21435</label>
				<align>center</align>
				<aligny>center</aligny>
				<font>font18_title</font>
				<texturefocus>list_focus.png</texturefocus>
				<texturenofocus>button_nofocus.png</texturenofocus>
				<pulseonselect>false</pulseonselect>
				<onup>13</onup>
				<onleft>60</onleft>
				<onright>10</onright>
				<ondown>12</ondown>
			</control>
		</control>
		<control type="image">
			<posx>0</posx>
			<posy>437</posy>
			<width>1000</width>
			<height>2</height>
			<texture border="2">separator.png</texture>
		</control>
		<control type="image">
			<posx>0</posx>
			<posy>437</posy>
			<width>1000</width>
			<height>140</height>
			<texture colordiffuse="40000000">panel.png</texture>
		</control>
		<control type="button" id="16">
			<posx>0</posx>
			<posy>439</posy>
			<width>1000</width>
			<height>70</height>
			<label>21424</label>
			<font>font25</font>
			<onright>16</onright>
			<onleft>16</onleft>
			<onup>10</onup>
			<ondown>17</ondown>
		</control>
		<control type="button" id="17">
			<posx>0</posx>
			<posy>509</posy>
			<width>1000</width>
			<height>70</height>
			<label>21427</label>
			<font>font25</font>
			<onright>17</onright>
			<onleft>17</onleft>
			<onup>16</onup>
			<ondown>18</ondown>
		</control>
		<control type="image">
			<posx>0</posx>
			<posy>579</posy>
			<width>490</width>
			<height>70</height>
			<texture colordiffuse="40000000">panel.png</texture>
		</control>
		<control type="button" id="18">
			<posx>0</posx>
			<posy>579</posy>
			<width>490</width>
			<height>70</height>
			<label>21429</label>
			<font>font25</font>
			<onright>19</onright>
			<onleft>19</onleft>
			<onup>17</onup>
			<ondown>9001</ondown>
		</control>
		<control type="image">
			<posx>510</posx>
			<posy>579</posy>
			<width>490</width>
			<height>70</height>
			<texture colordiffuse="40000000">panel.png</texture>
		</control>
		<control type="button" id="19">
			<posx>510</posx>
			<posy>579</posy>
			<width>490</width>
			<height>70</height>
			<label>580</label>
			<font>font25</font>
			<onright>18</onright>
			<onleft>18</onleft>
			<onup>17</onup>
			<ondown>9001</ondown>
		</control>
		<control type="image">
			<posx>0</posx>
			<posy>649</posy>
			<width>490</width>
			<height>70</height>
			<texture colordiffuse="40000000">panel.png</texture>
		</control>
		<control type="button" id="23">
			<posx>0</posx>
			<posy>649</posy>
			<width>490</width>
			<height>70</height>
			<label>21458</label>
			<font>font25</font>
			<onright>19</onright>
			<onleft>19</onleft>
			<onup>17</onup>
			<ondown>9001</ondown>
		</control>
		<control type="image">
			<posx>510</posx>
			<posy>649</posy>
			<width>490</width>
			<height>70</height>
			<texture colordiffuse="40000000">panel.png</texture>
		</control>
		<control type="radiobutton" id="24">
			<posx>510</posx>
			<posy>649</posy>
			<width>490</width>
			<height>70</height>
			<label>$LOCALIZE[467]: $LOCALIZE[21459]</label>
			<font>font25</font>
			<onright>18</onright>
			<onleft>18</onleft>
			<onup>17</onup>
			<ondown>9001</ondown>
		</control>
		<control type="grouplist" id="9002">
			<posx>20</posx>
			<posy>730</posy>
			<width>960</width>
			<height>60</height>
			<itemgap>20</itemgap>
			<align>center</align>
			<orientation>horizontal</orientation>
			<onleft>9000</onleft>
			<onright>9000</onright>
			<onup>50</onup>
			<ondown>49</ondown>
			<control type="button" id="20">
				<description>OK Button</description>
				<width>200</width>
				<include>ButtonInfoDialogsCommonValues</include>
				<label>186</label>
			</control>
			<control type="button" id="21">
				<description>Cancel Button</description>
				<width>200</width>
				<include>ButtonInfoDialogsCommonValues</include>
				<label>222</label>
			</control>
		</control>
	</controls>
</window>
