<?xml version="1.0" encoding="UTF-8"?>
<window type="dialog" id="1121">
	<defaultcontrol always="true">450</defaultcontrol>
	<include>16x9_xPos_Relocation</include>
	<include>Window_OpenClose_Animation_Zoom</include>
	<coordinates>
		<posx>280</posx>
		<posy>90</posy>
	</coordinates>
	<controls>
		<include>BehindDialogFadeOut</include>
		<control type="image">
			<posx>0</posx>
			<posy>0</posy>
			<width>800</width>
			<height>60</height>
			<texture border="5">dialog_header.png</texture>
		</control>
		<control type="image">
			<posx>0</posx>
			<posy>60</posy>
			<width>800</width>
			<height>720</height>
			<texture>dialog_back.png</texture>
		</control>
		<control type="group">
			<posx>730</posx>
			<posy>0</posy>
			<include>DialogCloseButtonCommons</include>
		</control>

		<control type="group">
			<control type="grouplist" id="100">
				<description>control area</description>
				<posx>20</posx>
				<posy>60</posy>
				<width>800</width>
				<height>660</height>
				<itemgap>-1</itemgap>
				<pagecontrol>40</pagecontrol>
				<onup>9</onup>
				<ondown>9001</ondown>
				<onleft>2</onleft>
				<onright>30</onright>
				<control type="button" id="101">
					<description>Radio FM</description>
					<height>75</height>
					<width>800</width>
					<font>font30_title</font>
					<focusedcolor>selected</focusedcolor>
					<textcolor>white</textcolor>
					<texturefocus border="0,2,0,2">button-focus2.png</texturefocus>
					<texturenofocus border="0,2,0,2">MenuItemNF.png</texturenofocus>
					<label>$LOCALIZE[40003]</label>
					<onclick condition="StringCompare(Skin.String(HomeButtonSelected),1)">Skin.SetString(HomeButton1Value,RadioFM)</onclick>
					<onclick condition="StringCompare(Skin.String(HomeButtonSelected),2)">Skin.SetString(HomeButton2Value,RadioFM)</onclick>
					<onclick condition="StringCompare(Skin.String(HomeButtonSelected),3)">Skin.SetString(HomeButton3Value,RadioFM)</onclick>
					<onclick condition="StringCompare(Skin.String(HomeButtonSelected),4)">Skin.SetString(HomeButton4Value,RadioFM)</onclick>
					<onclick condition="StringCompare(Skin.String(HomeButtonSelected),5)">Skin.SetString(HomeButton5Value,RadioFM)</onclick>
					<onclick condition="StringCompare(Skin.String(HomeButtonSelected),6)">Skin.SetString(HomeButton6Value,RadioFM)</onclick>
					<onclick condition="StringCompare(Skin.String(HomeButtonSelected),7)">Skin.SetString(HomeButton7Value,RadioFM)</onclick>
					<onclick condition="StringCompare(Skin.String(HomeButtonSelected),8)">Skin.SetString(HomeButton8Value,RadioFM)</onclick>
					<onclick>Skin.SetString(HomeButtonSelected,)</onclick>
					<onclick>Dialog.Close(1121)</onclick>
				</control>
				<control type="button" id="102">
					<description>Music Videos</description>
					<height>75</height>
					<width>800</width>
					<font>font30_title</font>
					<focusedcolor>selected</focusedcolor>
					<textcolor>white</textcolor>
					<texturefocus border="0,2,0,2">button-focus2.png</texturefocus>
					<texturenofocus border="0,2,0,2">MenuItemNF.png</texturenofocus>
					<label>$LOCALIZE[40001]</label>
					<onclick condition="StringCompare(Skin.String(HomeButtonSelected),1)">Skin.SetString(HomeButton1Value,Musicvideos)</onclick>
					<onclick condition="StringCompare(Skin.String(HomeButtonSelected),2)">Skin.SetString(HomeButton2Value,Musicvideos)</onclick>
					<onclick condition="StringCompare(Skin.String(HomeButtonSelected),3)">Skin.SetString(HomeButton3Value,Musicvideos)</onclick>
					<onclick condition="StringCompare(Skin.String(HomeButtonSelected),4)">Skin.SetString(HomeButton4Value,Musicvideos)</onclick>
					<onclick condition="StringCompare(Skin.String(HomeButtonSelected),5)">Skin.SetString(HomeButton5Value,Musicvideos)</onclick>
					<onclick condition="StringCompare(Skin.String(HomeButtonSelected),6)">Skin.SetString(HomeButton6Value,Musicvideos)</onclick>
					<onclick condition="StringCompare(Skin.String(HomeButtonSelected),7)">Skin.SetString(HomeButton7Value,Musicvideos)</onclick>
					<onclick condition="StringCompare(Skin.String(HomeButtonSelected),8)">Skin.SetString(HomeButton8Value,Musicvideos)</onclick>
					<onclick>Skin.SetString(HomeButtonSelected,)</onclick>
					<onclick>Dialog.Close(1121)</onclick>
				</control>
				<control type="button" id="103">
					<description>Playlists</description>
					<height>75</height>
					<width>800</width>
					<font>font30_title</font>
					<focusedcolor>selected</focusedcolor>
					<textcolor>white</textcolor>
					<texturefocus border="0,2,0,2">button-focus2.png</texturefocus>
					<texturenofocus border="0,2,0,2">MenuItemNF.png</texturenofocus>
					<label>$LOCALIZE[40051]</label>
					<onclick condition="StringCompare(Skin.String(HomeButtonSelected),1)">Skin.SetString(HomeButton1Value,Playlists)</onclick>
					<onclick condition="StringCompare(Skin.String(HomeButtonSelected),2)">Skin.SetString(HomeButton2Value,Playlists)</onclick>
					<onclick condition="StringCompare(Skin.String(HomeButtonSelected),3)">Skin.SetString(HomeButton3Value,Playlists)</onclick>
					<onclick condition="StringCompare(Skin.String(HomeButtonSelected),4)">Skin.SetString(HomeButton4Value,Playlists)</onclick>
					<onclick condition="StringCompare(Skin.String(HomeButtonSelected),5)">Skin.SetString(HomeButton5Value,Playlists)</onclick>
					<onclick condition="StringCompare(Skin.String(HomeButtonSelected),6)">Skin.SetString(HomeButton6Value,Playlists)</onclick>
					<onclick condition="StringCompare(Skin.String(HomeButtonSelected),7)">Skin.SetString(HomeButton7Value,Playlists)</onclick>
					<onclick condition="StringCompare(Skin.String(HomeButtonSelected),8)">Skin.SetString(HomeButton8Value,Playlists)</onclick>				<onclick>Skin.SetString(HomeButtonSelected,)</onclick>
					<onclick>Dialog.Close(1121)</onclick>
				</control>
				<control type="button" id="104">
					<description>Music</description>
					<height>75</height>
					<width>800</width>
					<font>font30_title</font>
					<focusedcolor>selected</focusedcolor>
					<textcolor>white</textcolor>
					<texturefocus border="0,2,0,2">button-focus2.png</texturefocus>
					<texturenofocus border="0,2,0,2">MenuItemNF.png</texturenofocus>
					<label>$LOCALIZE[40004]</label>
					<onclick condition="StringCompare(Skin.String(HomeButtonSelected),1)">Skin.SetString(HomeButton1Value,Albums)</onclick>
					<onclick condition="StringCompare(Skin.String(HomeButtonSelected),2)">Skin.SetString(HomeButton2Value,Albums)</onclick>
					<onclick condition="StringCompare(Skin.String(HomeButtonSelected),3)">Skin.SetString(HomeButton3Value,Albums)</onclick>
					<onclick condition="StringCompare(Skin.String(HomeButtonSelected),4)">Skin.SetString(HomeButton4Value,Albums)</onclick>
					<onclick condition="StringCompare(Skin.String(HomeButtonSelected),5)">Skin.SetString(HomeButton5Value,Albums)</onclick>
					<onclick condition="StringCompare(Skin.String(HomeButtonSelected),6)">Skin.SetString(HomeButton6Value,Albums)</onclick>
					<onclick condition="StringCompare(Skin.String(HomeButtonSelected),7)">Skin.SetString(HomeButton7Value,Albums)</onclick>
					<onclick condition="StringCompare(Skin.String(HomeButtonSelected),8)">Skin.SetString(HomeButton8Value,Albums)</onclick>				<onclick>Skin.SetString(HomeButtonSelected,)</onclick>
					<onclick>Dialog.Close(1121)</onclick>
				</control>
				<control type="button" id="105">
					<description>Movies</description>
					<height>75</height>
					<width>800</width>
					<font>font30_title</font>
					<focusedcolor>selected</focusedcolor>
					<textcolor>white</textcolor>
					<texturefocus border="0,2,0,2">button-focus2.png</texturefocus>
					<texturenofocus border="0,2,0,2">MenuItemNF.png</texturenofocus>
					<label>$LOCALIZE[40022]</label>
					<onclick condition="StringCompare(Skin.String(HomeButtonSelected),1)">Skin.SetString(HomeButton1Value,Movies)</onclick>
					<onclick condition="StringCompare(Skin.String(HomeButtonSelected),2)">Skin.SetString(HomeButton2Value,Movies)</onclick>
					<onclick condition="StringCompare(Skin.String(HomeButtonSelected),3)">Skin.SetString(HomeButton3Value,Movies)</onclick>
					<onclick condition="StringCompare(Skin.String(HomeButtonSelected),4)">Skin.SetString(HomeButton4Value,Movies)</onclick>
					<onclick condition="StringCompare(Skin.String(HomeButtonSelected),5)">Skin.SetString(HomeButton5Value,Movies)</onclick>
					<onclick condition="StringCompare(Skin.String(HomeButtonSelected),6)">Skin.SetString(HomeButton6Value,Movies)</onclick>
					<onclick condition="StringCompare(Skin.String(HomeButtonSelected),7)">Skin.SetString(HomeButton7Value,Movies)</onclick>
					<onclick condition="StringCompare(Skin.String(HomeButtonSelected),8)">Skin.SetString(HomeButton8Value,Movies)</onclick>				<onclick>Skin.SetString(HomeButtonSelected,)</onclick>
					<onclick>Dialog.Close(1121)</onclick>
				</control>
				<control type="button" id="106">
					<description>Pictures</description>
					<height>75</height>
					<width>800</width>
					<font>font30_title</font>
					<focusedcolor>selected</focusedcolor>
					<textcolor>white</textcolor>
					<texturefocus border="0,2,0,2">button-focus2.png</texturefocus>
					<texturenofocus border="0,2,0,2">MenuItemNF.png</texturenofocus>
					<label>$LOCALIZE[40002]</label>
					<onclick condition="StringCompare(Skin.String(HomeButtonSelected),1)">Skin.SetString(HomeButton1Value,Pictures)</onclick>
					<onclick condition="StringCompare(Skin.String(HomeButtonSelected),2)">Skin.SetString(HomeButton2Value,Pictures)</onclick>
					<onclick condition="StringCompare(Skin.String(HomeButtonSelected),3)">Skin.SetString(HomeButton3Value,Pictures)</onclick>
					<onclick condition="StringCompare(Skin.String(HomeButtonSelected),4)">Skin.SetString(HomeButton4Value,Pictures)</onclick>
					<onclick condition="StringCompare(Skin.String(HomeButtonSelected),5)">Skin.SetString(HomeButton5Value,Pictures)</onclick>
					<onclick condition="StringCompare(Skin.String(HomeButtonSelected),6)">Skin.SetString(HomeButton6Value,Pictures)</onclick>
					<onclick condition="StringCompare(Skin.String(HomeButtonSelected),7)">Skin.SetString(HomeButton7Value,Pictures)</onclick>
					<onclick condition="StringCompare(Skin.String(HomeButtonSelected),8)">Skin.SetString(HomeButton8Value,Pictures)</onclick>				<onclick>Skin.SetString(HomeButtonSelected,)</onclick>
					<onclick>Dialog.Close(1121)</onclick>
				</control>
				<control type="button" id="107">
					<description>Navigation</description>
					<height>75</height>
					<width>800</width>
					<font>font30_title</font>
					<focusedcolor>selected</focusedcolor>
					<textcolor>white</textcolor>
					<texturefocus border="0,2,0,2">button-focus2.png</texturefocus>
					<texturenofocus border="0,2,0,2">MenuItemNF.png</texturenofocus>
					<label>$LOCALIZE[40008]</label>
					<onclick condition="StringCompare(Skin.String(HomeButtonSelected),1)">Skin.SetString(HomeButton1Value,Navigation)</onclick>
					<onclick condition="StringCompare(Skin.String(HomeButtonSelected),2)">Skin.SetString(HomeButton2Value,Navigation)</onclick>
					<onclick condition="StringCompare(Skin.String(HomeButtonSelected),3)">Skin.SetString(HomeButton3Value,Navigation)</onclick>
					<onclick condition="StringCompare(Skin.String(HomeButtonSelected),4)">Skin.SetString(HomeButton4Value,Navigation)</onclick>
					<onclick condition="StringCompare(Skin.String(HomeButtonSelected),5)">Skin.SetString(HomeButton5Value,Navigation)</onclick>
					<onclick condition="StringCompare(Skin.String(HomeButtonSelected),6)">Skin.SetString(HomeButton6Value,Navigation)</onclick>
					<onclick condition="StringCompare(Skin.String(HomeButtonSelected),7)">Skin.SetString(HomeButton7Value,Navigation)</onclick>
					<onclick condition="StringCompare(Skin.String(HomeButtonSelected),8)">Skin.SetString(HomeButton8Value,Navigation)</onclick>				<onclick>Skin.SetString(HomeButtonSelected,)</onclick>
					<onclick>Dialog.Close(1121)</onclick>
				</control>
				<control type="button" id="108">
					<description>Favourites</description>
					<height>75</height>
					<width>800</width>
					<font>font30_title</font>
					<focusedcolor>selected</focusedcolor>
					<textcolor>white</textcolor>
					<texturefocus border="0,2,0,2">button-focus2.png</texturefocus>
					<texturenofocus border="0,2,0,2">MenuItemNF.png</texturenofocus>
					<label>$LOCALIZE[40007]</label>
					<onclick condition="StringCompare(Skin.String(HomeButtonSelected),1)">Skin.SetString(HomeButton1Value,Favourites)</onclick>
					<onclick condition="StringCompare(Skin.String(HomeButtonSelected),2)">Skin.SetString(HomeButton2Value,Favourites)</onclick>
					<onclick condition="StringCompare(Skin.String(HomeButtonSelected),3)">Skin.SetString(HomeButton3Value,Favourites)</onclick>
					<onclick condition="StringCompare(Skin.String(HomeButtonSelected),4)">Skin.SetString(HomeButton4Value,Favourites)</onclick>
					<onclick condition="StringCompare(Skin.String(HomeButtonSelected),5)">Skin.SetString(HomeButton5Value,Favourites)</onclick>
					<onclick condition="StringCompare(Skin.String(HomeButtonSelected),6)">Skin.SetString(HomeButton6Value,Favourites)</onclick>
					<onclick condition="StringCompare(Skin.String(HomeButtonSelected),7)">Skin.SetString(HomeButton7Value,Favourites)</onclick>
					<onclick condition="StringCompare(Skin.String(HomeButtonSelected),8)">Skin.SetString(HomeButton8Value,Favourites)</onclick>				<onclick>Skin.SetString(HomeButtonSelected,)</onclick>
					<onclick>Dialog.Close(1121)</onclick>
				</control>
				<control type="button" id="109">
					<description>Settings</description>
					<height>75</height>
					<width>800</width>
					<font>font30_title</font>
					<focusedcolor>selected</focusedcolor>
					<textcolor>white</textcolor>
					<texturefocus border="0,2,0,2">button-focus2.png</texturefocus>
					<texturenofocus border="0,2,0,2">MenuItemNF.png</texturenofocus>
					<label>$LOCALIZE[40074]</label>
					<onclick condition="StringCompare(Skin.String(HomeButtonSelected),1)">Skin.SetString(HomeButton1Value,Settings)</onclick>
					<onclick condition="StringCompare(Skin.String(HomeButtonSelected),2)">Skin.SetString(HomeButton2Value,Settings)</onclick>
					<onclick condition="StringCompare(Skin.String(HomeButtonSelected),3)">Skin.SetString(HomeButton3Value,Settings)</onclick>
					<onclick condition="StringCompare(Skin.String(HomeButtonSelected),4)">Skin.SetString(HomeButton4Value,Settings)</onclick>
					<onclick condition="StringCompare(Skin.String(HomeButtonSelected),5)">Skin.SetString(HomeButton5Value,Settings)</onclick>
					<onclick condition="StringCompare(Skin.String(HomeButtonSelected),6)">Skin.SetString(HomeButton6Value,Settings)</onclick>
					<onclick condition="StringCompare(Skin.String(HomeButtonSelected),7)">Skin.SetString(HomeButton7Value,Settings)</onclick>
					<onclick condition="StringCompare(Skin.String(HomeButtonSelected),8)">Skin.SetString(HomeButton8Value,Settings)</onclick>				<onclick>Skin.SetString(HomeButtonSelected,)</onclick>
					<onclick>Dialog.Close(1121)</onclick>
				</control>
				<control type="button" id="110">
					<description>Settings</description>
					<height>75</height>
					<width>800</width>
					<font>font30_title</font>
					<focusedcolor>selected</focusedcolor>
					<textcolor>white</textcolor>
					<texturefocus border="0,2,0,2">button-focus2.png</texturefocus>
					<texturenofocus border="0,2,0,2">MenuItemNF.png</texturenofocus>
					<label>$LOCALIZE[40005]</label>
					<onclick condition="StringCompare(Skin.String(HomeButtonSelected),1)">Skin.SetString(HomeButton1Value,Programs)</onclick>
					<onclick condition="StringCompare(Skin.String(HomeButtonSelected),2)">Skin.SetString(HomeButton2Value,Programs)</onclick>
					<onclick condition="StringCompare(Skin.String(HomeButtonSelected),3)">Skin.SetString(HomeButton3Value,Programs)</onclick>
					<onclick condition="StringCompare(Skin.String(HomeButtonSelected),4)">Skin.SetString(HomeButton4Value,Programs)</onclick>
					<onclick condition="StringCompare(Skin.String(HomeButtonSelected),5)">Skin.SetString(HomeButton5Value,Programs)</onclick>
					<onclick condition="StringCompare(Skin.String(HomeButtonSelected),6)">Skin.SetString(HomeButton6Value,Programs)</onclick>
					<onclick condition="StringCompare(Skin.String(HomeButtonSelected),7)">Skin.SetString(HomeButton7Value,Programs)</onclick>
					<onclick condition="StringCompare(Skin.String(HomeButtonSelected),8)">Skin.SetString(HomeButton8Value,Programs)</onclick>				<onclick>Skin.SetString(HomeButtonSelected,)</onclick>
					<onclick>Dialog.Close(1121)</onclick>
				</control>
				<control type="button" id="111">
					<description>Shutdown</description>
					<height>75</height>
					<width>800</width>
					<font>font30_title</font>
					<focusedcolor>selected</focusedcolor>
					<textcolor>white</textcolor>
					<texturefocus border="0,2,0,2">button-focus2.png</texturefocus>
					<texturenofocus border="0,2,0,2">MenuItemNF.png</texturenofocus>
					<label>$LOCALIZE[20343]</label>
					<onclick condition="StringCompare(Skin.String(HomeButtonSelected),1)">Skin.SetString(HomeButton1Value,TVShows)</onclick>
					<onclick condition="StringCompare(Skin.String(HomeButtonSelected),2)">Skin.SetString(HomeButton2Value,TVShows)</onclick>
					<onclick condition="StringCompare(Skin.String(HomeButtonSelected),3)">Skin.SetString(HomeButton3Value,TVShows)</onclick>
					<onclick condition="StringCompare(Skin.String(HomeButtonSelected),4)">Skin.SetString(HomeButton4Value,TVShows)</onclick>
					<onclick condition="StringCompare(Skin.String(HomeButtonSelected),5)">Skin.SetString(HomeButton5Value,TVShows)</onclick>
					<onclick condition="StringCompare(Skin.String(HomeButtonSelected),6)">Skin.SetString(HomeButton6Value,TVShows)</onclick>
					<onclick condition="StringCompare(Skin.String(HomeButtonSelected),7)">Skin.SetString(HomeButton7Value,TVShows)</onclick>
					<onclick condition="StringCompare(Skin.String(HomeButtonSelected),8)">Skin.SetString(HomeButton8Value,TVShows)</onclick>				<onclick>Skin.SetString(HomeButtonSelected,)</onclick>
					<onclick>Dialog.Close(1121)</onclick>
				</control>
				<control type="button" id="112">
					<description>Shutdown</description>
					<height>75</height>
					<width>800</width>
					<font>font30_title</font>
					<focusedcolor>selected</focusedcolor>
					<textcolor>white</textcolor>
					<texturefocus border="0,2,0,2">button-focus2.png</texturefocus>
					<texturenofocus border="0,2,0,2">MenuItemNF.png</texturenofocus>
					<label>$LOCALIZE[19023]</label>
					<onclick condition="StringCompare(Skin.String(HomeButtonSelected),1)">Skin.SetString(HomeButton1Value,LiveTV)</onclick>
					<onclick condition="StringCompare(Skin.String(HomeButtonSelected),2)">Skin.SetString(HomeButton2Value,LiveTV)</onclick>
					<onclick condition="StringCompare(Skin.String(HomeButtonSelected),3)">Skin.SetString(HomeButton3Value,LiveTV)</onclick>
					<onclick condition="StringCompare(Skin.String(HomeButtonSelected),4)">Skin.SetString(HomeButton4Value,LiveTV)</onclick>
					<onclick condition="StringCompare(Skin.String(HomeButtonSelected),5)">Skin.SetString(HomeButton5Value,LiveTV)</onclick>
					<onclick condition="StringCompare(Skin.String(HomeButtonSelected),6)">Skin.SetString(HomeButton6Value,LiveTV)</onclick>
					<onclick condition="StringCompare(Skin.String(HomeButtonSelected),7)">Skin.SetString(HomeButton7Value,LiveTV)</onclick>
					<onclick condition="StringCompare(Skin.String(HomeButtonSelected),8)">Skin.SetString(HomeButton8Value,LiveTV)</onclick>				<onclick>Skin.SetString(HomeButtonSelected,)</onclick>
					<onclick>Dialog.Close(1121)</onclick>
				</control>
				<control type="button" id="113">
					<description>Shutdown</description>
					<height>75</height>
					<width>800</width>
					<font>font30_title</font>
					<focusedcolor>selected</focusedcolor>
					<textcolor>white</textcolor>
					<texturefocus border="0,2,0,2">button-focus2.png</texturefocus>
					<texturenofocus border="0,2,0,2">MenuItemNF.png</texturenofocus>
					<label>$LOCALIZE[19024]</label>
					<onclick condition="StringCompare(Skin.String(HomeButtonSelected),1)">Skin.SetString(HomeButton1Value,LiveRadio)</onclick>
					<onclick condition="StringCompare(Skin.String(HomeButtonSelected),2)">Skin.SetString(HomeButton2Value,LiveRadio)</onclick>
					<onclick condition="StringCompare(Skin.String(HomeButtonSelected),3)">Skin.SetString(HomeButton3Value,LiveRadio)</onclick>
					<onclick condition="StringCompare(Skin.String(HomeButtonSelected),4)">Skin.SetString(HomeButton4Value,LiveRadio)</onclick>
					<onclick condition="StringCompare(Skin.String(HomeButtonSelected),5)">Skin.SetString(HomeButton5Value,LiveRadio)</onclick>
					<onclick condition="StringCompare(Skin.String(HomeButtonSelected),6)">Skin.SetString(HomeButton6Value,LiveRadio)</onclick>
					<onclick condition="StringCompare(Skin.String(HomeButtonSelected),7)">Skin.SetString(HomeButton7Value,LiveRadio)</onclick>
					<onclick condition="StringCompare(Skin.String(HomeButtonSelected),8)">Skin.SetString(HomeButton8Value,LiveRadio)</onclick>				<onclick>Skin.SetString(HomeButtonSelected,)</onclick>
					<onclick>Dialog.Close(1121)</onclick>
				</control>		
				<control type="button" id="114">
					<description>Shutdown</description>
					<height>75</height>
					<width>800</width>
					<font>font30_title</font>
					<focusedcolor>selected</focusedcolor>
					<textcolor>white</textcolor>
					<texturefocus border="0,2,0,2">button-focus2.png</texturefocus>
					<texturenofocus border="0,2,0,2">MenuItemNF.png</texturenofocus>
					<label>$LOCALIZE[40006]</label>
					<onclick condition="StringCompare(Skin.String(HomeButtonSelected),1)">Skin.SetString(HomeButton1Value,Shutdown)</onclick>
					<onclick condition="StringCompare(Skin.String(HomeButtonSelected),2)">Skin.SetString(HomeButton2Value,Shutdown)</onclick>
					<onclick condition="StringCompare(Skin.String(HomeButtonSelected),3)">Skin.SetString(HomeButton3Value,Shutdown)</onclick>
					<onclick condition="StringCompare(Skin.String(HomeButtonSelected),4)">Skin.SetString(HomeButton4Value,Shutdown)</onclick>
					<onclick condition="StringCompare(Skin.String(HomeButtonSelected),5)">Skin.SetString(HomeButton5Value,Shutdown)</onclick>
					<onclick condition="StringCompare(Skin.String(HomeButtonSelected),6)">Skin.SetString(HomeButton6Value,Shutdown)</onclick>
					<onclick condition="StringCompare(Skin.String(HomeButtonSelected),7)">Skin.SetString(HomeButton7Value,Shutdown)</onclick>
					<onclick condition="StringCompare(Skin.String(HomeButtonSelected),8)">Skin.SetString(HomeButton8Value,Shutdown)</onclick>				<onclick>Skin.SetString(HomeButtonSelected,)</onclick>
					<onclick>Dialog.Close(1121)</onclick>
				</control>
			</control>
			<control type="scrollbar" id="60">
				<posx>734</posx>
				<posy>80</posy>
				<width>66</width>
				<height>660</height>
				<texturesliderbackground colordiffuse="30FFFFFF">white.png</texturesliderbackground>
				<texturesliderbar colordiffuse="grey">white.png</texturesliderbar>
				<texturesliderbarfocus colordiffuse="selected">white.png</texturesliderbarfocus>
				<textureslidernib>blank.png</textureslidernib>
				<textureslidernibfocus>blank.png</textureslidernibfocus>
				<onleft>3</onleft>
				<onright>3</onright>
				<ondown>60</ondown>
				<onup>60</onup>
				<showonepage>false</showonepage>
				<orientation>vertical</orientation>
				<animation effect="fade" time="150">Visible</animation>
				<animation effect="fade" time="150">Hidden</animation>
			</control>
		</control>
	</controls>
</window>


