<?xml version="1.0" encoding="UTF-8"?>
<window>
	<backgroundcolor>background</backgroundcolor>
	<controls>
		<include>DefaultBackground</include>
		<control type="image">
			<depth>DepthBackground</depth>
			<include>FullScreenDimensions</include>
			<aspectratio>scale</aspectratio>
			<texture background="true" colordiffuse="$VAR[Background_Opacity]">$VAR[NextAiredFanartVar]</texture>
			<fadetime>400</fadetime>
			<animation effect="fade" start="0" end="100" time="400">WindowOpen</animation>
			<animation effect="fade" start="100" end="0" time="300">WindowClose</animation>
			<animation effect="fade" time="400">VisibleChange</animation>
		</control>
		<control type="grouplist" id="2000">
			<left>617</left>
			<orientation>vertical</orientation>
			<height>100%</height>
			<scrolltime tween="cubic" easing="out">500</scrolltime>
			<itemgap>-160</itemgap>
			<onup>2000</onup>
			<ondown>2000</ondown>
			<usecontrolcoords>true</usecontrolcoords>
			<include>OpenClose_Right</include>
			<include>Visible_Right</include>
			<include content="NextAiredPosterWidget" description="Yesterday">
				<param name="widget_header" value="$INFO[Window(Home).Property(NextAired.YesterdayText)] $INFO[Window(home).Property(NextAired.200.Date),(,)]"/>
				<param name="Container.Label" value="$INFO[Container(200).ListItem.Label]"/>
				<param name="list_id" value="200"/>
			</include>
			<include content="NextAiredPosterWidget" description="Today">
				<param name="widget_header" value="$INFO[Window(Home).Property(NextAired.TodayText)] $INFO[Window(home).Property(NextAired.201.Date),(,)]"/>
				<param name="Container.Label" value="$INFO[Container(201).ListItem.Label]"/>
				<param name="list_id" value="201"/>
			</include>
			<include content="NextAiredPosterWidget" description="Today +1">
				<param name="widget_header" value="$INFO[Window(Home).Property(NextAired.TomorrowText)] $INFO[Window(home).Property(NextAired.202.Date),(,)]"/>
				<param name="Container.Label" value="$INFO[Container(202).ListItem.Label]"/>
				<param name="list_id" value="202"/>
			</include>
			<include content="NextAiredPosterWidget" description="Today +2">
				<param name="widget_header" value="$INFO[Window(Home).Property(NextAired.203.Weekday)] $INFO[Window(home).Property(NextAired.203.Date),(,)]"/>
				<param name="Container.Label" value="$INFO[Container(203).ListItem.Label]"/>
				<param name="list_id" value="203"/>
			</include>
			<include content="NextAiredPosterWidget" description="Today +3">
				<param name="widget_header" value="$INFO[Window(Home).Property(NextAired.204.Weekday)] $INFO[Window(home).Property(NextAired.204.Date),(,)]"/>
				<param name="Container.Label" value="$INFO[Container(204).ListItem.Label]"/>
				<param name="list_id" value="204"/>
			</include>
			<include content="NextAiredPosterWidget" description="Today +4">
				<param name="widget_header" value="$INFO[Window(Home).Property(NextAired.205.Weekday)] $INFO[Window(home).Property(NextAired.205.Date),(,)]"/>
				<param name="Container.Label" value="$INFO[Container(205).ListItem.Label]"/>
				<param name="list_id" value="205"/>
			</include>
			<include content="NextAiredPosterWidget" description="Today +5">
				<param name="widget_header" value="$INFO[Window(Home).Property(NextAired.206.Weekday)] $INFO[Window(home).Property(NextAired.206.Date),(,)]"/>
				<param name="Container.Label" value="$INFO[Container(206).ListItem.Label]"/>
				<param name="list_id" value="206"/>
			</include>
			<include content="NextAiredPosterWidget" description="Today +6">
				<param name="widget_header" value="$INFO[Window(Home).Property(NextAired.207.Weekday)] $INFO[Window(home).Property(NextAired.207.Date),(,)]"/>
				<param name="Container.Label" value="$INFO[Container(207).ListItem.Label]"/>
				<param name="list_id" value="207"/>
			</include>
			<include content="NextAiredPosterWidget" description="Today +7">
				<param name="widget_header" value="$INFO[Window(Home).Property(NextAired.208.Weekday)] $INFO[Window(home).Property(NextAired.208.Date),(,)]"/>
				<param name="Container.Label" value="$INFO[Container(208).ListItem.Label]"/>
				<param name="list_id" value="208"/>
			</include>
			<include content="NextAiredPosterWidget" description="Today +8">
				<param name="widget_header" value="$INFO[Window(Home).Property(NextAired.209.Weekday)] $INFO[Window(home).Property(NextAired.209.Date),(,)]"/>
				<param name="Container.Label" value="$INFO[Container(209).ListItem.Label]"/>
				<param name="list_id" value="209"/>
			</include>
			<include content="NextAiredPosterWidget" description="Today +9">
				<param name="widget_header" value="$INFO[Window(Home).Property(NextAired.210.Weekday)] $INFO[Window(home).Property(NextAired.210.Date),(,)]"/>
				<param name="Container.Label" value="$INFO[Container(210).ListItem.Label]"/>
				<param name="list_id" value="210"/>
			</include>
			<include content="NextAiredPosterWidget" description="Today +10">
				<param name="widget_header" value="$INFO[Window(Home).Property(NextAired.211.Weekday)] $INFO[Window(home).Property(NextAired.211.Date),(,)]"/>
				<param name="Container.Label" value="$INFO[Container(211).ListItem.Label]"/>
				<param name="list_id" value="211"/>
			</include>
			<include content="NextAiredPosterWidget" description="Today +11">
				<param name="widget_header" value="$INFO[Window(Home).Property(NextAired.212.Weekday)] $INFO[Window(home).Property(NextAired.212.Date),(,)]"/>
				<param name="Container.Label" value="$INFO[Container(212).ListItem.Label]"/>
				<param name="list_id" value="212"/>
			</include>
			<include content="NextAiredPosterWidget" description="Today +12">
				<param name="widget_header" value="$INFO[Window(Home).Property(NextAired.213.Weekday)] $INFO[Window(home).Property(NextAired.213.Date),(,)]"/>
				<param name="Container.Label" value="$INFO[Container(213).ListItem.Label]"/>
				<param name="list_id" value="213"/>
			</include>
			<include content="NextAiredPosterWidget" description="Today +13">
				<param name="widget_header" value="$INFO[Window(Home).Property(NextAired.214.Weekday)] $INFO[Window(home).Property(NextAired.214.Date),(,)]"/>
				<param name="Container.Label" value="$INFO[Container(214).ListItem.Label]"/>
				<param name="list_id" value="214"/>
			</include>
			<include content="NextAiredPosterWidget" description="Today +14">
				<param name="widget_header" value="$INFO[Window(Home).Property(NextAired.215.Weekday)] $INFO[Window(home).Property(NextAired.215.Date),(,)]"/>
				<param name="Container.Label" value="$INFO[Container(215).ListItem.Label]"/>
				<param name="list_id" value="215"/>
			</include>
		</control>
		<control type="group">
			<depth>DepthContentPanel</depth>
			<include>OpenClose_Left</include>
			<include>Visible_Left</include>
			<top>40</top>
			<include content="ContentPanel">
				<param name="width" value="698" />
			</include>
		</control>
		<include content="TopBar">
			<param name="breadcrumbs_label" value="" />
		</include>
		<include content="BottomBar">
			<param name="info_visible" value="true" />
		</include>
		<control type="group">
			<depth>DepthContentPanel</depth>
			<include>OpenClose_Left</include>
			<include>Visible_Left</include>
			<top>40</top>
			<control type="image">
				<top>0</top>
				<width>362</width>
				<height>140</height>
				<left>137.5</left>
				<aspectratio align="center" aligny="center">keep</aspectratio>
				<texture>$VAR[NextAiredClearlogoVar]</texture>
			</control>
			<control type="group">
				<width>591</width>
				<control type="textbox">
					<top>140</top>
					<left>30</left>
					<width>578</width>
					<aligny>center</aligny>
					<align>center</align>
					<height>110</height>
					<font>font36_title</font>
					<label>$VAR[NextAiredLabelVar]</label>
					<autoscroll delay="1000" time="1000" repeat="1000">true</autoscroll>
				</control>
				<control type="image">
					<left>50.5</left>
					<top>265</top>
					<width max="537">auto</width>
					<height>330</height>
					<aspectratio aligny="top" align="center">keep</aspectratio>
					<texture background="true" fallback="DefaultVideoFanart.png">$VAR[NextAiredLandscapeVar]</texture>
					<bordertexture>colors/white.png</bordertexture>
					<bordersize>1</bordersize>
				</control>
				<control type="label">
					<left>30</left>
					<top>576</top>
					<height>30</height>
					<width>578</width>
					<aligny>center</aligny>
					<align>center</align>
					<label>$LOCALIZE[40120]</label>
					<textcolor>$VAR[SkinColorVar]</textcolor>
					<font>font25_title</font>
					<scroll>true</scroll>
					<visible>!Control.HasFocus(200)</visible>
				</control>
				<control type="label">
					<left>30</left>
					<top>576</top>
					<height>30</height>
					<width>578</width>
					<aligny>center</aligny>
					<align>center</align>
					<label>$LOCALIZE[40242]</label>
					<textcolor>$VAR[SkinColorVar]</textcolor>
					<font>font25_title</font>
					<scroll>true</scroll>
					<visible>Control.HasFocus(200)</visible>
				</control>
				<control type="label">
					<left>30</left>
					<top>606</top>
					<height>30</height>
					<width>578</width>
					<aligny>center</aligny>
					<align>center</align>
					<label>$VAR[NextAiredNextTitleVar]</label>
					<font>font12</font>
					<scroll>true</scroll>
				</control>
				<control type="label">
					<left>30</left>
					<top>651</top>
					<height>30</height>
					<width>578</width>
					<aligny>center</aligny>
					<align>center</align>
					<label>$LOCALIZE[515]</label>
					<textcolor>$VAR[SkinColorVar]</textcolor>
					<font>font25_title</font>
					<scroll>true</scroll>
				</control>
				<control type="label">
					<left>30</left>
					<top>681</top>
					<height>30</height>
					<width>578</width>
					<aligny>center</aligny>
					<align>center</align>
					<label>$VAR[NextAiredGenreVar]</label>
					<font>font12</font>
					<scroll>true</scroll>
				</control>
				<control type="label">
					<left>30</left>
					<top>731</top>
					<height>30</height>
					<width>578</width>
					<aligny>center</aligny>
					<align>center</align>
					<label>$LOCALIZE[40243]</label>
					<textcolor>$VAR[SkinColorVar]</textcolor>
					<font>font25_title</font>
					<scroll>true</scroll>
				</control>
				<control type="label">
					<left>30</left>
					<top>761</top>
					<height>30</height>
					<width>578</width>
					<aligny>center</aligny>
					<align>center</align>
					<label>$VAR[NextAiredAirTimeVar]</label>
					<font>font12</font>
					<scroll>true</scroll>
				</control>
				<control type="label">
					<left>30</left>
					<top>811</top>
					<height>30</height>
					<width>578</width>
					<aligny>center</aligny>
					<align>center</align>
					<label>$LOCALIZE[29909]</label>
					<textcolor>$VAR[SkinColorVar]</textcolor>
					<font>font25_title</font>
					<scroll>true</scroll>
				</control>
				<control type="label">
					<left>30</left>
					<top>841</top>
					<height>30</height>
					<width>578</width>
					<aligny>center</aligny>
					<align>center</align>
					<label>$VAR[NextAiredNetworkVar]</label>
					<font>font12</font>
					<scroll>true</scroll>
				</control>
			</control>
			<control type="image">
				<depth>DepthContentPopout</depth>
				<left>50.5</left>
				<bottom>60</bottom>
				<width max="537">auto</width>
				<height>99</height>
				<aspectratio align="bottom" aligny="center">keep</aspectratio>
				<texture background="true">$VAR[NextAiredBannerVar]</texture>
				<bordertexture>colors/white.png</bordertexture>
				<bordersize>1</bordersize>
			</control>
		</control>
		<include>MediaMenuMouseOverlay</include>
		<control type="group">
			<include>MediaMenuCommon</include>
			<control type="grouplist" id="9000">
				<top>90</top>
				<onleft>8</onleft>
				<onright>2000</onright>
				<onup>9000</onup>
				<ondown>9000</ondown>
				<itemgap>0</itemgap>
				<control type="label">
					<include>MediaMenuLabelCommon</include>
					<label>33063</label>
				</control>
				<control type="button" id="8">
					<description>Settings</description>
					<include>MediaMenuItemsCommon</include>
					<label>5</label>
				</control>
			</control>
		</control>
		<control type="grouplist">
			<visible>Control.HasFocus(200)</visible>
			<animation effect="fade" start="0" end="100" time="400">WindowOpen</animation>
			<animation effect="fade" start="100" end="0" time="300">WindowClose</animation>
			<orientation>horizontal</orientation>
			<align>right</align>
			<bottom>2</bottom>
			<height>48</height>
			<right>3</right>
			<width>1200</width>
			<itemgap>10</itemgap>
			<animation effect="fade" time="200">VisibleChange</animation>
			<control type="label">
				<width>auto</width>
				<height>48</height>
				<aligny>center</aligny>
				<font>font25_title</font>
				<align>right</align>
				<shadowcolor>22000000</shadowcolor>
				<label>$INFO[Container(200).CurrentItem,, / ]$INFO[Container(200).NumItems]</label>
			</control>
			<control type="image">
				<width>54</width>
				<height>44</height>
				<aspectratio>keep</aspectratio>
				<texture>frame/item-count.png</texture>
				<animation effect="fade" time="200">VisibleChange</animation>
				<xvisible>!String.IsEmpty(Container(200).NumItems)</xvisible>
			</control>
		</control>
		<control type="grouplist">
			<visible>Control.HasFocus(201)</visible>
			<animation effect="fade" start="0" end="100" time="400">WindowOpen</animation>
			<animation effect="fade" start="100" end="0" time="300">WindowClose</animation>
			<orientation>horizontal</orientation>
			<align>right</align>
			<bottom>2</bottom>
			<height>48</height>
			<right>3</right>
			<width>1200</width>
			<itemgap>10</itemgap>
			<animation effect="fade" time="200">VisibleChange</animation>
			<control type="label">
				<width>auto</width>
				<height>48</height>
				<aligny>center</aligny>
				<font>font25_title</font>
				<align>right</align>
				<shadowcolor>22000000</shadowcolor>
				<label>$INFO[Container(201).CurrentItem,, / ]$INFO[Container(201).NumItems]</label>
			</control>
			<control type="image">
				<width>54</width>
				<height>44</height>
				<aspectratio>keep</aspectratio>
				<texture>frame/item-count.png</texture>
				<animation effect="fade" time="200">VisibleChange</animation>
				<xvisible>!String.IsEmpty(Container(201).NumItems)</xvisible>
			</control>
		</control>
		<control type="grouplist">
			<visible>Control.HasFocus(202)</visible>
			<animation effect="fade" start="0" end="100" time="400">WindowOpen</animation>
			<animation effect="fade" start="100" end="0" time="300">WindowClose</animation>
			<orientation>horizontal</orientation>
			<align>right</align>
			<bottom>2</bottom>
			<height>48</height>
			<right>3</right>
			<width>1200</width>
			<itemgap>10</itemgap>
			<animation effect="fade" time="200">VisibleChange</animation>
			<control type="label">
				<width>auto</width>
				<height>48</height>
				<aligny>center</aligny>
				<font>font25_title</font>
				<align>right</align>
				<shadowcolor>22000000</shadowcolor>
				<label>$INFO[Container(202).CurrentItem,, / ]$INFO[Container(202).NumItems]</label>
			</control>
			<control type="image">
				<width>54</width>
				<height>44</height>
				<aspectratio>keep</aspectratio>
				<texture>frame/item-count.png</texture>
				<animation effect="fade" time="200">VisibleChange</animation>
				<xvisible>!String.IsEmpty(Container(202).NumItems)</xvisible>
			</control>
		</control>
		<control type="grouplist">
			<visible>Control.HasFocus(203)</visible>
			<animation effect="fade" start="0" end="100" time="400">WindowOpen</animation>
			<animation effect="fade" start="100" end="0" time="300">WindowClose</animation>
			<orientation>horizontal</orientation>
			<align>right</align>
			<bottom>2</bottom>
			<height>48</height>
			<right>3</right>
			<width>1200</width>
			<itemgap>10</itemgap>
			<animation effect="fade" time="200">VisibleChange</animation>
			<control type="label">
				<width>auto</width>
				<height>48</height>
				<aligny>center</aligny>
				<font>font25_title</font>
				<align>right</align>
				<shadowcolor>22000000</shadowcolor>
				<label>$INFO[Container(203).CurrentItem,, / ]$INFO[Container(203).NumItems]</label>
			</control>
			<control type="image">
				<width>54</width>
				<height>44</height>
				<aspectratio>keep</aspectratio>
				<texture>frame/item-count.png</texture>
				<animation effect="fade" time="200">VisibleChange</animation>
				<xvisible>!String.IsEmpty(Container(203).NumItems)</xvisible>
			</control>
		</control>
		<control type="grouplist">
			<visible>Control.HasFocus(204)</visible>
			<animation effect="fade" start="0" end="100" time="400">WindowOpen</animation>
			<animation effect="fade" start="100" end="0" time="300">WindowClose</animation>
			<orientation>horizontal</orientation>
			<align>right</align>
			<bottom>2</bottom>
			<height>48</height>
			<right>3</right>
			<width>1200</width>
			<itemgap>10</itemgap>
			<animation effect="fade" time="200">VisibleChange</animation>
			<control type="label">
				<width>auto</width>
				<height>48</height>
				<aligny>center</aligny>
				<font>font25_title</font>
				<align>right</align>
				<shadowcolor>22000000</shadowcolor>
				<label>$INFO[Container(204).CurrentItem,, / ]$INFO[Container(204).NumItems]</label>
			</control>
			<control type="image">
				<width>54</width>
				<height>44</height>
				<aspectratio>keep</aspectratio>
				<texture>frame/item-count.png</texture>
				<animation effect="fade" time="200">VisibleChange</animation>
				<xvisible>!String.IsEmpty(Container(204).NumItems)</xvisible>
			</control>
		</control>
		<control type="grouplist">
			<visible>Control.HasFocus(205)</visible>
			<animation effect="fade" start="0" end="100" time="400">WindowOpen</animation>
			<animation effect="fade" start="100" end="0" time="300">WindowClose</animation>
			<orientation>horizontal</orientation>
			<align>right</align>
			<bottom>2</bottom>
			<height>48</height>
			<right>3</right>
			<width>1200</width>
			<itemgap>10</itemgap>
			<animation effect="fade" time="200">VisibleChange</animation>
			<control type="label">
				<width>auto</width>
				<height>48</height>
				<aligny>center</aligny>
				<font>font25_title</font>
				<align>right</align>
				<shadowcolor>22000000</shadowcolor>
				<label>$INFO[Container(205).CurrentItem,, / ]$INFO[Container(205).NumItems]</label>
			</control>
			<control type="image">
				<width>54</width>
				<height>44</height>
				<aspectratio>keep</aspectratio>
				<texture>frame/item-count.png</texture>
				<animation effect="fade" time="200">VisibleChange</animation>
				<xvisible>!String.IsEmpty(Container(205).NumItems)</xvisible>
			</control>
		</control>
		<control type="grouplist">
			<visible>Control.HasFocus(206)</visible>
			<animation effect="fade" start="0" end="100" time="400">WindowOpen</animation>
			<animation effect="fade" start="100" end="0" time="300">WindowClose</animation>
			<orientation>horizontal</orientation>
			<align>right</align>
			<bottom>2</bottom>
			<height>48</height>
			<right>3</right>
			<width>1200</width>
			<itemgap>10</itemgap>
			<animation effect="fade" time="200">VisibleChange</animation>
			<control type="label">
				<width>auto</width>
				<height>48</height>
				<aligny>center</aligny>
				<font>font25_title</font>
				<align>right</align>
				<shadowcolor>22000000</shadowcolor>
				<label>$INFO[Container(206).CurrentItem,, / ]$INFO[Container(206).NumItems]</label>
			</control>
			<control type="image">
				<width>54</width>
				<height>44</height>
				<aspectratio>keep</aspectratio>
				<texture>frame/item-count.png</texture>
				<animation effect="fade" time="200">VisibleChange</animation>
				<xvisible>!String.IsEmpty(Container(206).NumItems)</xvisible>
			</control>
		</control>
		<control type="grouplist">
			<visible>Control.HasFocus(207)</visible>
			<animation effect="fade" start="0" end="100" time="400">WindowOpen</animation>
			<animation effect="fade" start="100" end="0" time="300">WindowClose</animation>
			<orientation>horizontal</orientation>
			<align>right</align>
			<bottom>2</bottom>
			<height>48</height>
			<right>3</right>
			<width>1200</width>
			<itemgap>10</itemgap>
			<animation effect="fade" time="200">VisibleChange</animation>
			<control type="label">
				<width>auto</width>
				<height>48</height>
				<aligny>center</aligny>
				<font>font25_title</font>
				<align>right</align>
				<shadowcolor>22000000</shadowcolor>
				<label>$INFO[Container(207).CurrentItem,, / ]$INFO[Container(207).NumItems]</label>
			</control>
			<control type="image">
				<width>54</width>
				<height>44</height>
				<aspectratio>keep</aspectratio>
				<texture>frame/item-count.png</texture>
				<animation effect="fade" time="200">VisibleChange</animation>
				<xvisible>!String.IsEmpty(Container(207).NumItems)</xvisible>
			</control>
		</control>
		<control type="grouplist">
			<visible>Control.HasFocus(208)</visible>
			<animation effect="fade" start="0" end="100" time="400">WindowOpen</animation>
			<animation effect="fade" start="100" end="0" time="300">WindowClose</animation>
			<orientation>horizontal</orientation>
			<align>right</align>
			<bottom>2</bottom>
			<height>48</height>
			<right>3</right>
			<width>1200</width>
			<itemgap>10</itemgap>
			<animation effect="fade" time="200">VisibleChange</animation>
			<control type="label">
				<width>auto</width>
				<height>48</height>
				<aligny>center</aligny>
				<font>font25_title</font>
				<align>right</align>
				<shadowcolor>22000000</shadowcolor>
				<label>$INFO[Container(208).CurrentItem,, / ]$INFO[Container(208).NumItems]</label>
			</control>
			<control type="image">
				<width>54</width>
				<height>44</height>
				<aspectratio>keep</aspectratio>
				<texture>frame/item-count.png</texture>
				<animation effect="fade" time="200">VisibleChange</animation>
				<xvisible>!String.IsEmpty(Container(208).NumItems)</xvisible>
			</control>
		</control>
		<control type="grouplist">
			<visible>Control.HasFocus(209)</visible>
			<animation effect="fade" start="0" end="100" time="400">WindowOpen</animation>
			<animation effect="fade" start="100" end="0" time="300">WindowClose</animation>
			<orientation>horizontal</orientation>
			<align>right</align>
			<bottom>2</bottom>
			<height>48</height>
			<right>3</right>
			<width>1200</width>
			<itemgap>10</itemgap>
			<animation effect="fade" time="200">VisibleChange</animation>
			<control type="label">
				<width>auto</width>
				<height>48</height>
				<aligny>center</aligny>
				<font>font25_title</font>
				<align>right</align>
				<shadowcolor>22000000</shadowcolor>
				<label>$INFO[Container(209).CurrentItem,, / ]$INFO[Container(209).NumItems]</label>
			</control>
			<control type="image">
				<width>54</width>
				<height>44</height>
				<aspectratio>keep</aspectratio>
				<texture>frame/item-count.png</texture>
				<animation effect="fade" time="200">VisibleChange</animation>
				<xvisible>!String.IsEmpty(Container(209).NumItems)</xvisible>
			</control>
		</control>
		<control type="grouplist">
			<visible>Control.HasFocus(210)</visible>
			<animation effect="fade" start="0" end="100" time="400">WindowOpen</animation>
			<animation effect="fade" start="100" end="0" time="300">WindowClose</animation>
			<orientation>horizontal</orientation>
			<align>right</align>
			<bottom>2</bottom>
			<height>48</height>
			<right>3</right>
			<width>1200</width>
			<itemgap>10</itemgap>
			<animation effect="fade" time="200">VisibleChange</animation>
			<control type="label">
				<width>auto</width>
				<height>48</height>
				<aligny>center</aligny>
				<font>font25_title</font>
				<align>right</align>
				<shadowcolor>22000000</shadowcolor>
				<label>$INFO[Container(210).CurrentItem,, / ]$INFO[Container(210).NumItems]</label>
			</control>
			<control type="image">
				<width>54</width>
				<height>44</height>
				<aspectratio>keep</aspectratio>
				<texture>frame/item-count.png</texture>
				<animation effect="fade" time="200">VisibleChange</animation>
				<xvisible>!String.IsEmpty(Container(210).NumItems)</xvisible>
			</control>
		</control>
		<control type="grouplist">
			<visible>Control.HasFocus(211)</visible>
			<animation effect="fade" start="0" end="100" time="400">WindowOpen</animation>
			<animation effect="fade" start="100" end="0" time="300">WindowClose</animation>
			<orientation>horizontal</orientation>
			<align>right</align>
			<bottom>2</bottom>
			<height>48</height>
			<right>3</right>
			<width>1200</width>
			<itemgap>10</itemgap>
			<animation effect="fade" time="200">VisibleChange</animation>
			<control type="label">
				<width>auto</width>
				<height>48</height>
				<aligny>center</aligny>
				<font>font25_title</font>
				<align>right</align>
				<shadowcolor>22000000</shadowcolor>
				<label>$INFO[Container(211).CurrentItem,, / ]$INFO[Container(211).NumItems]</label>
			</control>
			<control type="image">
				<width>54</width>
				<height>44</height>
				<aspectratio>keep</aspectratio>
				<texture>frame/item-count.png</texture>
				<animation effect="fade" time="200">VisibleChange</animation>
				<xvisible>!String.IsEmpty(Container(211).NumItems)</xvisible>
			</control>
		</control>
		<control type="grouplist">
			<visible>Control.HasFocus(212)</visible>
			<animation effect="fade" start="0" end="100" time="400">WindowOpen</animation>
			<animation effect="fade" start="100" end="0" time="300">WindowClose</animation>
			<orientation>horizontal</orientation>
			<align>right</align>
			<bottom>2</bottom>
			<height>48</height>
			<right>3</right>
			<width>1200</width>
			<itemgap>10</itemgap>
			<animation effect="fade" time="200">VisibleChange</animation>
			<control type="label">
				<width>auto</width>
				<height>48</height>
				<aligny>center</aligny>
				<font>font25_title</font>
				<align>right</align>
				<shadowcolor>22000000</shadowcolor>
				<label>$INFO[Container(212).CurrentItem,, / ]$INFO[Container(212).NumItems]</label>
			</control>
			<control type="image">
				<width>54</width>
				<height>44</height>
				<aspectratio>keep</aspectratio>
				<texture>frame/item-count.png</texture>
				<animation effect="fade" time="200">VisibleChange</animation>
				<xvisible>!String.IsEmpty(Container(212).NumItems)</xvisible>
			</control>
		</control>
		<control type="grouplist">
			<visible>Control.HasFocus(213)</visible>
			<animation effect="fade" start="0" end="100" time="400">WindowOpen</animation>
			<animation effect="fade" start="100" end="0" time="300">WindowClose</animation>
			<orientation>horizontal</orientation>
			<align>right</align>
			<bottom>2</bottom>
			<height>48</height>
			<right>3</right>
			<width>1200</width>
			<itemgap>10</itemgap>
			<animation effect="fade" time="200">VisibleChange</animation>
			<control type="label">
				<width>auto</width>
				<height>48</height>
				<aligny>center</aligny>
				<font>font25_title</font>
				<align>right</align>
				<shadowcolor>22000000</shadowcolor>
				<label>$INFO[Container(213).CurrentItem,, / ]$INFO[Container(213).NumItems]</label>
			</control>
			<control type="image">
				<width>54</width>
				<height>44</height>
				<aspectratio>keep</aspectratio>
				<texture>frame/item-count.png</texture>
				<animation effect="fade" time="200">VisibleChange</animation>
				<xvisible>!String.IsEmpty(Container(213).NumItems)</xvisible>
			</control>
		</control>
		<control type="grouplist">
			<visible>Control.HasFocus(214)</visible>
			<animation effect="fade" start="0" end="100" time="400">WindowOpen</animation>
			<animation effect="fade" start="100" end="0" time="300">WindowClose</animation>
			<orientation>horizontal</orientation>
			<align>right</align>
			<bottom>2</bottom>
			<height>48</height>
			<right>3</right>
			<width>1200</width>
			<itemgap>10</itemgap>
			<animation effect="fade" time="200">VisibleChange</animation>
			<control type="label">
				<width>auto</width>
				<height>48</height>
				<aligny>center</aligny>
				<font>font25_title</font>
				<align>right</align>
				<shadowcolor>22000000</shadowcolor>
				<label>$INFO[Container(214).CurrentItem,, / ]$INFO[Container(214).NumItems]</label>
			</control>
			<control type="image">
				<width>54</width>
				<height>44</height>
				<aspectratio>keep</aspectratio>
				<texture>frame/item-count.png</texture>
				<animation effect="fade" time="200">VisibleChange</animation>
				<xvisible>!String.IsEmpty(Container(214).NumItems)</xvisible>
			</control>
		</control>
		<control type="grouplist">
			<visible>Control.HasFocus(215)</visible>
			<animation effect="fade" start="0" end="100" time="400">WindowOpen</animation>
			<animation effect="fade" start="100" end="0" time="300">WindowClose</animation>
			<orientation>horizontal</orientation>
			<align>right</align>
			<bottom>2</bottom>
			<height>48</height>
			<right>3</right>
			<width>1200</width>
			<itemgap>10</itemgap>
			<animation effect="fade" time="200">VisibleChange</animation>
			<control type="label">
				<width>auto</width>
				<height>48</height>
				<aligny>center</aligny>
				<font>font25_title</font>
				<align>right</align>
				<shadowcolor>22000000</shadowcolor>
				<label>$INFO[Container(215).CurrentItem,, / ]$INFO[Container(215).NumItems]</label>
			</control>
			<control type="image">
				<width>54</width>
				<height>44</height>
				<aspectratio>keep</aspectratio>
				<texture>frame/item-count.png</texture>
				<animation effect="fade" time="200">VisibleChange</animation>
				<xvisible>!String.IsEmpty(Container(215).NumItems)</xvisible>
			</control>
		</control>
	</controls>
</window>