<?xml version="1.0" encoding="UTF-8"?>
<window>
	<onload condition="Window.IsVisible(yesnodialog)">SetFocus(10)</onload>
	<coordinates>
		<posx>280</posx>
		<posy>300</posy>
	</coordinates>
	<include>16x9_xPos_Relocation</include>
	<include>dialogeffect</include>
	<controls>
		<include>BehindDialogFadeOut</include>
		<control type="image">
			<posx>0</posx>
			<posy>0</posy>
			<width>700</width>
			<height>80</height>
			<texture border="5">dialog_header.png</texture>
		</control>
		<control type="group">
			<posx>610</posx>
			<posy>0</posy>
			<include>DialogCloseButtonCommons</include>
		</control>
		<control type="label" id="1">
			<description>header label</description>
			<posx>20</posx>
			<posy>0</posy>
			<include>WindowTitleCommons</include>
			<width>600</width>
		</control>
		<control type="image">
			<description>Background</description>
			<posx>0</posx>
			<posy>80</posy>
			<width>700</width>
			<height>270</height>
			<texture>dialog_back.png</texture>
		</control>
		<control type="textbox" id="9">
			<posx>20</posx>
			<posy>92</posy>
			<width>660</width>
			<height>138</height>
			<label></label>
			<font>font24</font>
		</control>
		<control type="progress" id="20">
			<description>Progressbar</description>
			<posx>20</posx>
			<posy>210</posy>
			<width>660</width>
			<height>10</height>
			<info>System.Progressbar</info>
		</control>
		<control type="grouplist" id="9000">
			<posx>20</posx>
			<posy>240</posy>
			<width>660</width>
			<height>60</height>
			<itemgap>10</itemgap>
			<align>center</align>
			<orientation>horizontal</orientation>
			<onleft>9000</onleft>
			<onright>9000</onright>
			<onup>9000</onup>
			<ondown>9000</ondown>
			<visible>!Window.IsVisible(yesnodialog)</visible>
			<control type="button" id="10">
				<description>OK button</description>
				<width>200</width>
				<include>ButtonInfoDialogsCommonValues</include>
			</control>
			<control type="button" id="11">
				<description>Cancel button</description>
				<width>200</width>
				<include>ButtonInfoDialogsCommonValues</include>
			</control>
			<control type="button" id="12">
				<description>Custom button</description>
				<width>200</width>
				<include>ButtonInfoDialogsCommonValues</include>
			</control>
		</control>
		<control type="group">
			<posx>145</posx>
			<posy>240</posy>
			<width>660</width>
			<height>60</height>
			<visible>Window.IsVisible(yesnodialog)</visible>
			<control type="button" id="11">
				<description>Yes button</description>
				<posx>0</posx>
				<posy>0</posy>
				<width>200</width>
				<include>ButtonInfoDialogsCommonValues</include>
			</control>
			<control type="button" id="10">
				<description>No button</description>
				<posx>210</posx>
				<posy>0</posy>
				<width>200</width>
				<include>ButtonInfoDialogsCommonValues</include>
			</control>
		</control>
	</controls>
</window>
