<?xml version="1.0" encoding="UTF-8"?>
<window>
	<defaultcontrol always="true">50</defaultcontrol>
	<views>50</views>
	<onunload>ClearProperty(PopupMenuVisible,Home)</onunload>
	<controls>
		<include>CommonBackground</include>
		<include>SideMenu</include>
		<include>Header</include>
		<include>CommonNowPlaying</include>
		<include>Footer</include>
		<control type="label">
			<description>Window label</description>
			<include>MediaWindowTitleCommons</include>
			<label>$LOCALIZE[14111]</label>
		</control>
		<control type="group">
			<include>Window_OpenClose_Animation_Zoom</include>
			<include content="List" condition="String.IsEqual(Skin.AspectRatio,16:9)"> <!-- view id = 50 -->
				<param name="panel-width" value="1530"/>
				<param name="label-width" value="1240"/>
				<param name="label2-posx" value="1360r"/>
			</include>
			<include content="List" condition="String.IsEqual(Skin.AspectRatio,4:3)"> <!-- view id = 50 -->
				<param name="panel-width" value="1090"/>
				<param name="label-width" value="800"/>
				<param name="label2-posx" value="920r"/>
			</include>
		</control>

		<control type="list" id="50">
			<include>Window_OpenClose_Animation_Zoom</include>
			<left>120</left>
			<top>130</top>
			<width>1530</width>
			<height>700</height>
			<onleft>9000</onleft>
			<onright>60</onright>
			<onup>50</onup>
			<ondown>50</ondown>
			<viewtype label="535">list</viewtype>
			<pagecontrol>60</pagecontrol>
			<scrolltime>200</scrolltime>
			<itemlayout height="90" width="1530">
				<control type="image">
					<left>5</left>
					<top>5</top>
					<width>80</width>
					<height>80</height>
					<texture border="4" fallback="DefaultAddon.png">$INFO[Listitem.Icon]</texture>
					<aspectratio>scale</aspectratio>
					<bordertexture colordiffuse="border_alpha">black.png</bordertexture>
					<bordersize>4</bordersize>
				</control>
				<control type="label">
					<left>125</left>
					<top>12</top>
					<width>1270</width>
					<height>35</height>
					<aligny>center</aligny>
					<font>font12</font>
					<label>$INFO[ListItem.Label]</label>
				</control>
				<control type="textbox">
					<left>125</left>
					<top>42</top>
					<width>1270</width>
					<height>60</height>
					<font>font10_title</font>
					<textcolor>grey</textcolor>
					<aligny>top</aligny>
					<label>$INFO[ListItem.Property(Event.Description)]</label>
				</control>
				<control type="label">
					<left>125</left>
					<top>12</top>
					<width>1400</width>
					<height>35</height>
					<font>font12</font>
					<textcolor>selected</textcolor>
					<align>right</align>
					<aligny>center</aligny>
					<label>$INFO[ListItem.Label2]</label>
				</control>
			</itemlayout>
			<focusedlayout height="90" width="1530">
				<control type="image">
					<left>0</left>
					<top>0</top>
					<width>1530</width>
					<height>90</height>
					<texture border="90,3,90,3">list_focus.png</texture>
					<visible>!Control.HasFocus(50)</visible>
				</control>
				<control type="image">
					<left>0</left>
					<top>0</top>
					<width>1530</width>
					<height>90</height>
					<texture colordiffuse="selected">list_focus.png</texture>
					<visible>Control.HasFocus(50)</visible>
				</control>
				<control type="image">
					<left>5</left>
					<top>5</top>
					<width>80</width>
					<height>80</height>
					<texture border="4" fallback="DefaultAddon.png">$INFO[Listitem.Icon]</texture>
					<aspectratio>scale</aspectratio>
					<bordertexture colordiffuse="border_alpha">black.png</bordertexture>
					<bordersize>4</bordersize>
				</control>
				<control type="label">
					<left>125</left>
					<top>12</top>
					<width>1270</width>
					<height>35</height>
					<aligny>center</aligny>
					<font>font12</font>
					<label>$INFO[ListItem.Label]</label>
				</control>
				<control type="textbox">
					<left>125</left>
					<top>42</top>
					<width>1270</width>
					<height>60</height>
					<font>font10_title</font>
					<textcolor>grey</textcolor>
					<aligny>top</aligny>
					<label>$INFO[ListItem.Property(Event.Description)]</label>
				</control>
				<control type="label">
					<left>125</left>
					<top>12</top>
					<width>1400</width>
					<height>35</height>
					<font>font12</font>
					<textcolor>selected</textcolor>
					<align>right</align>
					<aligny>center</aligny>
					<label>$INFO[ListItem.Label2]</label>
				</control>
			</focusedlayout>
		</control>

		<include>ScrollBarCommons</include>
		<include>BottomMenu</include>
		<include content="PopupMenu">
			<param name="panel-posy">240</param>
			<param name="panel-height">360</param>
		</include>
		<include>ScrollOffsetLabel</include>
		<include>NightMode</include>
	</controls>
</window>

