<?xml version="1.0" encoding="UTF-8"?>
<window>
	<defaultcontrol always="true">20</defaultcontrol>
	<include>16x9_xPos_Relocation</include>
	<include>Window_OpenClose_Animation_Zoom</include>
	<coordinates>
		<posx>75</posx>
		<posy>90</posy>
	</coordinates>
	<controls>
		<include>BehindDialogFadeOut</include>
		<control type="image">
			<posx>0</posx>
			<posy>0</posy>
			<width>1130</width>
			<height>60</height>
			<texture border="5">dialog_header.png</texture>
		</control>
		<control type="label">
			<posx>20</posx>
			<posy>0</posy>
			<include>WindowTitleCommons</include>
			<width>1130</width>
			<label>$LOCALIZE[19199] - $LOCALIZE[19023]</label>
			<visible>String.IsEmpty(Window.Property(IsRadio))</visible>
		</control>
		<control type="label">
			<posx>20</posx>
			<posy>0</posy>
			<include>WindowTitleCommons</include>
			<width>1130</width>
			<label>$LOCALIZE[19199] - $LOCALIZE[19024]</label>
			<visible>!String.IsEmpty(Window.Property(IsRadio))</visible>
		</control>
		<control type="group">
			<posx>1060</posx>
			<posy>0</posy>
			<include>DialogCloseButtonCommons</include>
		</control>
		<control type="image">
			<posx>0</posx>
			<posy>60</posy>
			<width>1130</width>
			<height>720</height>
			<texture>dialog_back.png</texture>
		</control>
		<control type="image">
			<posx>0</posx>
			<posy>60</posy>
			<width>500</width>
			<height>630</height>
			<texture colordiffuse="40000000">panel.png</texture>
		</control>
		<control type="list" id="20">
			<posx>0</posx>
			<posy>60</posy>
			<width>500</width>
			<height>630</height>
			<onleft>9000</onleft>
			<onright>60</onright>
			<onup>20</onup>
			<ondown>10</ondown>
			<pagecontrol>60</pagecontrol>
			<scrolltime>200</scrolltime>
			<itemlayout height="70" width="500">
				<control type="image">
					<posx>0</posx>
					<posy>0</posy>
					<width>500</width>
					<height>70</height>
					<texture border="40,0,40,5">list_nofocus.png</texture>
				</control>
				<control type="image">
					<posx>5</posx>
					<posy>5</posy>
					<width>60</width>
					<height>60</height>
					<texture background="true">$INFO[ListItem.Icon]</texture>
					<aspectratio>keep</aspectratio>
				</control>
				<control type="label">
					<posx>75</posx>
					<posy>0</posy>
					<width>420</width>
					<height>60</height>
					<font>font20</font>
					<align>left</align>
					<aligny>center</aligny>
					<selectedcolor>selected</selectedcolor>
					<label>$INFO[ListItem.Property(Number),(,) - ]$INFO[ListItem.Property(Name)]</label>
				</control>
			</itemlayout>
			<focusedlayout height="70" width="500">
				<control type="image">
					<posx>0</posx>
					<posy>0</posy>
					<width>500</width>
					<height>70</height>
					<texture>list_focus.png</texture>
				</control>
				<control type="image">
					<posx>5</posx>
					<posy>5</posy>
					<width>60</width>
					<height>60</height>
					<texture background="true">$INFO[ListItem.Icon]</texture>
					<aspectratio>keep</aspectratio>
				</control>
				<control type="label">
					<posx>75</posx>
					<posy>0</posy>
					<width>420</width>
					<height>60</height>
					<font>font20</font>
					<align>left</align>
					<aligny>center</aligny>
					<selectedcolor>selected</selectedcolor>
					<label>$INFO[ListItem.Property(Number),(,) - ]$INFO[ListItem.Property(Name)]</label>
				</control>
			</focusedlayout>
		</control>
		<control type="scrollbar" id="60">
			<posx>512</posx>
			<posy>90</posy>
			<width>26</width>
			<height>570</height>
			<texturesliderbackground colordiffuse="30FFFFFF">white.png</texturesliderbackground>
			<texturesliderbar colordiffuse="grey">white.png</texturesliderbar>
			<texturesliderbarfocus colordiffuse="blue">white.png</texturesliderbarfocus>
			<textureslidernib>blank.png</textureslidernib>
			<textureslidernibfocus>blank.png</textureslidernibfocus>
			<onleft>20</onleft>
			<onright>20</onright>
			<ondown>60</ondown>
			<onup>60</onup>
			<showonepage>false</showonepage>
			<orientation>vertical</orientation>
			<animation effect="fade" time="150">Visible</animation>
			<animation effect="fade" time="150">Hidden</animation>
		</control>
		<control type="image">
			<posx>550</posx>
			<posy>100</posy>
			<width>580</width>
			<height>415</height>
			<texture colordiffuse="40000000">panel.png</texture>
		</control>
		<control type="grouplist">
			<posx>550</posx>
			<posy>60</posy>
			<itemgap>-1</itemgap>
			<control type="label" id="900">
				<width>580</width>
				<height>40</height>
				<font>font20_title</font>
				<label>$LOCALIZE[31559]</label>
				<align>center</align>
				<aligny>center</aligny>
			</control>
			<control type="radiobutton" id="7">
				<description>Channel activated</description>
				<width>580</width>
				<height>70</height>
				<font>font25</font>
				<textoffsetx>12</textoffsetx>
				<aligny>center</aligny>
				<pulseonselect>no</pulseonselect>
				<label>19074</label>
			</control>
			<control type="edit" id="8">
				<description>Channel name</description>
				<width>580</width>
				<height>70</height>
				<font>font25</font>
				<textoffsetx>12</textoffsetx>
				<label>19201</label>
			</control>
			<control type="group" id="999">
				<posx>0</posx>
				<posy>0</posy>
				<width>580</width>
				<height>70</height>
				<control type="button" id="9">
					<description>Channel logo Button</description>
					<posx>0</posx>
					<posy>0</posy>
					<width>580</width>
					<height>70</height>
					<font>font25</font>
					<textoffsetx>12</textoffsetx>
					<label>19202</label>
					<onleft>20</onleft>
					<onright>9000</onright>
					<onup>8</onup>
					<ondown>12</ondown>
				</control>
				<control type="image" id="10">
					<description>Current Channel Icon</description>
					<posx>515</posx>
					<posy>5</posy>
					<width>60</width>
					<height>60</height>
					<aspectratio>keep</aspectratio>
					<texture>$INFO[ListItem.Property(Icon)]</texture>
				</control>
			</control>
			<control type="radiobutton" id="12">
				<description>EPG activated</description>
				<width>580</width>
				<height>70</height>
				<font>font25</font>
				<textoffsetx>12</textoffsetx>
				<aligny>center</aligny>
				<pulseonselect>no</pulseonselect>
				<label>19206</label>
			</control>
			<control type="spincontrolex" id="13">
				<description>EPG source</description>
				<width>580</width>
				<height>70</height>
				<font>font25</font>
				<textoffsetx>12</textoffsetx>
				<aligny>center</aligny>
				<label>19200</label>
			</control>
			<control type="radiobutton" id="14">
				<description>Parental locked</description>
				<width>580</width>
				<height>70</height>
				<font>font25</font>
				<textoffsetx>12</textoffsetx>
				<aligny>center</aligny>
				<pulseonselect>no</pulseonselect>
				<label>19267</label>
				<onleft>20</onleft>
			</control>
		</control>
		<control type="grouplist" id="9000">
			<posx>0</posx>
			<posy>710</posy>
			<width>1130</width>
			<height>60</height>
			<itemgap>5</itemgap>
			<align>center</align>
			<orientation>horizontal</orientation>
			<onleft>9000</onleft>
			<onright>9000</onright>
			<onup>20</onup>
			<ondown>20</ondown>
			<control type="button" id="4">
				<description>OK button</description>
				<width>200</width>
				<include>ButtonInfoDialogsCommonValues</include>
				<label>186</label>
			</control>
			<control type="button" id="6">
				<description>Cancel button</description>
				<width>200</width>
				<include>ButtonInfoDialogsCommonValues</include>
				<label>222</label>
			</control>
			<control type="button" id="5">
				<description>Apply</description>
				<width>250</width>
				<include>ButtonInfoDialogsCommonValues</include>
				<label>14070</label>
			</control>
			<control type="togglebutton" id="34">
				<description>TV/Radio Button</description>
				<width>250</width>
				<include>ButtonInfoDialogsCommonValues</include>
				<usealttexture>!String.IsEmpty(Window.Property(IsRadio))</usealttexture>
				<alttexturefocus>list_focus.png</alttexturefocus>
				<alttexturenofocus>button_nofocus.png</alttexturenofocus>
				<label>19024</label>
				<altlabel>19023</altlabel>
			</control>
			<control type="button" id="31">
				<description>Add channel button</description>
				<width>250</width>
				<include>ButtonInfoDialogsCommonValues</include>
				<label>19204</label>
			</control>
		</control>
	</controls>
</window>
