<?xml version="1.0" encoding="utf-8"?>
<window>
	<defaultcontrol always="true">11</defaultcontrol>
	<include>Animation_DialogPopupOpenClose</include>
	<controls>
		<control type="button">
			<description>background close area</description>
			<left>0</left>
			<top>0</top>
			<width>100%</width>
			<bottom>410</bottom>
			<texturefocus />
			<texturenofocus />
			<onclick>Action(close)</onclick>
		</control>
		<control type="group">
			<bottom>0</bottom>
			<height>410</height>
			<width>100%</width>
			<control type="image">
				<animation effect="fade" start="0" end="100" time="300">WindowOpen</animation>
				<animation effect="fade" start="100" end="0" time="300">WindowClose</animation>
				<texture colordiffuse="E6FFFFFF">dialogs/dialog-bg-nobo.png</texture>
			</control>
			<control type="panel" id="11">
				<top>50</top>
				<scrolltime tween="sine">200</scrolltime>
				<orientation>horizontal</orientation>
				<itemlayout width="480" height="340">
					<control type="group">
						<left>18</left>
						<right>18</right>
						<top>5</top>
						<control type="image">
							<width>444</width>
							<height>250</height>
							<aspectratio>scale</aspectratio>
							<texture border="4">DefaultVideo.png</texture>
							<bordertexture colordiffuse="border_alpha">colors/black.png</bordertexture>
							<bordersize>4</bordersize>
						</control>
						<control type="gamewindow">
							<width>444</width>
							<height>250</height>
							<viewmode>$INFO[ListItem.Property(game.viewmode)]</viewmode>
							<videofilter>$INFO[ListItem.Property(game.videofilter)]</videofilter>
						</control>
						<control type="label">
							<top>250</top>
							<width>444</width>
							<height>40</height>
							<label>$INFO[ListItem.Label][CR][COLOR grey]$INFO[ListItem.Label2][/COLOR]</label>
							<font>font12</font>
							<shadowcolor>text_shadow</shadowcolor>
							<align>center</align>
						</control>
					</control>
				</itemlayout>
				<focusedlayout width="480" height="340">
					<control type="group">
						<left>18</left>
						<right>18</right>
						<top>5</top>
						<control type="image">
							<width>444</width>
							<height>250</height>
							<aspectratio>scale</aspectratio>
							<texture border="4">DefaultVideo.png</texture>
							<bordertexture colordiffuse="border_alpha">colors/black.png</bordertexture>
							<bordersize>4</bordersize>
						</control>
						<control type="gamewindow">
							<width>444</width>
							<height>250</height>
							<viewmode>$INFO[ListItem.Property(game.viewmode)]</viewmode>
							<videofilter>$INFO[ListItem.Property(game.videofilter)]</videofilter>
						</control>
						<control type="label">
							<top>250</top>
							<width>444</width>
							<height>40</height>
							<label>$INFO[ListItem.Label][CR][COLOR grey]$INFO[ListItem.Label2][/COLOR]</label>
							<font>font12</font>
							<shadowcolor>text_shadow</shadowcolor>
							<align>center</align>
						</control>
						<control type="image">
							<width>444</width>
							<height>250</height>
							<texture border="8" colordiffuse="$VAR[SkinColorVar]">buttons/thumbnail_focused.png</texture>
							<visible>Control.HasFocus(11)</visible>
						</control>
					</control>
				</focusedlayout>
			</control>
		</control>
	</controls>
</window>