<?xml version="1.0" encoding="UTF-8"?>
<includes>
	<include name="Thumbnail">
		<control type="panel" id="50">
			<posx>115</posx>
			<posy>115</posy>
			<width>$PARAM[panel-width]</width>
			<height>750</height>
			<onleft>2</onleft>
			<onright>60</onright>
			<onup>50</onup>
			<ondown>50</ondown>
			<viewtype label="21371">list</viewtype>
			<pagecontrol>60</pagecontrol>
			<scrolltime>200</scrolltime>
			<preloaditems>4</preloaditems>
			<animation effect="slide" start="0,0" end="-1,0" time="0" condition="String.IsEqual(Skin.AspectRatio,4:3)">Conditional</animation>
			<animation effect="slide" start="0,0" end="-1,0" time="0" condition="String.IsEqual(Skin.AspectRatio,16:9) + Container.Content(Episodes)">Conditional</animation>
			<animation effect="slide" start="0,0" end="28,0" time="0" condition="String.IsEqual(Skin.AspectRatio,4:3) + Container.Content(Episodes)">Conditional</animation>
			<itemlayout condition="!Container.Content(Movies) + !Container.Content(Seasons) + !Container.Content(Episodes) + !Container.Content(TVShows) + !Container.Content(MusicVideos)" height="374" width="374">
				<control type="image">
					<posx>10</posx>
					<posy>5</posy>
					<width>300</width>
					<height>345</height>
					<texture>button_nofocus.png</texture>
				</control>
				<control type="image">
					<posx>10</posx>
					<posy>5</posy>
					<width>300</width>
					<height>300</height>
					<texture background="true">$INFO[Listitem.Icon]</texture>
					<aspectratio>scale</aspectratio>
					<visible>Container.Content(Artists) | Container.Content(Albums) | Container.Content(Songs) | Container.Content(Addons) | Container.Content(Actors) | Container.Content(Sets) | [Window.IsVisible(Pictures) + !String.IsEmpty(Container.FolderPath)]</visible>
				</control>
				<control type="image">
					<posx>67</posx>
					<posy>62</posy>
					<width>186</width>
					<height>186</height>
					<texture background="true">$INFO[Listitem.Icon]</texture>
					<aspectratio>keep</aspectratio>
					<visible>[Container.Content() + !Window.IsVisible(Pictures)] | Container.Content(Files) | Container.Content(Genres) | Container.Content(Years) | Container.Content(Directors) | Container.Content(Studios) | Container.Content(Countries) | Container.Content(Tags) | Container.Content(Playlists) | [Window.IsVisible(Pictures) + String.IsEmpty(Container.FolderPath)]</visible>
				</control>
				<control type="image">
					<posx>10</posx>
					<posy>305</posy>
					<width>300</width>
					<height>45</height>
					<texture colordiffuse="40000000">black.png</texture>
				</control>
				<control type="textbox">
					<posx>10</posx>
					<posy>300</posy>
					<width>300</width>
					<height>49</height>
					<font>font20_narrow</font>
					<selectedcolor>selected</selectedcolor>
					<align>center</align>
					<aligny>center</aligny>
					<label>$INFO[ListItem.Label]</label>
				</control>
				<control type="image">
					<posx>280</posx>
					<posy>2</posy>
					<width>30</width>
					<height>30</height>
					<aspectratio>keep</aspectratio>
					<texture>OverlayWatched.png</texture>
					<visible>Window.IsVisible(AddonBrowser) + String.IsEqual(ListItem.Label2,$LOCALIZE[305])</visible>
				</control>
			</itemlayout>
			<focusedlayout condition="!Container.Content(Movies) + !Container.Content(Seasons) + !Container.Content(Episodes) + !Container.Content(TVShows) + !Container.Content(MusicVideos)" height="250" width="218">
				<control type="image">
					<posx>10</posx>
					<posy>5</posy>
					<width>300</width>
					<height>345</height>
					<texture>button_nofocus.png</texture>
				</control>
				<control type="image">
					<posx>10</posx>
					<posy>5</posy>
					<width>300</width>
					<height>300</height>
					<texture background="true">$INFO[Listitem.Icon]</texture>
					<aspectratio>scale</aspectratio>
					<visible>Container.Content(Artists) | Container.Content(Albums) | Container.Content(Songs) | Container.Content(Addons) | Container.Content(Actors) | Container.Content(Sets) | [Window.IsVisible(Pictures) + !String.IsEmpty(Container.FolderPath)]</visible>
				</control>
				<control type="image">
					<posx>67</posx>
					<posy>62</posy>
					<width>186</width>
					<height>186</height>
					<texture background="true">$INFO[Listitem.Icon]</texture>
					<aspectratio>keep</aspectratio>
					<visible>[Container.Content() + !Window.IsVisible(Pictures)] | Container.Content(Files) | Container.Content(Genres) | Container.Content(Years) | Container.Content(Directors) | Container.Content(Studios) | Container.Content(Countries) | Container.Content(Tags) | Container.Content(Playlists) | [Window.IsVisible(Pictures) + String.IsEmpty(Container.FolderPath)]</visible>
				</control>
				<control type="image">
					<posx>10</posx>
					<posy>305</posy>
					<width>300</width>
					<height>45</height>
					<texture>list_focus.png</texture>
				</control>
				<control type="textbox">
					<posx>10</posx>
					<posy>300</posy>
					<width>300</width>
					<height>49</height>
					<font>font20_narrow</font>
					<selectedcolor>selected</selectedcolor>
					<align>center</align>
					<aligny>center</aligny>
					<label>$INFO[ListItem.Label]</label>
				</control>
				<control type="image">
					<posx>280</posx>
					<posy>2</posy>
					<width>30</width>
					<height>30</height>
					<aspectratio>keep</aspectratio>
					<texture>OverlayWatched.png</texture>
					<visible>Window.IsVisible(AddonBrowser) + String.IsEqual(ListItem.Label2,$LOCALIZE[305])</visible>
				</control>
			</focusedlayout>
			<itemlayout condition="Container.Content(Movies) | Container.Content(Seasons) | Container.Content(TVShows)" height="375" width="300">
				<control type="image">
					<posx>10</posx>
					<posy>5</posy>
					<width>250</width>
					<height>345</height>
					<texture>button_nofocus.png</texture>
				</control>
				<control type="image">
					<posx>10</posx>
					<posy>5</posy>
					<width>250</width>
					<height>300</height>
					<texture background="true">$VAR[PosterThumb]</texture>
					<aspectratio>stretch</aspectratio>
				</control>
				<control type="image">
					<posx>10</posx>
					<posy>305</posy>
					<width>250</width>
					<height>45</height>
					<texture colordiffuse="40000000">black.png</texture>
				</control>
				<control type="textbox">
					<posx>10</posx>
					<posy>300</posy>
					<width>250</width>
					<height>49</height>
					<font>font20_narrow</font>
					<selectedcolor>selected</selectedcolor>
					<align>center</align>
					<aligny>center</aligny>
					<label>$INFO[ListItem.Label]</label>
				</control>
				<control type="image">
					<posx>220</posx>
					<posy>11</posy>
					<width>40</width>
					<height>30</height>
					<texture>$INFO[ListItem.VideoResolution,flagging/resolution/,.png]</texture>
				</control>
				<control type="image">
					<posx>220</posx>
					<posy>11</posy>
					<width>40</width>
					<height>30</height>
					<texture>flagging/source/Set.png</texture>
					<visible>ListItem.IsCollection</visible>
				</control>
				<control type="image">
					<posx>220</posx>
					<posy>310</posy>
					<width>30</width>
					<height>30</height>
					<texture>$INFO[ListItem.Overlay]</texture>
				</control>
			</itemlayout>
			<focusedlayout condition="Container.Content(Movies) | Container.Content(Seasons) | Container.Content(TVShows)" height="375" width="218">
				<control type="image">
					<posx>10</posx>
					<posy>5</posy>
					<width>250</width>
					<height>345</height>
					<texture>button_nofocus.png</texture>
				</control>
				<control type="image">
					<posx>10</posx>
					<posy>5</posy>
					<width>250</width>
					<height>300</height>
					<texture background="true">$VAR[PosterThumb]</texture>
					<aspectratio>stretch</aspectratio>
				</control>
				<control type="image">
					<posx>10</posx>
					<posy>305</posy>
					<width>250</width>
					<height>45</height>
					<texture>list_focus.png</texture>
				</control>
				<control type="textbox">
					<posx>10</posx>
					<posy>300</posy>
					<width>250</width>
					<height>49</height>
					<font>font20_narrow</font>
					<selectedcolor>selected</selectedcolor>
					<align>center</align>
					<aligny>center</aligny>
					<label>$INFO[ListItem.Label]</label>
				</control>
				<control type="image">
					<posx>220</posx>
					<posy>11</posy>
					<width>40</width>
					<height>30</height>
					<texture>$INFO[ListItem.VideoResolution,flagging/resolution/,.png]</texture>
				</control>
				<control type="image">
					<posx>220</posx>
					<posy>11</posy>
					<width>40</width>
					<height>30</height>
					<texture>flagging/source/Set.png</texture>
					<visible>ListItem.IsCollection</visible>
				</control>
				<control type="image">
					<posx>220</posx>
					<posy>310</posy>
					<width>30</width>
					<height>30</height>
					<texture>$INFO[ListItem.Overlay]</texture>
				</control>
			</focusedlayout>
			<itemlayout condition="Container.Content(Episodes) | Container.Content(MusicVideos)" height="250" width="374">
				<control type="image">
					<posx>5</posx>
					<posy>5</posy>
					<width>348</width>
					<height>213</height>
					<texture>button_nofocus.png</texture>
				</control>
				<control type="image">
					<posx>5</posx>
					<posy>5</posy>
					<width>348</width>
					<height>168</height>
					<aspectratio>scale</aspectratio>
					<texture background="true">$INFO[Listitem.Icon]</texture>
				</control>
				<control type="image">
					<posx>5</posx>
					<posy>173</posy>
					<width>348</width>
					<height>45</height>
					<texture colordiffuse="40000000">black.png</texture>
				</control>
				<control type="textbox">
					<posx>5</posx>
					<posy>168</posy>
					<width>348</width>
					<height>49</height>
					<font>font20_narrow</font>
					<selectedcolor>selected</selectedcolor>
					<align>center</align>
					<aligny>center</aligny>
					<label>$INFO[ListItem.Label]</label>
				</control>
				<control type="image">
					<posx>308</posx>
					<posy>10</posy>
					<width>40</width>
					<height>30</height>
					<texture>$INFO[ListItem.VideoResolution,flagging/resolution/,.png]</texture>
				</control>
				<control type="image">
					<posx>313</posx>
					<posy>180</posy>
					<width>30</width>
					<height>30</height>
					<texture>$INFO[ListItem.Overlay]</texture>
				</control>
			</itemlayout>
			<focusedlayout condition="Container.Content(Episodes) | Container.Content(MusicVideos)" height="250" width="$PARAM[layout-width]">
				<control type="image">
					<posx>5</posx>
					<posy>5</posy>
					<width>348</width>
					<height>213</height>
					<texture>button_nofocus.png</texture>
				</control>
				<control type="image">
					<posx>5</posx>
					<posy>5</posy>
					<width>348</width>
					<height>168</height>
					<aspectratio>scale</aspectratio>
					<texture background="true">$INFO[Listitem.Icon]</texture>
				</control>
				<control type="image">
					<posx>5</posx>
					<posy>173</posy>
					<width>348</width>
					<height>45</height>
					<texture>list_focus.png</texture>
				</control>
				<control type="textbox">
					<posx>5</posx>
					<posy>168</posy>
					<width>348</width>
					<height>49</height>
					<font>font20_narrow</font>
					<selectedcolor>selected</selectedcolor>
					<align>center</align>
					<aligny>center</aligny>
					<label>$INFO[ListItem.Label]</label>
				</control>
				<control type="image">
					<posx>308</posx>
					<posy>10</posy>
					<width>40</width>
					<height>30</height>
					<texture>$INFO[ListItem.VideoResolution,flagging/resolution/,.png]</texture>
				</control>
				<control type="image">
					<posx>313</posx>
					<posy>180</posy>
					<width>30</width>
					<height>30</height>
					<texture>$INFO[ListItem.Overlay]</texture>
				</control>
			</focusedlayout>
		</control>
	</include>
</includes>
