<?xml version="1.0" encoding="UTF-8"?>
<window>
	<defaultcontrol always="true">999</defaultcontrol>
	<onload condition="String.IsEmpty(Skin.String(FirstRun))">ActivateWindow(1111)</onload>

	<onload condition="String.IsEmpty(Skin.String(FirstRun))">Skin.SetString(HomeButton1Value,RadioFM)</onload>
	<onload condition="String.IsEmpty(Skin.String(FirstRun))">Skin.SetString(HomeButton2Value,Musicvideos)</onload>
	<onload condition="String.IsEmpty(Skin.String(FirstRun))">Skin.SetString(HomeButton3Value,Albums)</onload>
	<onload condition="String.IsEmpty(Skin.String(FirstRun))">Skin.SetString(HomeButton4Value,Navigation)</onload>
	<onload condition="String.IsEmpty(Skin.String(FirstRun))">Skin.SetString(HomeButton5Value,Playlists)</onload>
	<onload condition="String.IsEmpty(Skin.String(FirstRun))">Skin.SetString(HomeButton6Value,Movies)</onload>
	<onload condition="String.IsEmpty(Skin.String(FirstRun))">Skin.SetString(HomeButton7Value,Pictures)</onload>
	<onload condition="String.IsEmpty(Skin.String(FirstRun))">Skin.SetString(HomeButton8Value,Shutdown)</onload>

	<controls>
		<control type="label">
			<posx>-10</posx>
			<posy>-10</posy>
			<width>0</width>
			<height>0</height>
			<label>$INFO[Weather.FanartCode]</label> <!-- trigger weather retrieval -->
		</control>
		<include>CommonBackground</include>
		<include>Header</include>
		<include>CommonNowPlaying</include>
		<include>FooterHome</include>
		<include>HomeButtons_x6</include>
		<include>HomeButtons_x8</include>
		<include>PlayerControlHome</include>
		<include>RadioFMPlayer</include>
		<include>ClockRadio</include>
		<include>ClockPlayback</include>
		<include>HomeCenter</include>
		<include>Clock</include>
		<include>RadioStationName</include>
		<include>TempMonitor</include>
		<include>QuickMenuL</include>
		<include>QuickMenuR</include>

		<include>NightMode</include>

		<!--<include content="HomeRecentlyAddedInfo" condition="String.IsEqual(Skin.AspectRatio,16:9)">
			<param name="group-posx">640r</param>
			<param name="panel-width">630</param>
		</include>-->
		<!--<include content="HomeRecentlyAddedInfo" condition="String.IsEqual(Skin.AspectRatio,4:3)">
			<param name="group-posx">430r</param>
			<param name="panel-width">420</param>
		</include>-->
	</controls>	
</window>
