<?xml version="1.0" encoding="UTF-8"?>
<includes>
	<include name="PlayerControlCommons">
		<include>VisibleFadeEffect</include>
		<control type="image">
			<posx>0</posx>
			<posy>0</posy>
			<include>ScreenWidth</include>
			<height>80</height>
			<texture colordiffuse="selected" border="0,0,0,2">header.png</texture>
		</control>
		<control type="button">
			<description>Home Button</description>
			<posx>22</posx>
			<posy>2</posy>
			<width>150</width>
			<height>75</height>
			<font></font>
			<texturenofocus></texturenofocus>
			<texturefocus></texturefocus>
			<onclick>Dialog.Close(all)</onclick>
			<onclick>ActivateWindow(Home)</onclick>
		</control>
		<control type="image">
			<visible>!Skin.HasSetting(ShowTempsensorHome)</visible>
			<description>Kodi Logo</description>
			<include>Window_OpenClose_Animation_Lightracer</include>
			<posx>22</posx>
			<posy>2</posy>
			<width>150</width>
			<height>75</height>
			<texture colordiffuse="selected">kodi_logo.png</texture>
			<include>VisibleFadeEffect</include>
		</control>
		<control type="label">
			<visible>Skin.HasSetting(ShowTempsensorHome)</visible>
			<description>Kodi Logo Temp</description>
			<posx>28</posx>
			<posy>16</posy>
			<font>font30_title</font>
			<textcolor>selected</textcolor>
			<width>150</width>
			<height>75</height>
			<label>$VAR[HomeTemperature]</label>
		</control>
		<control type="group">
			<posx>200</posx>
			<posy>0</posy>
			<include>VisibleFadeEffect</include>
			<visible>![Window.IsVisible(busydialog) | Window.IsVisible(extendedprogressdialog) | Window.IsVisible(Notification) | Window.IsVisible(volumebar)]</visible>
			<control type="group">
				<include>VisibleFadeEffect</include>
				<visible>!Window.IsVisible(1112)</visible>
				<control type="progress">
					<description>Progressbar</description>
					<posx>0</posx>
					<posy>10</posy>
					<width>1306</width>
					<height>56</height>
					<info>Player.Progress</info>
					<texturebg colordiffuse="00ffffff">white.png</texturebg>
					<midtexture colordiffuse="selected">white.png</midtexture>
				</control>
				<control type="label">
					<posx>20</posx>
					<posy>20</posy>
					<width>180</width>
					<height>32</height>
					<font>font30_title</font>
					<aligny>center</aligny>
					<label>$INFO[Player.Time(hh:mm:ss)]</label>
				</control>
				<control type="label">
					<posx>1286</posx>
					<posy>20</posy>
					<width>180</width>
					<height>32</height>
					<font>font30_title</font>
					<align>right</align>
					<aligny>center</aligny>
					<label>$INFO[Player.Duration(hh:mm:ss)]</label>
				</control>
				<control type="button">
					<posx>0</posx>
					<posy>0</posy>
					<width>1306</width>
					<height>80</height>
					<texturefocus></texturefocus>
					<texturenofocus></texturenofocus>
					<onclick>ActivateWindow(1112)</onclick>
				</control>
			</control>
		</control>
		<control type="group">
			<posx>70r</posx>
			<posy>0</posy>
			<control type="image">
				<posx>0</posx>
				<posy>0</posy>
				<width>2</width>
				<height>78</height>
				<texture border="2">separator.png</texture>
				<colordiffuse>FF464646</colordiffuse>
			</control>
			<control type="button">
				<description>Close Button</description>
				<posx>4</posx>
				<posy>9</posy>
				<width>60</width>
				<height>60</height>
				<font></font>
				<onclick>Back</onclick>
				<texturefocus>icon_dialog_close.png</texturefocus>
				<texturenofocus>icon_dialog_close.png</texturenofocus>
			</control>
		</control>
		<control type="image">
			<include>Window_OpenClose_Animation_Slide_Up</include>
			<posx>0</posx>
			<posy>102r</posy>
			<include>ScreenWidth</include>
			<height>102</height>
			<texture colordiffuse="selected" flipy="true">header.png</texture>
		</control>
		<control type="group">
			<posx>0</posx>
			<posy>452r</posy>
			<animation effect="slide" start="0,-200" end="0,0" time="300" easing="out" tween="quadratic" >Visible</animation>
			<animation effect="slide" start="0,0" end="0,-200" time="300" easing="in" tween="quadratic" >Hidden</animation>
			<control type="image">
				<posx>0</posx>
				<posy>0</posy>
				<include>ScreenWidth</include>
				<height>350</height>
				<texture>side_panel.png</texture>
				<colordiffuse>A0000000</colordiffuse>
			</control>
			<control type="group">
				<control type="image">
					<include>Window_OpenClose_Animation_Fade</include>
					<description>cover image</description>
					<posx>15</posx>
					<posy>0</posy>
					<width>350</width>
					<height>350</height>
					<texture>$VAR[OSDImage]</texture>
					<aspectratio>keep</aspectratio>
					<fadetime>IconCrossfadeTime</fadetime>
				</control>
				<control type="label">
					<posx>400</posx>
					<posy>30</posy>
					<width>1050</width>
					<height>50</height>
					<align>left</align>
					<font>font35_title</font>
					<label>$VAR[OSDLabel1]</label>
				</control>
				<control type="label">
					<posx>400</posx>
					<posy>90</posy>
					<width>920</width>
					<height>80</height>
					<font>font50_title</font>
					<align>left</align>
					<aligny>center</aligny>
					<label>$VAR[OSDLabel2]</label>
				</control>
				<control type="label">
					<posx>400</posx>
					<posy>180</posy>
					<width>950</width>
					<height>50</height>
					<align>left</align>
					<font>font35_title</font>
					<label>$VAR[OSDLabel3]</label>
				</control>
				<control type="group">
					<posx>345r</posx>
					<posy>30</posy>
					<width>345</width>
					<height>100</height>
					<visible>Window.IsVisible(MusicOSD)</visible>
					<control type="image">
						<description>Rating</description>
						<posx>5</posx>
						<posy>0</posy>
						<width>330</width>
						<height>55</height>
						<texture fallback="rating/0.png">$INFO[MusicPlayer.UserRating,rating/,.png]</texture>
					</control>
					<control type="image">
						<description>Audio Codec Image</description>
						<posx>165</posx>
						<posy>62</posy>
						<width>170</width>
						<height>80</height>
						<texture>$INFO[MusicPlayer.Codec,flagging/audio/,.png]</texture>
					</control>
				</control>
				<control type="group">
					<posx>370r</posx>
					<posy>30</posy>
					<width>370</width>
					<height>100</height>
					<visible>Window.IsVisible(VideoOSD)</visible>
					<control type="image">
						<description>Video Codec Image</description>
						<posx>0</posx>
						<posy>0</posy>
						<width>170</width>
						<height>80</height>
						<texture>$INFO[VideoPlayer.VideoCodec,flagging/video/,.png]</texture>
					</control>
					<control type="image">
						<description>Resolution Image</description>
						<posx>185</posx>
						<posy>0</posy>
						<width>170</width>
						<height>80</height>
						<texture>$INFO[VideoPlayer.VideoResolution,flagging/video/,.png]</texture>
					</control>
					<control type="image">
						<description>Audio Codec Image</description>
						<posx>0</posx>
						<posy>80</posy>
						<width>170</width>
						<height>80</height>
						<texture>$INFO[VideoPlayer.AudioCodec,flagging/audio/,.png]</texture>
					</control>
					<control type="image">
						<description>Audio Codec Image</description>
						<posx>185</posx>
						<posy>80</posy>
						<width>170</width>
						<height>80</height>
						<texture>$INFO[VideoPlayer.AudioChannels,flagging/audio/,.png]</texture>
					</control>
				</control>
				<control type="label">
					<posx>20r</posx>
					<posy>260</posy>
					<width>300</width>
					<height>25</height>
					<align>right</align>
					<aligny>center</aligny>
					<font>font30</font>
					<label>$VAR[OSDLabel4]</label>
				</control>
				<control type="label">
					<posx>20r</posx>
					<posy>312</posy>
					<width>1040</width>
					<height>25</height>
					<label>$VAR[OSDLabel5]</label>
					<align>right</align>
					<aligny>center</aligny>
					<font>font30</font>
				</control>
			</control>
		</control>
		<control type="group">
			<include>Window_OpenClose_Animation_Slide_Up</include>
			<include>VisibleFadeEffect</include>
			<posy>105r</posy>
			<control type="grouplist">
				<posx>0</posx>
				<posy>15</posy>
				<width>ScreenWidth</width>
				<height>80</height>
				<align>center</align>
				<orientation>horizontal</orientation>
				<itemgap>60</itemgap>
				<control type="button">
					<width>80</width>
					<height>80</height>
					<texturefocus colordiffuse="selected">osd_previous.png</texturefocus>
					<texturenofocus colordiffuse="$VAR[ModeColorSeek]">osd_previous.png</texturenofocus>
					<onclick>PlayerControl(Previous)</onclick>
					<onclick>SetFocus(999)</onclick>
				</control>
				<control type="button">
					<width>80</width>
					<height>80</height>
					<texturefocus colordiffuse="selected">osd_rewind.png</texturefocus>
					<texturenofocus colordiffuse="$VAR[ModeColorTune]">osd_rewind.png</texturenofocus>
					<onclick>PlayerControl(SmallSkipBackward)</onclick>
					<onclick>SetFocus(999)</onclick>
				</control>
				<control type="togglebutton">
					<width>80</width>
					<height>80</height>
					<texturefocus colordiffuse="selected">osd_pause.png</texturefocus>
					<texturenofocus>osd_pause.png</texturenofocus>
					<alttexturefocus colordiffuse="selected">osd_play.png</alttexturefocus>
					<alttexturenofocus>osd_play.png</alttexturenofocus>
					<usealttexture>Player.Paused | Player.Forwarding | Player.Rewinding</usealttexture>
					<onclick>PlayerControl(Play)</onclick>
					<onclick>SetFocus(999)</onclick>
				</control>
				<control type="button">
					<width>80</width>
					<height>80</height>
					<texturefocus colordiffuse="selected">osd_volume.png</texturefocus>
					<texturenofocus>osd_volume.png</texturenofocus>
					<onclick>ActivateWindow(1115)</onclick>
					<onclick>SetFocus(999)</onclick>
				</control>
				<control type="button">
					<width>80</width>
					<height>80</height>
					<texturefocus colordiffuse="selected">osd_stop.png</texturefocus>
					<texturenofocus>osd_stop.png</texturenofocus>
					<onclick>PlayerControl(Stop)</onclick>
					<onclick>SetFocus(999)</onclick>
				</control>
				<control type="button">
					<width>80</width>
					<height>80</height>
					<texturefocus colordiffuse="selected">osd_forward.png</texturefocus>
					<texturenofocus colordiffuse="$VAR[ModeColorTune]">osd_forward.png</texturenofocus>
					<onclick>PlayerControl(SmallSkipForward)</onclick>
					<onclick>SetFocus(999)</onclick>
				</control>
				<control type="button">
					<width>80</width>
					<height>80</height>
					<texturefocus colordiffuse="selected">osd_next.png</texturefocus>
					<texturenofocus colordiffuse="$VAR[ModeColorSeek]">osd_next.png</texturenofocus>
					<onclick>PlayerControl(Next)</onclick>
					<onclick>SetFocus(999)</onclick>
				</control>
				<!--<control type="togglebutton">
					<width>80</width>
					<height>80</height>
					<texturefocus colordiffuse="selected">osd_record.png</texturefocus>
					<texturenofocus>osd_record.png</texturenofocus>
					<alttexturefocus colordiffuse="red">osd_record.png</alttexturefocus>
					<alttexturenofocus colordiffuse="red">osd_record.png</alttexturenofocus>
					<usealttexture>Player.Record</usealttexture>
					<onclick>PlayerControl(Record)</onclick>
					<onclick>SetFocus(999)</onclick>
					<visible>Player.CanRecord</visible>
				</control>-->
			</control>
		</control>
		<include>BottomMenu</include>
		<include content="PopupMenu">
			<param name="panel-posy">0</param>
			<param name="panel-height">560</param>
		</include>
	</include>

	<include name="PlayerControlHome">
		<control type="group">
			<visible>Player.HasAudio | Player.HasVideo</visible>
			<visible>!substring(Window(Home).Property(Controller.Resume),true) + !substring(Window(Home).Property(Controller.Store),true)</visible>
			<include>VisibleFadeEffect</include>
			<posy>105r</posy>
			<control type="grouplist">
				<include>Window_OpenClose_Animation_Slide_Up</include>
				<posx>0</posx>
				<posy>15</posy>
				<width>ScreenWidth</width>
				<height>80</height>
				<align>center</align>
				<orientation>horizontal</orientation>
				<itemgap>40</itemgap>
				<control type="button">
					<width>80</width>
					<height>80</height>
					<texturefocus colordiffuse="selected">osd_previous.png</texturefocus>
					<texturenofocus colordiffuse="$VAR[ModeColorSeek]">osd_previous.png</texturenofocus>
					<onclick>PlayerControl(Previous)</onclick>
					<onclick>SetFocus(999)</onclick>
				</control>
				<control type="button">
					<width>80</width>
					<height>80</height>
					<texturefocus colordiffuse="selected">osd_rewind.png</texturefocus>
					<texturenofocus colordiffuse="$VAR[ModeColorTune]">osd_rewind.png</texturenofocus>
					<onclick>PlayerControl(SmallSkipBackward)</onclick>
					<onclick>SetFocus(999)</onclick>
				</control>
				<control type="togglebutton">
					<width>80</width>
					<height>80</height>
					<texturefocus colordiffuse="selected">osd_pause.png</texturefocus>
					<texturenofocus>osd_pause.png</texturenofocus>
					<alttexturefocus colordiffuse="selected">osd_play.png</alttexturefocus>
					<alttexturenofocus>osd_play.png</alttexturenofocus>
					<usealttexture>Player.Paused | Player.Forwarding | Player.Rewinding</usealttexture>
					<onclick>PlayerControl(Play)</onclick>
					<onclick>SetFocus(999)</onclick>
				</control>
				<control type="button">
					<width>80</width>
					<height>80</height>
					<texturefocus colordiffuse="selected">osd_volume.png</texturefocus>
					<texturenofocus>osd_volume.png</texturenofocus>
					<onclick>ActivateWindow(1115)</onclick>
					<onclick>SetFocus(999)</onclick>
				</control>
				<control type="button">
					<width>80</width>
					<height>80</height>
					<texturefocus colordiffuse="selected">osd_stop.png</texturefocus>
					<texturenofocus>osd_stop.png</texturenofocus>
					<onclick>PlayerControl(Stop)</onclick>
					<onclick>SetFocus(999)</onclick>
				</control>
				<control type="button">
					<width>80</width>
					<height>80</height>
					<texturefocus colordiffuse="selected">osd_forward.png</texturefocus>
					<texturenofocus colordiffuse="$VAR[ModeColorTune]">osd_forward.png</texturenofocus>
					<onclick>PlayerControl(SmallSkipForward)</onclick>
					<onclick>SetFocus(999)</onclick>
				</control>
				<control type="button">
					<width>80</width>
					<height>80</height>
					<texturefocus colordiffuse="selected">osd_next.png</texturefocus>
					<texturenofocus colordiffuse="$VAR[ModeColorSeek]">osd_next.png</texturenofocus>
					<onclick>PlayerControl(Next)</onclick>
					<onclick>SetFocus(999)</onclick>
				</control>
				<!--<control type="togglebutton">
					<width>80</width>
					<height>80</height>
					<texturefocus colordiffuse="selected">osd_record.png</texturefocus>
					<texturenofocus>osd_record.png</texturenofocus>
					<alttexturefocus colordiffuse="red">osd_record.png</alttexturefocus>
					<alttexturenofocus colordiffuse="red">osd_record.png</alttexturenofocus>
					<usealttexture>Player.Record</usealttexture>
					<onclick>PlayerControl(Record)</onclick>
					<onclick>SetFocus(999)</onclick>
					<visible>Player.CanRecord</visible>
				</control>-->
			</control>
		</control>
	</include>
</includes>
