
	<controls>
	    <control type="image">
		    <include>dialogeffect</include>
		    <posx>0</posx>
		    <posy>0</posy>
		    <aspectratio>stretch</aspectratio>
		    <include>1706</include>
		    <height>960</height>
		    <texture fallback="special://skin/background/SKINDEFAULT.jpg">special://skin/background/$INFO[Skin.CurrentTheme].jpg</texture>
		    <visible>!Skin.HasSetting(UseCustomBackground)</visible>
	    </control>
	    <control type="image">
		    <include>dialogeffect</include>
		    <posx>0</posx>
		    <posy>0</posy>
		    <aspectratio>stretch</aspectratio>
		    <include>1706</include>
		    <height>960</height>
		    <texture>$INFO[Skin.String(CustomBackground)]</texture>
		    <visible>Skin.HasSetting(UseCustomBackground)</visible>
	    </control>

	    <include>Header</include>
	    <include>Footer</include>

	    <control type="label">
		    <include>Window_OpenClose_Animation_Slide_Up</include>
		    <description>Window label</description>
		    <include>MediaWindowTitleCommons</include>
		    <label>USB Manager</label>
	    </control>

	    <control type="button" id="1203">
		    <description>Dummy Focus Button</description>
		    <posx>-1</posx>
		    <posy>-1</posy>
		    <width>1</width>
		    <height>1</height>
		    <font>-</font>
		    <texturenofocus border="5">usb_overlay.png</texturenofocus>
		    <texturefocus border="5">usb_overlay.png</texturefocus>
		    <ondown>1201</ondown>
		    <onup>1202</onup>
	    </control>

	    <control type="group">
		    <posx>0</posx>
		    <posy>0</posy>
		    <include>VisibleFadeEffect</include>
		    <control type="button" id="1201">
			    <description>Home Button</description>
			    <posx>22</posx>
			    <posy>2</posy>
			    <width>150</width>
			    <height>75</height>
			    <font></font>
			    <texturenofocus></texturenofocus>
			    <texturefocus></texturefocus>
			    <onclick>ActivateWindow(Home)</onclick>
			    <ondown>1205</ondown>
			    <onup>1203</onup>
		    </control>
	    </control>

	    <control type="group">
		<include>Window_OpenClose_Animation_Slide_Up</include>
		<posx>120r</posx>
		<posy>100r</posy>
		<include>VisibleFadeEffect</include>
		<control type="button" id="1202">
			<description>Back Button</description>
			<posx>0</posx>
			<posy>0</posy>
			<width>120</width>
			<height>100</height>
			<texturenofocus></texturenofocus>
			<texturefocus>list_focus.png</texturefocus>
			<onclick>ParentDir</onclick>
			<ondown>1203</ondown>
			<onup>1204</onup>
			<onleft>1204</onleft>
		</control>
		<control type="image">
			<description>Back Button</description>
			<posx>31</posx>
			<posy>24</posy>
			<width>60</width>
			<height>60</height>
			<aspectratio>keep</aspectratio>
			<texture>icon_button_back.png</texture>
		</control>
	    </control>

	    <control type="group">
		<include>Window_OpenClose_Animation_Slide_Up</include>
		<posx>0</posx>
		<posy>86r</posy>
		<include>VisibleFadeEffect</include>
		<control type="button" id="1204">
			<description>Settings Button</description>
			<posx>0</posx>
			<posy>0</posy>
			<width>82</width>
			<height>82</height>
			<font>-</font>
			<texturenofocus></texturenofocus>
			<texturefocus></texturefocus>
			<ondown>1202</ondown>
			<onup>1205</onup>
			<onright>1202</onright>
		</control>
		<control type="image">
			<description>Settings Button Image</description>
			<posx>8</posx>
			<posy>8</posy>
			<width>64</width>
			<height>64</height>
			<texture>icon_settings_w.png</texture>
		</control>
	    </control>


