<window type="dialog" id="1122">
	<defaultcontrol always="false">103</defaultcontrol>
	<!-- removed allowoverlay -->
	<include>16x9_xPos_Relocation</include>
	<include>Window_OpenClose_Animation_Zoom</include>
	<onload>Skin.SetString(FirstSettings,1)</onload>
	<onload>Control.SetFocus(103)</onload>
	<coordinates>
		<system>1</system>
		<posx>-50</posx>
		<posy>0</posy>
	</coordinates>
	<controls>
		<control type="image">
			<posx>0</posx>
			<posy>0</posy>
			<width>1000</width>
			<height>60</height>
			<texture border="5">DialogHeader.png</texture>
		</control> 
		<control type="label">
			<description>header label</description>
			<posx>40</posx>
			<posy>0</posy>
			<include>WindowTitleCommons</include>
			<width>910</width>
			<label>$LOCALIZE[31226]</label>
		</control>
		<control type="group">
			<posx>930</posx>
			<posy>0</posy>
			<include>DialogCloseButtonCommons</include>
		</control>
		<control type="image">
			<posx>0</posx>
			<posy>60</posy>
			<width>1000</width>
			<height>650</height>
			<texture border="5">dialog_back_black.png</texture>
		</control>

		<control type="group">
			<posx>20</posx>
			<posy>30</posy>
			<width>920</width>
			<control type="image">
				<description>Settings Menu Background</description>
				<posx>0</posx>
				<posy>60</posy>
		        <height>60</height>
				<width>920</width>
		        <texture>>menuitem_black2_nf.png</texture>
			</control>
			<control type="label">
				<visible>Skin.String(FirstSettings,1)</visible>
				<description>Version</description>
				<posx>640</posx>
				<posy>100</posy>
				<width>70</width>
				<height>30</height>
				<align>right</align>
				<font>font18_title</font>
				<textcolor>white</textcolor>
				<label>v2.3</label>
			</control>
		</control>


<!-- ### Page 1 - Welcome Screen ### -->

		<control type="group">
			<visible>Skin.String(FirstSettings,1)</visible>
			<posx>20</posx>
			<posy>70</posy>
			<width>920</width>
			<height>550</height>
			<orientation>vertical</orientation>
			<control type="label" id="10">
				<description>Fake Label</description>
				<posx>0</posx>
				<posy>0</posy>
				<width>10</width>
				<height>10</height>
				<font>WeatherTemp</font>
				<textcolor>white</textcolor>
				<label></label>
				<ondown>103</ondown>
			</control>
			<control type="image">
				<description>xTouch Logo</description>
				<posx>350</posx>
				<posy>40</posy>
		        <height>120</height>
				<width>240</width>
		        <texture>xtouch_logo.png</texture>
			</control>
			<control type="label">
				<description>Welcome</description>
				<posx>160</posx>
				<posy>160</posy>
				<width>650</width>
				<height>100</height>
				<align>center</align>
				<aligny>top</aligny>
				<font>WeatherTemp</font>
				<textcolor>white</textcolor>
				<label>$LOCALIZE[31221]</label>
			</control>
			<control type="label">
				<posx>180</posx>
				<posy>280</posy>
				<height>330</height>
				<width>600</width>
				<wrapmultiline>true</wrapmultiline>
				<font>font13_title</font>
				<label>$LOCALIZE[31220]</label>
				<textcolor>white</textcolor>
				<align>center</align>
				<aligny>top</aligny>
			</control>
			<control type="label">
				<width>300</width>
				<height>100</height>
				<label></label>
			</control>
			<control type="button" id="103">
				<centerleft>480</centerleft>
				<posy>470</posy>
				<height>60</height>
			   	<width>340</width>
				<font>font24_title</font>
				<align>center</align>
				<aligny>center</aligny>
				<label>$LOCALIZE[31222]</label>  
				<textcolor>white</textcolor>
				<focusedcolor>$VAR[CustomColorFocus]</focusedcolor>
				<texturefocus border="0,2,0,2">button_outline_black_f.png</texturefocus>
			    <texturenofocus border="0,2,0,2">button_outline_black.png</texturenofocus>
				<onclick>Skin.Reset(FirstSettings)</onclick>
				<onclick>Skin.SetString(FirstSettings,2)</onclick>
				<onclick>Control.SetFocus(201)</onclick>
			</control> 
		</control>







<!-- ### Page 1 End ####################################################################################### -->
<!-- ### Page 2 ############################################################################################ -->

<!-- ### Colors ### -->

		<control type="group" id="200">
			<description>Step 1: Set the Skin Colors</description>
			<visible>Skin.String(FirstSettings,2)</visible>
			<posx>40</posx>
			<posy>90</posy>
			<width>920</width>
			<height>150</height>
			<itemgap>10</itemgap>
			<align>top</align>
			<control type="label">
				<width>300</width>
				<height>60</height>
				<label></label>
			</control>
			<control type="label">
				<posx>0</posx>
				<posy>0</posy>
				<height>60</height>
				<width>920</width>
				<wrapmultiline>true</wrapmultiline>
				<font>font24_title</font>
				<label>$LOCALIZE[31223]</label>
				<textcolor>white</textcolor>
				<align>center</align>
				<aligny>top</aligny>
			</control>
			<control type="label">
				<posx>0</posx>
				<posy>40</posy>
				<height>230</height>
				<width>920</width>
				<wrapmultiline>true</wrapmultiline>
				<font>font13_title</font>
				<label>$LOCALIZE[31224]</label>
				<textcolor>white</textcolor>
				<align>left</align>
				<aligny>top</aligny>
			</control>
			<control type="label">
				<width>300</width>
				<height>60</height>
				<label></label>
			</control>
		</control>



<!-- Standard Skin Color -->
		<control type="group">
			<description>Colorlist10</description>
			<posx>30</posx>
			<posy>350</posy>
			<width>1000</width>
			<height>60</height>
			<visible>Skin.String(FirstSettings,2)</visible>

            <control type="image">
                <description>Hintergrund</description>
				<posx>0</posx>
				<posy>0</posy>
                <posx>0</posx>
                <posy>0</posy>
                <width>1000</width>
                <height>70</height>
                <texture border="0,2,0,2">MenuItemNF.png</texture>
            </control>
			<control type="button" id="201">
				<posx>130</posx>
				<posy>10</posy>
				<height>50</height>
			   	<width>340</width>
				<font>font24_title</font>
				<align>center</align>
				<aligny>center</aligny>
				<label>$LOCALIZE[31132]</label>  
				<textcolor>white</textcolor>
				<focusedcolor>$VAR[CustomColorFocus]</focusedcolor>
				<texturefocus border="0,2,0,2">button_outline_black_f.png</texturefocus>
			    <texturenofocus border="0,2,0,2">button_outline_black.png</texturenofocus>
				<onclick>Skin.Reset(ChangeFocusColor)</onclick>
				<onclick>Skin.Reset(ChangeIconTextColor)</onclick>
				<onclick>Skin.Reset(ChangeOutlineColor)</onclick>
				<onclick>Skin.SetString(ChangeSkinColor,1)</onclick>
				<onclick>ActivateWindow(1130)</onclick>
				<ondown>202</ondown>
			</control> 
			<control type="label">
				<posx>500</posx>
				<posy>5</posy>
				<height>60</height>
				<width>270</width>
				<font>font24_title</font>
				<label>$LOCALIZE[31190]</label>
				<textcolor>white</textcolor>
				<align>left</align>
				<aligny>center</aligny>
			</control>
            <control type="image">
                <description>Color field</description>
                <visible>!IsEmpty(Skin.String(CustomColorNofocus))</visible>
				<posx>700</posx>
				<posy>15</posy>
                <posx>0</posx>
                <posy>0</posy>
                <width>100</width>
                <height>40</height>
                <texture colordiffuse="$VAR[CustomColorNofocus]">button-nofocus.png</texture>
            </control>
            <control type="image">
                <description>Color field clear</description>
                <visible>IsEmpty(Skin.String(CustomColorNofocus))</visible>
				<posx>700</posx>
				<posy>15</posy>
                <posx>0</posx>
                <posy>0</posy>
                <width>100</width>
                <height>40</height>
                <texture>button_clear.png</texture>
            </control>
		</control>

<!-- Focus Color -->
		<control type="group">
			<description>Set Focus Color</description>
			<posx>30</posx>
			<posy>440</posy>
			<width>1000</width>
			<height>60</height>
			<visible>Skin.String(FirstSettings,2)</visible>

            <control type="image">
                <description>Hintergrund</description>
				<posx>0</posx>
				<posy>0</posy>
                <posx>0</posx>
                <posy>0</posy>
                <width>1000</width>
                <height>70</height>
                <texture border="0,2,0,2">MenuItemNF.png</texture>
            </control>
			<control type="button" id="202">
				<posx>130</posx>
				<posy>10</posy>
				<height>50</height>
			   	<width>340</width>
				<font>font24_title</font>
				<align>center</align>
				<aligny>center</aligny>
				<label>$LOCALIZE[31133]</label>  
				<textcolor>white</textcolor>
				<focusedcolor>$VAR[CustomColorFocus]</focusedcolor>
				<texturefocus border="0,2,0,2">button_outline_black_f.png</texturefocus>
			    <texturenofocus border="0,2,0,2">button_outline_black.png</texturenofocus>
				<onclick>Skin.Reset(ChangeSkinColor)</onclick>
				<onclick>Skin.Reset(ChangeIconTextColor)</onclick>
				<onclick>Skin.Reset(ChangeOutlineColor)</onclick>
				<onclick>Skin.SetString(ChangeFocusColor,1)</onclick>
				<onclick>ActivateWindow(1130)</onclick>
				<onup>201</onup>
				<ondown>203</ondown>
			</control> 
			<control type="label">
				<posx>500</posx>
				<posy>5</posy>
				<height>60</height>
				<width>270</width>
				<font>font24_title</font>
				<label>$LOCALIZE[31190]</label>
				<textcolor>white</textcolor>
				<align>left</align>
				<aligny>center</aligny>
			</control>
            <control type="image">
                <description>Farbfeld</description>
                <visible>!IsEmpty(Skin.String(CustomColorFocus))</visible>
				<posx>700</posx>
				<posy>15</posy>
                <posx>0</posx>
                <posy>0</posy>
                <width>100</width>
                <height>40</height>
                <texture colordiffuse="$VAR[CustomColorFocus]">button-nofocus.png</texture>
            </control>
            <control type="image">
                <description>Color field clear</description>
                <visible>IsEmpty(Skin.String(CustomColorFocus))</visible>
				<posx>700</posx>
				<posy>15</posy>
                <posx>0</posx>
                <posy>0</posy>
                <width>100</width>
                <height>40</height>
                <texture>button_clear.png</texture>
            </control>
		</control>

			<control type="button" id="203">
				<visible>Skin.String(FirstSettings,2)</visible>
				<centerleft>500</centerleft>
				<posy>600</posy>
				<height>60</height>
			   	<width>340</width>
				<font>font24_title</font>
				<align>center</align>
				<aligny>center</aligny>
				<label>$LOCALIZE[31231]</label>  
				<textcolor>white</textcolor>
				<focusedcolor>$VAR[CustomColorFocus]</focusedcolor>
				<texturefocus border="0,2,0,2">button_outline_black_f.png</texturefocus>
			    <texturenofocus border="0,2,0,2">button_outline_black.png</texturenofocus>
				<onclick>Skin.Reset(FirstSettings)</onclick>
				<onclick>Skin.SetString(FirstSettings,3)</onclick>
				<onclick>Control.SetFocus(301)</onclick>
				<onup>202</onup>
				<ondown>201</ondown>
			</control> 

<!-- ### Page 2 End ####################################################################################### -->
<!-- ### Page 3 ############################################################################################ -->

		<control type="group" id="300">
			<description>Step 3: Style Main Buttons</description>
			<visible>Skin.String(FirstSettings,3)</visible>
			<posx>40</posx>
			<posy>90</posy>
			<width>920</width>
			<height>150</height>
			<itemgap>10</itemgap>
			<align>top</align>
			<control type="label">
				<width>300</width>
				<height>60</height>
				<label></label>
			</control>
			<control type="label">
				<posx>0</posx>
				<posy>0</posy>
				<height>60</height>
				<width>920</width>
				<wrapmultiline>true</wrapmultiline>
				<font>font24_title</font>
				<label>$LOCALIZE[31227]</label>
				<textcolor>white</textcolor>
				<align>center</align>
				<aligny>top</aligny>
			</control>
			<control type="label">
				<posx>0</posx>
				<posy>40</posy>
				<height>230</height>
				<width>920</width>
				<wrapmultiline>true</wrapmultiline>
				<font>font13_title</font>
				<label>$LOCALIZE[31225]</label>
				<textcolor>white</textcolor>
				<align>left</align>
				<aligny>top</aligny>
			</control>
			<control type="label">
				<width>300</width>
				<height>60</height>
				<label></label>
			</control>
		</control>



<!-- Home Button Auswahl -->
		<control type="group">
			<description>Main Buttons</description>
			<posx>230</posx>
			<posy>200</posy>
			<width>460</width>
			<height>200</height>
			<pagecontrol>30</pagecontrol>
			<onup>Control.SetFocus()</onup>
			<ondown>Control.SetFocus(301)</ondown>
			<onleft></onleft>
			<onright></onright>
			<visible>Skin.String(FirstSettings,3)</visible>
					<control type="image">
						<description>Main Button 1 active</description>
						<posx>0</posx>
						<posy>0</posy>
						<height>50</height>
			        	<width>270</width>
						<texture>hbicon_1.png</texture>
					</control>
					<control type="image">
						<description>Main Button 2 active</description>
						<posx>0</posx>
						<posy>55</posy>
						<height>50</height>
			        	<width>270</width>
						<texture>hbicon_2.png</texture>
					</control>
					<control type="image">
						<description>Main Button 3 active</description>
						<posx>0</posx>
						<posy>110</posy>
						<height>50</height>
			        	<width>270</width>
						<texture>hbicon_3.png</texture>
					</control>
					<control type="image">
						<description>Main Button 4 active</description>
						<posx>270</posx>
						<posy>0</posy>
						<height>50</height>
			        	<width>270</width>
						<texture>hbicon_4.png</texture>
					</control>
					<control type="image">
						<description>Main Button 5 active</description>
						<posx>270</posx>
						<posy>55</posy>
						<height>50</height>
			        	<width>270</width>
						<texture>hbicon_5.png</texture>
					</control>
					<control type="image">
						<description>Main Button 6 active</description>
						<posx>270</posx>
						<posy>110</posy>
						<height>50</height>
			        	<width>270</width>
						<texture>hbicon_6.png</texture>
					</control>

					<control type="image">
						<description>Main Button 1 active</description>
						<visible>Skin.String(ConfigButton,1)</visible>
						<posx>0</posx>
						<posy>0</posy>
						<height>50</height>
			        	<width>270</width>
						<texture>hbicon_1_f.png</texture>
					</control>
					<control type="image">
						<description>Main Button 2 active</description>
						<visible>Skin.String(ConfigButton,2)</visible>
						<posx>0</posx>
						<posy>55</posy>
						<height>50</height>
			        	<width>270</width>
						<texture>hbicon_2_f.png</texture>
					</control>
					<control type="image">
						<description>Main Button 3 active</description>
						<visible>Skin.String(ConfigButton,3)</visible>
						<posx>0</posx>
						<posy>110</posy>
						<height>50</height>
			        	<width>270</width>
						<texture>hbicon_3_f.png</texture>
					</control>
					<control type="image">
						<description>Main Button 4 active</description>
						<visible>Skin.String(ConfigButton,4)</visible>
						<posx>270</posx>
						<posy>0</posy>
						<height>50</height>
			        	<width>270</width>
						<texture>hbicon_4_f.png</texture>
					</control>
					<control type="image">
						<description>Main Button 5 active</description>
						<visible>Skin.String(ConfigButton,5)</visible>
						<posx>270</posx>
						<posy>55</posy>
						<height>50</height>
			        	<width>270</width>
						<texture>hbicon_5_f.png</texture>
					</control>
					<control type="image">
						<description>Main Button 6 active</description>
						<visible>Skin.String(ConfigButton,6)</visible>
						<posx>270</posx>
						<posy>110</posy>
						<height>50</height>
			        	<width>270</width>
						<texture>hbicon_6_f.png</texture>
					</control>

					<control type="button" id="301">
						<description>Main Button 1</description>
						<posx>0</posx>
						<posy>0</posy>
						<height>50</height>
			        	<width>270</width>
						<font>font13_title</font>
						<align>left</align>
						<aligny>center</aligny>
						<textoffsetx>13</textoffsetx>
						<label>$VAR[HomeButtonLabel1]</label>
						<textcolor>white</textcolor>
						<focusedcolor>$VAR[CustomColorFocus]</focusedcolor>
						<texturefocus border="0,2,0,2">hbiconsoutline-1.png</texturefocus>
				        <texturenofocus border="0,2,0,2">hbiconsoutline-1.png</texturenofocus>
				        <onclick>Skin.SetString(ConfigButton,1)</onclick>
						<onup>Control.SetFocus(630)</onup>
						<ondown>302</ondown>
						<onleft></onleft>
						<onright>304</onright>
					</control>
					<control type="button" id="302">
						<description>Main Button 2</description>
						<posx>0</posx>
						<posy>55</posy>
						<height>50</height>
			        	<width>270</width>
						<font>font13_title</font>
						<align>left</align>
						<aligny>center</aligny>
						<textoffsetx>13</textoffsetx>
						<label>$VAR[HomeButtonLabel2]</label>
						<textcolor>white</textcolor>
						<focusedcolor>$VAR[CustomColorFocus]</focusedcolor>
						<texturefocus border="0,2,0,2">hbiconsoutline-2.png</texturefocus>
				        <texturenofocus border="0,2,0,2">hbiconsoutline-2.png</texturenofocus>
				        <onclick>Skin.SetString(ConfigButton,2)</onclick>
						<onup>301</onup>
						<ondown>303</ondown>
						<onleft></onleft>
						<onright>305</onright>
					</control>
					<control type="button" id="303">
						<description>Main Button 3</description>
						<posx>0</posx>
						<posy>110</posy>
						<height>50</height>
			        	<width>270</width>
						<font>font13_title</font>
						<align>left</align>
						<aligny>center</aligny>
						<textoffsetx>13</textoffsetx>
						<label>$VAR[HomeButtonLabel3]</label>
						<textcolor>white</textcolor>
						<focusedcolor>$VAR[CustomColorFocus]</focusedcolor>
						<texturefocus border="0,2,0,2">hbiconsoutline-3.png</texturefocus>
				        <texturenofocus border="0,2,0,2">hbiconsoutline-3.png</texturenofocus>
				        <onclick>Skin.SetString(ConfigButton,3)</onclick>
						<onup>302</onup>
						<ondown>310</ondown>
						<onleft></onleft>
						<onright>306</onright>
					</control>
					<control type="button" id="304">
						<description>Main Button 4</description>
						<posx>270</posx>
						<posy>0</posy>
						<height>50</height>
			        	<width>270</width>
						<font>font13_title</font>
						<align>right</align>
						<aligny>center</aligny>
						<textoffsetx>13</textoffsetx>
						<label>$VAR[HomeButtonLabel4]</label>
						<textcolor>white</textcolor>
						<focusedcolor>$VAR[CustomColorFocus]</focusedcolor>
						<texturefocus border="0,2,0,2">hbiconsoutline-4.png</texturefocus>
				        <texturenofocus border="0,2,0,2">hbiconsoutline-4.png</texturenofocus>
				        <onclick>Skin.SetString(ConfigButton,4)</onclick>
						<onup></onup>
						<ondown>305</ondown>
						<onleft>301</onleft>
						<onright></onright>
					</control>
					<control type="button" id="305">
						<description>Main Button 5</description>
						<posx>270</posx>
						<posy>55</posy>
						<height>50</height>
			        	<width>270</width>
						<font>font13_title</font>
						<align>right</align>
						<aligny>center</aligny>
						<textoffsetx>13</textoffsetx>
						<label>$VAR[HomeButtonLabel5]</label>
						<textcolor>white</textcolor>
						<focusedcolor>$VAR[CustomColorFocus]</focusedcolor>
						<texturefocus border="0,2,0,2">hbiconsoutline-5.png</texturefocus>
				        <texturenofocus border="0,2,0,2">hbiconsoutline-5.png</texturenofocus>
				        <onclick>Skin.SetString(ConfigButton,5)</onclick>
						<onup>304</onup>
						<ondown>306</ondown>
						<onleft>302</onleft>
						<onright></onright>
					</control>
					<control type="button" id="306">
						<description>Main Button 6</description>
						<posx>270</posx>
						<posy>110</posy>
						<height>50</height>
			        	<width>270</width>
						<font>font13_title</font>
						<align>right</align>
						<aligny>center</aligny>
						<textoffsetx>13</textoffsetx>
						<label>$VAR[HomeButtonLabel6]</label>
						<textcolor>white</textcolor>
						<focusedcolor>$VAR[CustomColorFocus]</focusedcolor>
						<texturefocus border="0,2,0,2">hbiconsoutline-6.png</texturefocus>
				        <texturenofocus border="0,2,0,2">hbiconsoutline-6.png</texturenofocus>
				        <onclick>Skin.SetString(ConfigButton,6)</onclick>
						<onup>305</onup>
						<ondown>310</ondown>
						<onleft>303</onleft>
						<onright></onright>
					</control>
		</control>

<!--	<control type="label">
			<visible>Skin.String(FirstSettings,3)</visible>
			<posx>0</posx>
			<posy>360</posy>
			<height>50</height>
			<width>460</width>
			<font>font24_title</font>
			<label>$LOCALIZE[31269]$INFO[Skin.String(ConfigButton)]:</label>
			<textcolor>white</textcolor>
			<align>center</align>
			<aligny>center</aligny>
		</control> -->

<!-- Main Menu Buttons Choice-->	
<!-- Row 1 -->
		<control type="group" id="310">
			<description>button area</description>
			<posx>80</posx>
			<posy>390</posy>
			<width>1100</width>
			<height>250</height>
			<pagecontrol>30</pagecontrol>
			<onup>Control.SetFocus(630)</onup>
			<ondown>Control.SetFocus(602)</ondown>
			<onleft></onleft>
			<onright></onright>
			<visible>Skin.String(FirstSettings,3)</visible>
					<control type="button" id="311">
						<description>Music Path</description>
						<posx>0</posx>
						<posy>0</posy>
						<height>60</height>
			        	<width>160</width>
						<font>font13_title</font>
						<align>center</align>
						<aligny>center</aligny>
						<label>$LOCALIZE[31062]</label>
						<textcolor>white</textcolor>
						<focusedcolor>$VAR[CustomColorFocus]</focusedcolor>
						<texturefocus border="0,2,0,2">menuitem_black_f.png</texturefocus>
				        <texturenofocus border="0,2,0,2">menuitem_black_nf.png</texturenofocus>
				        <onclick condition="Skin.String(ConfigButton,1)">Skin.SetString(HomeButton1Value,MusicPath)</onclick>
				        <onclick condition="Skin.String(ConfigButton,2)">Skin.SetString(HomeButton2Value,MusicPath)</onclick>
				        <onclick condition="Skin.String(ConfigButton,3)">Skin.SetString(HomeButton3Value,MusicPath)</onclick>
				        <onclick condition="Skin.String(ConfigButton,4)">Skin.SetString(HomeButton4Value,MusicPath)</onclick>
				        <onclick condition="Skin.String(ConfigButton,5)">Skin.SetString(HomeButton5Value,MusicPath)</onclick>
				        <onclick condition="Skin.String(ConfigButton,6)">Skin.SetString(HomeButton6Value,MusicPath)</onclick>
						<onup>Control.SetFocus(306)</onup>
						<ondown>316</ondown>
						<onleft></onleft>
						<onright>312</onright>
					</control>
					<control type="button" id="312">
						<description>Music Artists</description>
						<posx>170</posx>
						<posy>0</posy>
						<height>60</height>
			        	<width>160</width>
						<font>font13_title</font>
						<align>center</align>
						<aligny>center</aligny>
						<label>$LOCALIZE[31241]</label>  
						<textcolor>white</textcolor>
						<focusedcolor>$VAR[CustomColorFocus]</focusedcolor>
						<texturefocus border="0,2,0,2">menuitem_black_f.png</texturefocus>
				        <texturenofocus border="0,2,0,2">menuitem_black_nf.png</texturenofocus>
				        <onclick condition="Skin.String(ConfigButton,1)">Skin.SetString(HomeButton1Value,MusicArtists)</onclick>
				        <onclick condition="Skin.String(ConfigButton,2)">Skin.SetString(HomeButton2Value,MusicArtists)</onclick>
				        <onclick condition="Skin.String(ConfigButton,3)">Skin.SetString(HomeButton3Value,MusicArtists)</onclick>
				        <onclick condition="Skin.String(ConfigButton,4)">Skin.SetString(HomeButton4Value,MusicArtists)</onclick>
				        <onclick condition="Skin.String(ConfigButton,5)">Skin.SetString(HomeButton5Value,MusicArtists)</onclick>
				        <onclick condition="Skin.String(ConfigButton,6)">Skin.SetString(HomeButton6Value,MusicArtists)</onclick>
						<onup>Control.SetFocus(306)</onup>
						<ondown>317</ondown>
						<onleft>311</onleft>
						<onright>313</onright>
					</control>  
					<control type="button" id="313">
						<description>Music Albums</description>
						<posx>340</posx>
						<posy>0</posy>
						<height>60</height>
			        	<width>160</width>
						<font>font13_title</font>
						<align>center</align>
						<aligny>center</aligny>
						<label>$LOCALIZE[31242]</label>  
						<textcolor>white</textcolor>
						<focusedcolor>$VAR[CustomColorFocus]</focusedcolor>
						<texturefocus border="0,2,0,2">menuitem_black_f.png</texturefocus>
				        <texturenofocus border="0,2,0,2">menuitem_black_nf.png</texturenofocus>
				        <onclick condition="Skin.String(ConfigButton,1)">Skin.SetString(HomeButton1Value,MusicAlbums)</onclick>
				        <onclick condition="Skin.String(ConfigButton,2)">Skin.SetString(HomeButton2Value,MusicAlbums)</onclick>
				        <onclick condition="Skin.String(ConfigButton,3)">Skin.SetString(HomeButton3Value,MusicAlbums)</onclick>
				        <onclick condition="Skin.String(ConfigButton,4)">Skin.SetString(HomeButton4Value,MusicAlbums)</onclick>
				        <onclick condition="Skin.String(ConfigButton,5)">Skin.SetString(HomeButton5Value,MusicAlbums)</onclick>
				        <onclick condition="Skin.String(ConfigButton,6)">Skin.SetString(HomeButton6Value,MusicAlbums)</onclick>
						<onup>Control.SetFocus(306)</onup>
						<ondown>318</ondown>
						<onleft>312</onleft>
						<onright>314</onright>
					</control>  
					<control type="button" id="314">
						<description>Music Genres</description>
						<posx>510</posx>
						<posy>0</posy>
						<height>60</height>
			        	<width>160</width>
						<font>font13_title</font>
						<align>center</align>
						<aligny>center</aligny>
						<label>$LOCALIZE[31243]</label>  
						<textcolor>white</textcolor>
						<focusedcolor>$VAR[CustomColorFocus]</focusedcolor>
						<texturefocus border="0,2,0,2">menuitem_black_f.png</texturefocus>
				        <texturenofocus border="0,2,0,2">menuitem_black_nf.png</texturenofocus>
				        <onclick condition="Skin.String(ConfigButton,1)">Skin.SetString(HomeButton1Value,MusicGenres)</onclick>
				        <onclick condition="Skin.String(ConfigButton,2)">Skin.SetString(HomeButton2Value,MusicGenres)</onclick>
				        <onclick condition="Skin.String(ConfigButton,3)">Skin.SetString(HomeButton3Value,MusicGenres)</onclick>
				        <onclick condition="Skin.String(ConfigButton,4)">Skin.SetString(HomeButton4Value,MusicGenres)</onclick>
				        <onclick condition="Skin.String(ConfigButton,5)">Skin.SetString(HomeButton5Value,MusicGenres)</onclick>
				        <onclick condition="Skin.String(ConfigButton,6)">Skin.SetString(HomeButton6Value,MusicGenres)</onclick>
						<onup>Control.SetFocus(306)</onup>
						<ondown>319</ondown>
						<onleft>313</onleft>
						<onright>315</onright>
					</control>  
					<control type="button" id="315">
						<description>Radio</description>
						<posx>680</posx>
						<posy>0</posy>
						<height>60</height>
			        	<width>160</width>
						<font>font13_title</font>
						<align>center</align>
						<aligny>center</aligny>
						<label>$LOCALIZE[31061]</label>  
						<textcolor>white</textcolor>
						<focusedcolor>$VAR[CustomColorFocus]</focusedcolor>
						<texturefocus border="0,2,0,2">menuitem_black_f.png</texturefocus>
				        <texturenofocus border="0,2,0,2">menuitem_black_nf.png</texturenofocus>
				        <onclick condition="Skin.String(ConfigButton,1)">Skin.SetString(HomeButton1Value,RadioFM)</onclick>
				        <onclick condition="Skin.String(ConfigButton,2)">Skin.SetString(HomeButton2Value,RadioFM)</onclick>
				        <onclick condition="Skin.String(ConfigButton,3)">Skin.SetString(HomeButton3Value,RadioFM)</onclick>
				        <onclick condition="Skin.String(ConfigButton,4)">Skin.SetString(HomeButton4Value,RadioFM)</onclick>
				        <onclick condition="Skin.String(ConfigButton,5)">Skin.SetString(HomeButton5Value,RadioFM)</onclick>
				        <onclick condition="Skin.String(ConfigButton,6)">Skin.SetString(HomeButton6Value,RadioFM)</onclick>
						<onup>Control.SetFocus(306)</onup>
						<ondown>320</ondown>
						<onleft>314</onleft>
						<onright>316</onright>
					</control>  
<!-- Row 2 -->
					<control type="button" id="316">
						<description>Video</description>
						<posx>0</posx>
						<posy>70</posy>
						<height>60</height>
			        	<width>160</width>
						<font>font13_title</font>
						<align>center</align>
						<aligny>center</aligny>
						<label>$LOCALIZE[31063]</label>  
						<textcolor>white</textcolor>
						<focusedcolor>$VAR[CustomColorFocus]</focusedcolor>
						<texturefocus border="0,2,0,2">menuitem_black_f.png</texturefocus>
				        <texturenofocus border="0,2,0,2">menuitem_black_nf.png</texturenofocus>
				        <onclick condition="Skin.String(ConfigButton,1)">Skin.SetString(HomeButton1Value,Video)</onclick>
				        <onclick condition="Skin.String(ConfigButton,2)">Skin.SetString(HomeButton2Value,Video)</onclick>
				        <onclick condition="Skin.String(ConfigButton,3)">Skin.SetString(HomeButton3Value,Video)</onclick>
				        <onclick condition="Skin.String(ConfigButton,4)">Skin.SetString(HomeButton4Value,Video)</onclick>
				        <onclick condition="Skin.String(ConfigButton,5)">Skin.SetString(HomeButton5Value,Video)</onclick>
				        <onclick condition="Skin.String(ConfigButton,6)">Skin.SetString(HomeButton6Value,Video)</onclick>
						<onup>311</onup>
						<ondown>321</ondown>
						<onleft>315</onleft>
						<onright>317</onright>
					</control>  
					<control type="button" id="317">
						<description>Navigation</description>
						<posx>170</posx>
						<posy>70</posy>
						<height>60</height>
			        	<width>160</width>
						<font>font13_title</font>
						<align>center</align>
						<aligny>center</aligny>
						<label>$LOCALIZE[31064]</label>  
						<textcolor>white</textcolor>
						<focusedcolor>$VAR[CustomColorFocus]</focusedcolor>
						<texturefocus border="0,2,0,2">menuitem_black_f.png</texturefocus>
				        <texturenofocus border="0,2,0,2">menuitem_black_nf.png</texturenofocus>
				        <onclick condition="Skin.String(ConfigButton,1)">Skin.SetString(HomeButton1Value,Navigation)</onclick>
				        <onclick condition="Skin.String(ConfigButton,2)">Skin.SetString(HomeButton2Value,Navigation)</onclick>
				        <onclick condition="Skin.String(ConfigButton,3)">Skin.SetString(HomeButton3Value,Navigation)</onclick>
				        <onclick condition="Skin.String(ConfigButton,4)">Skin.SetString(HomeButton4Value,Navigation)</onclick>
				        <onclick condition="Skin.String(ConfigButton,5)">Skin.SetString(HomeButton5Value,Navigation)</onclick>
				        <onclick condition="Skin.String(ConfigButton,6)">Skin.SetString(HomeButton6Value,Navigation)</onclick>
						<onup>312</onup>
						<ondown>322</ondown>
						<onleft>316</onleft>
						<onright>318</onright>
					</control>  
					<control type="button" id="318">
						<description>Favourites</description>
						<posx>340</posx>
						<posy>70</posy>
						<height>60</height>
			        	<width>160</width>
						<font>font13_title</font>
						<align>center</align>
						<aligny>center</aligny>
						<label>$LOCALIZE[31072]</label>  
						<textcolor>white</textcolor>
						<focusedcolor>$VAR[CustomColorFocus]</focusedcolor>
						<texturefocus border="0,2,0,2">menuitem_black_f.png</texturefocus>
				        <texturenofocus border="0,2,0,2">menuitem_black_nf.png</texturenofocus>
				        <onclick condition="Skin.String(ConfigButton,1)">Skin.SetString(HomeButton1Value,Favourites)</onclick>
				        <onclick condition="Skin.String(ConfigButton,2)">Skin.SetString(HomeButton2Value,Favourites)</onclick>
				        <onclick condition="Skin.String(ConfigButton,3)">Skin.SetString(HomeButton3Value,Favourites)</onclick>
				        <onclick condition="Skin.String(ConfigButton,4)">Skin.SetString(HomeButton4Value,Favourites)</onclick>
				        <onclick condition="Skin.String(ConfigButton,5)">Skin.SetString(HomeButton5Value,Favourites)</onclick>
				        <onclick condition="Skin.String(ConfigButton,6)">Skin.SetString(HomeButton6Value,Favourites)</onclick>
						<onup>313</onup>
						<ondown>323</ondown>
						<onleft>317</onleft>
						<onright>319</onright>
					</control>  
					<control type="button" id="319">
						<description>Programs</description>
						<posx>510</posx>
						<posy>70</posy>
						<height>60</height>
			        	<width>160</width>
						<font>font13_title</font>
						<align>center</align>
						<aligny>center</aligny>
						<label>$LOCALIZE[31071]</label>  
						<focusedcolor>$VAR[CustomColorFocus]</focusedcolor>
						<texturefocus border="0,2,0,2">menuitem_black_f.png</texturefocus>
				        <texturenofocus border="0,2,0,2">menuitem_black_nf.png</texturenofocus>
				        <texturenofocus border="0,2,0,2">radiobuttonblack.png</texturenofocus>
				        <onclick condition="Skin.String(ConfigButton,1)">Skin.SetString(HomeButton1Value,Programs)</onclick>
				        <onclick condition="Skin.String(ConfigButton,2)">Skin.SetString(HomeButton2Value,Programs)</onclick>
				        <onclick condition="Skin.String(ConfigButton,3)">Skin.SetString(HomeButton3Value,Programs)</onclick>
				        <onclick condition="Skin.String(ConfigButton,4)">Skin.SetString(HomeButton4Value,Programs)</onclick>
				        <onclick condition="Skin.String(ConfigButton,5)">Skin.SetString(HomeButton5Value,Programs)</onclick>
				        <onclick condition="Skin.String(ConfigButton,6)">Skin.SetString(HomeButton6Value,Programs)</onclick>
						<onup>314</onup>
						<ondown>324</ondown>
						<onleft>318</onleft>
						<onright>320</onright>
					</control>  
					<control type="button" id="320">
						<description>Weather</description>
						<posx>680</posx>
						<posy>70</posy>
						<height>60</height>
			        	<width>160</width>
						<font>font13_title</font>
						<align>center</align>
						<aligny>center</aligny>
						<label>$LOCALIZE[31135]</label>  
						<textcolor>white</textcolor>
						<focusedcolor>$VAR[CustomColorFocus]</focusedcolor>
						<texturefocus border="0,2,0,2">menuitem_black_f.png</texturefocus>
				        <texturenofocus border="0,2,0,2">menuitem_black_nf.png</texturenofocus>
				        <onclick condition="Skin.String(ConfigButton,1)">Skin.SetString(HomeButton1Value,Weather)</onclick>
				        <onclick condition="Skin.String(ConfigButton,2)">Skin.SetString(HomeButton2Value,Weather)</onclick>
				        <onclick condition="Skin.String(ConfigButton,3)">Skin.SetString(HomeButton3Value,Weather)</onclick>
				        <onclick condition="Skin.String(ConfigButton,4)">Skin.SetString(HomeButton4Value,Weather)</onclick>
				        <onclick condition="Skin.String(ConfigButton,5)">Skin.SetString(HomeButton5Value,Weather)</onclick>
				        <onclick condition="Skin.String(ConfigButton,6)">Skin.SetString(HomeButton6Value,Weather)</onclick>
						<onup>315</onup>
						<ondown>325</ondown>
						<onleft>319</onleft>
						<onright>321</onright>
					</control>  
<!-- Row 3 -->
					<control type="button" id="321">
						<description>OBD</description>
						<posx>0</posx>
						<posy>140</posy>
						<height>60</height>
			        	<width>160</width>
						<font>font13_title</font>
						<align>center</align>
						<aligny>center</aligny>
						<label>$LOCALIZE[31137]</label>  
						<textcolor>white</textcolor>
						<focusedcolor>$VAR[CustomColorFocus]</focusedcolor>
						<texturefocus border="0,2,0,2">menuitem_black_f.png</texturefocus>
				        <texturenofocus border="0,2,0,2">menuitem_black_nf.png</texturenofocus>
				        <onclick condition="Skin.String(ConfigButton,1)">Skin.SetString(HomeButton1Value,OBD)</onclick>
				        <onclick condition="Skin.String(ConfigButton,2)">Skin.SetString(HomeButton2Value,OBD)</onclick>
				        <onclick condition="Skin.String(ConfigButton,3)">Skin.SetString(HomeButton3Value,OBD)</onclick>
				        <onclick condition="Skin.String(ConfigButton,4)">Skin.SetString(HomeButton4Value,OBD)</onclick>
				        <onclick condition="Skin.String(ConfigButton,5)">Skin.SetString(HomeButton5Value,OBD)</onclick>
				        <onclick condition="Skin.String(ConfigButton,6)">Skin.SetString(HomeButton6Value,OBD)</onclick>
						<onup>316</onup>
						<ondown>331</ondown>
						<onleft>320</onleft>
						<onright>322</onright>
					</control>  
					<control type="button" id="322">
						<description>Connect3G</description>
						<posx>170</posx>
						<posy>140</posy>
						<height>60</height>
			        	<width>160</width>
						<font>font13_title</font>
						<align>center</align>
						<aligny>center</aligny>
						<label>$LOCALIZE[31073]</label>  
						<textcolor>white</textcolor>
						<focusedcolor>$VAR[CustomColorFocus]</focusedcolor>
						<texturefocus border="0,2,0,2">menuitem_black_f.png</texturefocus>
				        <texturenofocus border="0,2,0,2">menuitem_black_nf.png</texturenofocus>
				        <onclick condition="Skin.String(ConfigButton,1)">Skin.SetString(HomeButton1Value,Connect3G)</onclick>
				        <onclick condition="Skin.String(ConfigButton,2)">Skin.SetString(HomeButton2Value,Connect3G)</onclick>
				        <onclick condition="Skin.String(ConfigButton,3)">Skin.SetString(HomeButton3Value,Connect3G)</onclick>
				        <onclick condition="Skin.String(ConfigButton,4)">Skin.SetString(HomeButton4Value,Connect3G)</onclick>
				        <onclick condition="Skin.String(ConfigButton,5)">Skin.SetString(HomeButton5Value,Connect3G)</onclick>
				        <onclick condition="Skin.String(ConfigButton,6)">Skin.SetString(HomeButton6Value,Connect3G)</onclick>
						<onup>317</onup>
						<ondown>331</ondown>
						<onleft>321</onleft>
						<onright>323</onright>
					</control>  
					<control type="button" id="323">
						<description>Settings</description>
						<posx>340</posx>
						<posy>140</posy>
						<height>60</height>
			        	<width>160</width>
						<font>font13_title</font>
						<align>center</align>
						<aligny>center</aligny>
						<label>$LOCALIZE[31065]</label>  
						<textcolor>white</textcolor>
						<focusedcolor>$VAR[CustomColorFocus]</focusedcolor>
						<texturefocus border="0,2,0,2">menuitem_black_f.png</texturefocus>
				        <texturenofocus border="0,2,0,2">menuitem_black_nf.png</texturenofocus>
				        <onclick condition="Skin.String(ConfigButton,1)">Skin.SetString(HomeButton1Value,Settings)</onclick>
				        <onclick condition="Skin.String(ConfigButton,2)">Skin.SetString(HomeButton2Value,Settings)</onclick>
				        <onclick condition="Skin.String(ConfigButton,3)">Skin.SetString(HomeButton3Value,Settings)</onclick>
				        <onclick condition="Skin.String(ConfigButton,4)">Skin.SetString(HomeButton4Value,Settings)</onclick>
				        <onclick condition="Skin.String(ConfigButton,5)">Skin.SetString(HomeButton5Value,Settings)</onclick>
				        <onclick condition="Skin.String(ConfigButton,6)">Skin.SetString(HomeButton6Value,Settings)</onclick>
						<onup>318</onup>
						<ondown>331</ondown>
						<onleft>322</onleft>
						<onright>324</onright>
					</control>  
					<control type="button" id="324">
						<description>Shutdown</description>
						<posx>510</posx>
						<posy>140</posy>
						<height>60</height>
			        	<width>160</width>
						<font>font13_title</font>
						<align>center</align>
						<aligny>center</aligny>
						<label>$LOCALIZE[31285]</label>  
						<textcolor>white</textcolor>
						<focusedcolor>$VAR[CustomColorFocus]</focusedcolor>
						<texturefocus border="0,2,0,2">menuitem_black_f.png</texturefocus>
				        <texturenofocus border="0,2,0,2">menuitem_black_nf.png</texturenofocus>
				        <onclick condition="Skin.String(ConfigButton,1)">Skin.SetString(HomeButton1Value,Shutdown)</onclick>
				        <onclick condition="Skin.String(ConfigButton,2)">Skin.SetString(HomeButton2Value,Shutdown)</onclick>
				        <onclick condition="Skin.String(ConfigButton,3)">Skin.SetString(HomeButton3Value,Shutdown)</onclick>
				        <onclick condition="Skin.String(ConfigButton,4)">Skin.SetString(HomeButton4Value,Shutdown)</onclick>
				        <onclick condition="Skin.String(ConfigButton,5)">Skin.SetString(HomeButton5Value,Shutdown)</onclick>
				        <onclick condition="Skin.String(ConfigButton,6)">Skin.SetString(HomeButton6Value,Shutdown)</onclick>
						<onup>319</onup>
						<ondown>331</ondown>
						<onleft>323</onleft>
						<onright>325</onright>
					</control>  
					<control type="button" id="325">
						<description>Magic Button</description>
						<posx>680</posx>
						<posy>140</posy>
						<height>60</height>
			        	<width>160</width>
						<font>font13_title</font>
						<align>center</align>
						<aligny>center</aligny>
						<label>$LOCALIZE[31286]</label>  
						<textcolor>white</textcolor>
						<focusedcolor>$VAR[CustomColorFocus]</focusedcolor>
						<texturefocus border="0,2,0,2">menuitem_black_f.png</texturefocus>
				        <texturenofocus border="0,2,0,2">menuitem_black_nf.png</texturenofocus>
				        <onclick condition="Skin.String(ConfigButton,1)">Skin.SetString(HomeButton1Value,ShutdownNoDialog)</onclick>
				        <onclick condition="Skin.String(ConfigButton,2)">Skin.SetString(HomeButton2Value,ShutdownNoDialog)</onclick>
				        <onclick condition="Skin.String(ConfigButton,3)">Skin.SetString(HomeButton3Value,ShutdownNoDialog)</onclick>
				        <onclick condition="Skin.String(ConfigButton,4)">Skin.SetString(HomeButton4Value,ShutdownNoDialog)</onclick>
				        <onclick condition="Skin.String(ConfigButton,5)">Skin.SetString(HomeButton5Value,ShutdownNoDialog)</onclick>
				        <onclick condition="Skin.String(ConfigButton,6)">Skin.SetString(HomeButton6Value,ShutdownNoDialog)</onclick>
						<onup>320</onup>
						<ondown>331</ondown>
						<onleft>324</onleft>
						<onright></onright>
					</control>
			</control>


<!-- Buttons -->
					<control type="button" id="330">
						<visible>Skin.String(FirstSettings,3)</visible>
						<posx>100</posx>
						<posy>615</posy>
						<height>60</height>
					   	<width>180</width>
						<font>font24_title</font>
						<align>center</align>
						<aligny>center</aligny>
						<label>$LOCALIZE[31200]</label>  
						<textcolor>white</textcolor>
						<focusedcolor>$VAR[CustomColorFocus]</focusedcolor>
						<texturefocus border="0,2,0,2">button_outline_black_f.png</texturefocus>
					    <texturenofocus border="0,2,0,2">button_outline_black.png</texturenofocus>
						<onclick>Skin.Reset(FirstSettings)</onclick>
						<onclick>Skin.SetString(FirstSettings,2)</onclick>
						<onclick>Control.SetFocus(201)</onclick>
						<onup>325</onup>
						<ondown></ondown>
						<onright>331</onright>
					</control> 


					<control type="button" id="331">
						<visible>Skin.String(FirstSettings,3)</visible>
						<centerleft>500</centerleft>
						<posy>615</posy>
						<height>60</height>
					   	<width>340</width>
						<font>font24_title</font>
						<align>center</align>
						<aligny>center</aligny>
						<label>$LOCALIZE[31231]</label>  
						<textcolor>white</textcolor>
						<focusedcolor>$VAR[CustomColorFocus]</focusedcolor>
						<texturefocus border="0,2,0,2">button_outline_black_f.png</texturefocus>
					    <texturenofocus border="0,2,0,2">button_outline_black.png</texturenofocus>
						<onclick>Skin.Reset(FirstSettings)</onclick>
						<onclick>Skin.SetString(FirstSettings,4)</onclick>
						<onclick>Control.SetFocus(401)</onclick>
						<onup>325</onup>
						<ondown></ondown>
						<onleft>330</onleft>
					</control> 


<!-- ### Page 3 End ####################################################################################### -->
<!-- ### Page 4 ############################################################################################ -->

		<control type="group" id="400">
			<description>Step 3: Style Main Buttons</description>
			<visible>Skin.String(FirstSettings,4)</visible>
			<posx>40</posx>
			<posy>90</posy>
			<width>920</width>
			<height>150</height>
			<itemgap>10</itemgap>
			<align>top</align>
			<control type="label">
				<width>300</width>
				<height>60</height>
				<label></label>
			</control>
			<control type="label">
				<posx>0</posx>
				<posy>0</posy>
				<height>60</height>
				<width>920</width>
				<wrapmultiline>true</wrapmultiline>
				<font>font24_title</font>
				<label>$LOCALIZE[31228]</label>
				<textcolor>white</textcolor>
				<align>center</align>
				<aligny>top</aligny>
			</control>
			<control type="label">
				<posx>0</posx>
				<posy>40</posy>
				<height>230</height>
				<width>920</width>
				<wrapmultiline>true</wrapmultiline>
				<font>font13_title</font>
				<label>$LOCALIZE[31229]</label>
				<textcolor>white</textcolor>
				<align>left</align>
				<aligny>top</aligny>
			</control>
			<control type="label">
				<width>300</width>
				<height>60</height>
				<label></label>
			</control>
		</control>



<!-- Home Button Text&Icon Color -->
		<control type="group">
			<description>Home Button Text&Icon Color</description>
			<posx>30</posx>
			<posy>310</posy>
			<width>1000</width>
			<height>60</height>
			<visible>Skin.String(FirstSettings,4)</visible>

            <control type="image">
                <description>Hintergrund</description>
				<posx>0</posx>
				<posy>0</posy>
                <posx>0</posx>
                <posy>0</posy>
                <width>1000</width>
                <height>70</height>
                <texture border="0,2,0,2">MenuItemNF.png</texture>
            </control>
			<control type="button" id="401">
				<posx>130</posx>
				<posy>10</posy>
				<height>50</height>
			   	<width>340</width>
				<font>font24_title</font>
				<align>center</align>
				<aligny>center</aligny>
				<label>$LOCALIZE[31184]</label>  
				<textcolor>white</textcolor>
				<focusedcolor>$VAR[CustomColorFocus]</focusedcolor>
				<texturefocus border="0,2,0,2">button_outline_black_f.png</texturefocus>
			    <texturenofocus border="0,2,0,2">button_outline_black.png</texturenofocus>
				<onclick>Skin.Reset(ChangeSkinColor)</onclick>
				<onclick>Skin.Reset(ChangeFocusColor)</onclick>
				<onclick>Skin.Reset(ChangeOutlineColor)</onclick>
				<onclick>Skin.SetString(ChangeIconTextColor,1)</onclick>
				<onclick>ActivateWindow(1130)</onclick>
				<onup></onup>
				<ondown>402</ondown>
			</control> 
			<control type="label">
				<posx>500</posx>
				<posy>5</posy>
				<height>60</height>
				<width>270</width>
				<font>font24_title</font>
				<label>$LOCALIZE[31190]</label>
				<textcolor>white</textcolor>
				<align>left</align>
				<aligny>center</aligny>
			</control>
            <control type="image">
                <description>Color field</description>
                <visible>!IsEmpty(Skin.String(CustomColorHomebuttons))</visible>
				<posx>700</posx>
				<posy>15</posy>
                <posx>0</posx>
                <posy>0</posy>
                <width>100</width>
                <height>40</height>
                <texture colordiffuse="$VAR[CustomColorHomebuttons]">button-nofocus.png</texture>
            </control>
            <control type="image">
                <description>Color field clear</description>
                <visible>IsEmpty(Skin.String(CustomColorHomebuttons))</visible>
				<posx>700</posx>
				<posy>15</posy>
                <posx>0</posx>
                <posy>0</posy>
                <width>100</width>
                <height>40</height>
                <texture>button_clear.png</texture>
            </control>
		</control> 

<!-- Home Button Outline Color -->

		<control type="group">
				<visible>Skin.String(FirstSettings,4)</visible>
				<description>Color for Button Outline</description>
				<posx>30</posx>
				<posy>400</posy>
				<width>1000</width>
				<height>70</height>
	
	            <control type="image">
	                <description>Hintergrund</description>
					<posx>0</posx>
					<posy>0</posy>
	                <posx>0</posx>
	                <posy>0</posy>
					<width>1000</width>
					<height>70</height>
	                <texture border="0,2,0,2">MenuItemNF.png</texture>
				</control>
				<control type="button" id="402">
					<posx>130</posx>
					<posy>10</posy>
					<height>50</height>
			   		<width>340</width>
					<font>font24_title</font>
					<align>center</align>
					<aligny>center</aligny>
					<label>$LOCALIZE[31215]</label>  
					<textcolor>white</textcolor>
					<focusedcolor>$VAR[CustomColorFocus]</focusedcolor>
					<texturefocus border="0,2,0,2">button_outline_black_f.png</texturefocus>
			    	<texturenofocus border="0,2,0,2">button_outline_black.png</texturenofocus>
					<onclick>Skin.Reset(ChangeSkinColor)</onclick>
					<onclick>Skin.Reset(ChangeFocusColor)</onclick>
					<onclick>Skin.Reset(ChangeIconTextColor)</onclick>
					<onclick>Skin.SetString(ChangeOutlineColor,1)</onclick>
					<onclick>Skin.SetBool(ShowOutlines)</onclick>
					<onclick>ActivateWindow(1130)</onclick>
					<onup>401</onup>
					<ondown>404</ondown>
				</control> 
				<control type="label">
					<posx>500</posx>
					<posy>5</posy>
					<height>60</height>
					<width>270</width>
					<font>font24_title</font>
					<label>$LOCALIZE[31190]</label>
					<textcolor>white</textcolor>
					<align>left</align>
					<aligny>center</aligny>
				</control>
	           	<control type="image">
					<description>No Color</description>
					<posx>700</posx>
					<posy>15</posy>
                	<posx>0</posx>
                	<posy>0</posy>
                	<width>100</width>
                	<height>40</height>
                	<texture>button_outline.png</texture>
				</control>
				<control type="label">
					<posx>700</posx>
					<posy>15</posy>
					<height>40</height>
					<width>100</width>
					<font>font22_title</font>
					<label>$LOCALIZE[31212]</label>
					<textcolor>white</textcolor>
					<align>center</align>
					<aligny>center</aligny>
				</control>
	           	<control type="image">
					<description>Farbfeld</description>
					<visible>!IsEmpty(Skin.String(HBOutlineColor))</visible>
					<posx>700</posx>
					<posy>15</posy>
                	<posx>0</posx>
                	<posy>0</posy>
                	<width>100</width>
                	<height>40</height>
                	<texture colordiffuse="$VAR[HBOutlineColor]">button-nofocus.png</texture>
				</control>
	            <control type="image">
					<description>Color field clear</description>
					<visible>IsEmpty(Skin.String(HBOutlineColor))</visible>
					<posx>700</posx>
					<posy>15</posy>
					<posx>0</posx>
					<posy>0</posy>
					<width>100</width>
					<height>40</height>
					<texture>button_clear.png</texture>
				</control>
			</control> 


			<control type="button" id="403">
				<visible>Skin.String(FirstSettings,4)</visible>
				<posx>100</posx>
				<posy>600</posy>
				<height>60</height>
			   	<width>180</width>
				<font>font24_title</font>
				<align>center</align>
				<aligny>center</aligny>
				<label>$LOCALIZE[31200]</label>  
				<textcolor>white</textcolor>
				<focusedcolor>$VAR[CustomColorFocus]</focusedcolor>
				<texturefocus border="0,2,0,2">button_outline_black_f.png</texturefocus>
			    <texturenofocus border="0,2,0,2">button_outline_black.png</texturenofocus>
				<onclick>Skin.Reset(FirstSettings)</onclick>
				<onclick>Skin.SetString(FirstSettings,3)</onclick>
				<onclick>Control.SetFocus(301)</onclick>
				<onup>402</onup>
				<ondown></ondown>
				<onright>404</onright>
			</control> 


			<control type="button" id="404">
				<visible>Skin.String(FirstSettings,4)</visible>
				<centerleft>500</centerleft>
				<posy>600</posy>
				<height>60</height>
			   	<width>340</width>
				<font>font24_title</font>
				<align>center</align>
				<aligny>center</aligny>
				<label>$LOCALIZE[31231]</label>  
				<textcolor>white</textcolor>
				<focusedcolor>$VAR[CustomColorFocus]</focusedcolor>
				<texturefocus border="0,2,0,2">button_outline_black_f.png</texturefocus>
			    <texturenofocus border="0,2,0,2">button_outline_black.png</texturenofocus>
				<onclick>Skin.Reset(FirstSettings)</onclick>
				<onclick>Skin.SetString(FirstSettings,5)</onclick>
				<onclick>Control.SetFocus(504)</onclick>
				<onup>402</onup>
				<ondown></ondown>
				<onleft>403</onleft>
			</control> 

<!-- ### Page 4 End ######################################################################################## -->

<!-- ### Page 5  ########################################################################################### -->

		<control type="group">
			<visible>Skin.String(FirstSettings,5)</visible>
			<posx>20</posx>
			<posy>70</posy>
			<width>920</width>
			<height>550</height>
			<orientation>vertical</orientation>
			<ondown>502</ondown>
			<control type="label">
				<description>Version</description>
				<posx>160</posx>
				<posy>80</posy>
				<width>650</width>
				<height>100</height>
				<align>center</align>
				<aligny>top</aligny>
				<font>WeatherTemp</font>
				<textcolor>white</textcolor>
				<label>$LOCALIZE[31232]</label>
			</control>
			<control type="label">
				<posx>130</posx>
				<posy>200</posy>
				<height>330</height>
				<width>700</width>
				<wrapmultiline>true</wrapmultiline>
				<font>font13_title</font>
				<label>$LOCALIZE[31233]</label>
				<textcolor>white</textcolor>
				<align>center</align>
				<aligny>top</aligny>
			</control>

			<control type="button" id="503">
				<visible>Skin.String(FirstSettings,5)</visible>
				<posx>100</posx>
				<posy>500</posy>
				<height>60</height>
			   	<width>180</width>
				<font>font24_title</font>
				<align>center</align>
				<aligny>center</aligny>
				<label>$LOCALIZE[31200]</label>  
				<textcolor>white</textcolor>
				<focusedcolor>$VAR[CustomColorFocus]</focusedcolor>
				<texturefocus border="0,2,0,2">button_outline_black_f.png</texturefocus>
			    <texturenofocus border="0,2,0,2">button_outline_black.png</texturenofocus>
				<onclick>Skin.Reset(FirstSettings)</onclick>
				<onclick>Skin.SetString(FirstSettings,4)</onclick>
				<onclick>Control.SetFocus(401)</onclick>
				<onright>504</onright>
			</control> 


			<control type="button" id="504">
				<visible>Skin.String(FirstSettings,5)</visible>
				<centerleft>500</centerleft>
				<posy>500</posy>
				<height>60</height>
			   	<width>340</width>
				<font>font24_title</font>
				<align>center</align>
				<aligny>center</aligny>
				<label>$LOCALIZE[31234]</label>  
				<textcolor>white</textcolor>
				<focusedcolor>$VAR[CustomColorFocus]</focusedcolor>
				<texturefocus border="0,2,0,2">button_outline_black_f.png</texturefocus>
			    <texturenofocus border="0,2,0,2">button_outline_black.png</texturenofocus>
				<onclick>Skin.Reset(FirstSettings)</onclick>
				<onclick>Skin.ToggleSetting(HideSettingsManager2.3)</onclick> 
				<onclick>Dialog.Close(1122)</onclick>
				<onclick>XBMC.ReloadSkin()</onclick>
				<onleft>503</onleft>
			</control> 
		</control>


<!-- ### Page 5 End ######################################################################################## -->


	</controls>

</window>
