<window type="dialog" id="1124">
	<defaultcontrol always="false">811</defaultcontrol>
	<!-- removed allowoverlay -->
	<include>16x9_xPos_Relocation</include>
	<include>Window_OpenClose_Animation_Zoom</include>
	<coordinates>
		<system>1</system>
		<posx>-50</posx>
		<posy>0</posy>
	</coordinates>
	<controls>
		<control type="image">
			<posx>0</posx>
			<posy>0</posy>
			<width>1000</width>
			<height>60</height>
			<texture border="5">DialogHeader.png</texture>
		</control>
		<control type="label">
			<description>header label</description>
			<posx>20</posx>
			<posy>0</posy>
			<include>WindowTitleCommons</include>
			<width>910</width>
			<label>20077</label>
		</control>
		<control type="image">
			<posx>0</posx>
			<posy>60</posy>
			<width>1000</width>
			<height>650</height>
			<texture border="5">dialog_back_black.png</texture>
		</control>
		<control type="group">
			<posx>20</posx>
			<posy>75</posy>
			<control type="button">
				<description>left Arrow</description>
				<posx>0</posx>
				<posy>0</posy>
				<width>40</width>
				<height>40</height>
				<texturefocus>arrow-big-left.png</texturefocus>
				<texturenofocus>arrow-big-left.png</texturenofocus>
				<onclick>Control.Move(9,-1)</onclick>
				<include>VisibleFadeEffect</include>
				<visible>Container(9).HasPrevious</visible>
			</control>
			<control type="button" id="8">
				<description>right Arrow</description>
				<posx>920</posx>
				<posy>0</posy>
				<width>40</width>
				<height>40</height>
				<texturefocus>arrow-big-right.png</texturefocus>
				<texturenofocus>arrow-big-right.png</texturenofocus>
				<onclick>Control.Move(9,1)</onclick>
				<include>VisibleFadeEffect</include>
				<visible>Container(9).HasNext</visible>
			</control>
		</control>


		
<!-- ### Color Lists ### -->

		<include>SkinColorList</include>
<!--	<include>FocusColorList</include>
		<include>ButtonBGColorList</include>
		<include>Button1BGColorList</include>
		<include>Button2BGColorList</include>
		<include>Button3BGColorList</include>
		<include>Button4BGColorList</include>
		<include>Button5BGColorList</include>
		<include>Button6BGColorList</include>
		<include>OutlineColorList</include>
		<include>IconTextColorList</include>
		<include>BottomBGColorList</include>
		<include>PlayerButtonsBGColorList</include>
		<include>SubmenuBGColorList</include> -->
	</controls>

</window>
