<window id="107">
	<include>Window_OpenClose_Animation</include>
	<controls>
		<control type="group">
			<posx>0</posx>
			<posy>100r</posy>
			<control type="image">
				<description>Background</description>
				<posx>0</posx>
				<posy>0</posy>
				<width>500</width>
				<height>100</height>
				<texture border="8">dialog_back_black.png</texture>
			</control>
			<control type="image" id="400">
				<description>Icon</description>
				<posx>10</posx>
				<posy>10</posy>
				<width>60</width>
				<height>60</height>
				<aspectratio>keep</aspectratio>
				<texture>DefaultFile.png</texture>
			</control>
			<control type="fadelabel" id="401">
				<description>Line 1 Label</description>
				<posx>80</posx>
				<posy>10</posy>
				<width>400</width>
				<height>20</height>
				<font>font20_bold</font>
				<textcolor>white</textcolor>
				<align>left</align>
				<aligny>center</aligny>
				<scrollout>false</scrollout>
				<pauseatend>2000</pauseatend>
			</control>
			<control type="textbox" id="402">
				<description>Line 2 Label</description>
				<posx>80</posx>
				<posy>35</posy>
				<width>400</width>
				<height>100</height>
				<font>font18</font>
				<textcolor>white</textcolor>
				<align>left</align>
			</control>
		</control>
	</controls>
</window>
