<window id="503">
	<defaultcontrol allways="true">6</defaultcontrol>
	<!-- removed allowoverlay -->
	<onunload>Skin.Reset(MediaSubMenuVisible2)</onunload>
	<controls>
		<include>CommonBackground</include>
        <include>CommonTopBar</include>
        <include>CommonBottomBar</include>
        <!-- <include>CommonBackgroundOverlay</include> -->
		<include>HomeButtonCommons</include>
		<include>CommonNowPlaying</include>
		<!-- <include>OptionsButtonCommons</include> -->
        <include>BottomNowPLaying</include>
        <control type="label">
			<description>Window label</description>
			<include>MediaWindowTitleCommons</include>
			<label>$LOCALIZE[10503]</label>
		</control>
		<control type="group">
			<posx>30</posx>
			<posy>82</posy>
			<include>Window_OpenClose_Animation_Zoom</include>
			<control type="label">
				<posx>0</posx>
				<posy>0</posy>
				<width>442</width>
				<height>22</height>
				<font>font12_title</font>
				<textcolor>white</textcolor>
				<scroll>true</scroll>
				<align>center</align>
				<aligny>center</aligny>
				<label>31058</label>
			</control>
			<control type="label">
				<description>number of files/pages in left list text label</description>
				<posx>0</posx>
				<posy>532</posy>
				<width>442</width>
				<font>font12</font>
				<align>left</align>
				<scroll>true</scroll>
				<textcolor>grey2</textcolor>
				<shadowcolor>black</shadowcolor>
				<label>($INFO[Container(50).NumItems]) $LOCALIZE[31025] - $LOCALIZE[31024] ($INFO[Container(50).CurrentPage]/$INFO[Container(50).NumPages])</label>
			</control>
			<control type="panel" id="50">
				<posx>0</posx>
				<posy>30</posy>
				<width>442</width>
				<height>495</height>
				<onleft>75</onleft>
				<onright>75</onright>
				<onup>50</onup>
				<ondown>50</ondown>
				<viewtype label="">list</viewtype>
				<pagecontrol>30</pagecontrol>
				<scrolltime>200</scrolltime>
				<itemlayout height="45" width="442">
					<control type="image">
						<posx>0</posx>
						<posy>0</posy>
						<width>442</width>
						<height>45</height>
						<texture border="4">ListNF.png</texture>
					</control>
					<control type="image">
						<posx>7</posx>
						<posy>4</posy>
						<width>37</width>
						<height>37</height>
						<texture background="true">$INFO[ListItem.Icon]</texture>
					</control>
					<control type="label">
						<posx>56</posx>
						<posy>0</posy>
						<width>307</width>
						<height>45</height>
						<font>font12</font>
						<textcolor>white</textcolor>
						<selectedcolor>selected</selectedcolor>
						<align>left</align>
						<aligny>center</aligny>
						<label>$INFO[ListItem.Label]</label>
					</control>
					<control type="label">
						<posx>435</posx>
						<posy>2</posy>
						<width>300</width>
						<height>22</height>
						<font>font12</font>
						<textcolor>grey2</textcolor>
						<selectedcolor>selected</selectedcolor>
						<align>right</align>
						<aligny>center</aligny>
						<label>$INFO[ListItem.Label2]</label>
					</control>
					<control type="image">
						<description>Rating value</description>
						<posx>360</posx>
						<posy>22</posy>
						<width>75</width>
						<height>19</height>
						<aspectratio align="left">keep</aspectratio>
						<texture fallback="light/left_rating/rating0.png">$INFO[ListItem.StarRating,light/left_rating/]</texture>
					</control>
				</itemlayout>
				<focusedlayout height="60" width="590">
					<control type="image">
						<posx>0</posx>
						<posy>0</posy>
						<width>442</width>
						<height>45</height>
						<texture border="4">ListFO.png</texture>
						<include>VisibleFadeEffect</include>
					</control>
					<control type="image">
						<posx>7</posx>
						<posy>4</posy>
						<width>37</width>
						<height>37</height>
						<texture background="true">$INFO[ListItem.Icon]</texture>
					</control>
					<control type="label">
						<posx>56</posx>
						<posy>0</posy>
						<width>307</width>
						<height>45</height>
						<font>font12</font>
						<textcolor>black</textcolor>
						<selectedcolor>selected</selectedcolor>
						<align>left</align>
						<aligny>center</aligny>
						<label>$INFO[ListItem.Label]</label>
					</control>
					<control type="label">
						<posx>435</posx>
						<posy>2</posy>
						<width>300</width>
						<height>22</height>
						<font>font12</font>
						<textcolor>black</textcolor>
						<selectedcolor>selected</selectedcolor>
						<align>right</align>
						<aligny>center</aligny>
						<label>$INFO[ListItem.Label2]</label>
					</control>
					<control type="image">
						<description>Rating value</description>
						<posx>360</posx>
						<posy>22</posy>
						<width>75</width>
						<height>19</height>
						<aspectratio align="left">keep</aspectratio>
						<texture fallback="dark/left_rating/rating0.png">$INFO[ListItem.StarRating,dark/left_rating/]</texture>
					</control>
				</focusedlayout>
			</control>
            
		</control>
		<control type="group">
			<include>Window_OpenClose_Animation_Zoom</include>
			<posx>687</posx>
			<posy>82</posy>
			<control type="label">
				<posx>0</posx>
				<posy>0</posy>
				<width>442</width>
				<height>22</height>
				<font>font12_title</font>
				<textcolor>white</textcolor>
				<scroll>true</scroll>
				<align>center</align>
				<aligny>center</aligny>
				<label>31059</label>
			</control>
			<control type="label">
				<description>Page Count Label</description>
				<posx>442</posx>
				<posy>532</posy>
				<width>442</width>
				<font>font12</font>
				<align>right</align>
				<scroll>true</scroll>
				<textcolor>grey2</textcolor>
				<shadowcolor>black</shadowcolor>
				<label>($INFO[Container(100).NumItems]) $LOCALIZE[31025] - $LOCALIZE[31024] ($INFO[Container(100).CurrentPage]/$INFO[Container(100).NumPages])</label>
			</control>
			<control type="panel" id="100">
				<posx>0</posx>
				<posy>30</posy>
				<width>442</width>
				<height>495</height>
				<onleft>37</onleft>
				<onright>37</onright>
				<onup>100</onup>
				<ondown>100</ondown>
				<viewtype label="">list</viewtype>
				<pagecontrol>30</pagecontrol>
				<scrolltime>200</scrolltime>
				<itemlayout height="45" width="442">
					<control type="image">
						<posx>0</posx>
						<posy>0</posy>
						<width>442</width>
						<height>45</height>
						<texture border="4">ListNF.png</texture>
					</control>
					<control type="image">
						<posx>7</posx>
						<posy>4</posy>
						<width>37</width>
						<height>37</height>
						<texture background="true">$INFO[ListItem.Icon]</texture>
					</control>
					<control type="label">
						<posx>56</posx>
						<posy>0</posy>
						<width>307</width>
						<height>45</height>
						<font>font12</font>
						<textcolor>white</textcolor>
						<selectedcolor>selected</selectedcolor>
						<align>left</align>
						<aligny>center</aligny>
						<label>$INFO[ListItem.Label]</label>
					</control>
					<control type="label">
						<posx>435</posx>
						<posy>2</posy>
						<width>300</width>
						<height>22</height>
						<font>font12</font>
						<textcolor>grey2</textcolor>
						<selectedcolor>selected</selectedcolor>
						<align>right</align>
						<aligny>center</aligny>
						<label>$INFO[ListItem.Label2]</label>
					</control>
					<control type="image">
						<description>Rating value</description>
						<posx>360</posx>
						<posy>22</posy>
						<width>75</width>
						<height>19</height>
						<aspectratio align="left">keep</aspectratio>
						<texture fallback="light/left_rating/rating0.png">$INFO[ListItem.StarRating,light/left_rating/]</texture>
					</control>
				</itemlayout>
				<focusedlayout height="60" width="590">
					<control type="image">
						<posx>0</posx>
						<posy>0</posy>
						<width>442</width>
						<height>45</height>
						<texture border="4">ListFO.png</texture>
						<include>VisibleFadeEffect</include>
					</control>
					<control type="image">
						<posx>7</posx>
						<posy>4</posy>
						<width>37</width>
						<height>37</height>
						<texture background="true">$INFO[ListItem.Icon]</texture>
					</control>
					<control type="label">
						<posx>56</posx>
						<posy>0</posy>
						<width>307</width>
						<height>45</height>
						<font>font12</font>
						<textcolor>black</textcolor>
						<selectedcolor>selected</selectedcolor>
						<align>left</align>
						<aligny>center</aligny>
						<label>$INFO[ListItem.Label]</label>
					</control>
					<control type="label">
						<posx>435</posx>
						<posy>2</posy>
						<width>300</width>
						<height>22</height>
						<font>font12</font>
						<textcolor>black</textcolor>
						<selectedcolor>selected</selectedcolor>
						<align>right</align>
						<aligny>center</aligny>
						<label>$INFO[ListItem.Label2]</label>
					</control>
					<control type="image">
						<description>Rating value</description>
						<posx>360</posx>
						<posy>22</posy>
						<width>75</width>
						<height>19</height>
						<aspectratio align="left">keep</aspectratio>
						<texture fallback="dark/left_rating/rating0.png">$INFO[ListItem.StarRating,dark/left_rating/]</texture>
					</control>
				</focusedlayout>
			</control>
		</control>
		<control type="panel" id="9002">
			<visible>!Window.IsActive(PlayerControls)</visible>
			<include>VisibleFadeEffect</include>
			<include>SubMenuCommonLayout</include>
			<content>
				
				<item>
					<label>1036</label>
					<onclick>ActivateWindow(Favourites)</onclick>
					<icon>icon_favourites_w.png</icon>
				</item>
				<item>
					<label>31200</label>
					<onclick>ParentDir</onclick>
					<icon>icon_back_w.png</icon>
				</item>
			</content>
		</control>
		<control type="group">
			<visible>Skin.HasSetting(MediaSubMenuVisible2)</visible>
			<include>VisibleFadeEffect</include>
			<control type="button">
				<description>Hidden button to close the sort when its focused</description>
				<posx>0</posx>
				<posy>0</posy>
				<width>ScreenWidth</width>
				<height>ScreenHeight</height>
				<texturenofocus>-</texturenofocus>
				<texturefocus>-</texturefocus>
				<onclick>Skin.Reset(MediaSubMenuVisible2)</onclick>
			</control>
			<control type="group">
				<posx>225r</posx>
				<posy>97</posy>
				<control type="image">
					<description>Shadow Background</description>
					<posx>-22</posx>
					<posy>-22</posy>
					<width>285</width>
					<height>375</height>
					<texture border="22">ShadowBorder.png</texture>
				</control>
				<control type="button">
					<description>Panel Background image</description>
					<posx>0</posx>
					<posy>0</posy>
					<width>240</width>
					<height>330</height>
					<texturefocus border="4">SubBack.png</texturefocus>
					<texturenofocus border="4">SubBack.png</texturenofocus>
					<onclick>noop</onclick>
				</control>
				<control type="image">
					<description>Panel Forground image</description>
					<posx>7</posx>
					<posy>7</posy>
					<width>225</width>
					<height>315</height>
					<texture border="5">SubBack2.png</texture>
				</control>
				<control type="image">
					<description>Panel Arrow image</description>
					<posx>202</posx>
					<posy>-25</posy>
					<width>30</width>
					<height>30</height>
					<texture>arrow-big-up.png</texture>
				</control>
				<control type="grouplist">
					<posx>8</posx>
					<posy>7</posy>
					<width>223</width>
					<height>315</height>
					<onleft>9000</onleft>
					<onright>50</onright>
					<onup>9000</onup>
					<ondown>9000</ondown>
					<itemgap>0</itemgap>
					<control type="button" id="6">
						<label>31055</label>
						<include>ButtonCommonValues2</include>
					</control>
					<control type="button" id="7">
						<description>Save Button</description>
						<label>31056</label>
						<include>ButtonCommonValues2</include>
						<onleft>50</onleft>
					</control>
					<control type="button" id="8">
						<description>Clear button</description>
						<label>31057</label>
						<include>ButtonCommonValues2</include>
					</control>
					<control type="image">
						<posx>0</posx>
						<posy>75</posy>
						<width>223</width>
						<height>7</height>
						<texture>shelf_shadow.png</texture>
					</control>
				</control>
			</control>
		</control>
	</controls>
</window>
