<?xml version="1.0" encoding="UTF-8"?>
<window id="2005">
 <defaultcontrol>-</defaultcontrol>
	<controls>
		<!-- codec info -->
		<control type="image">
			<posx>0</posx>
			<posy>0</posy>
			<width>1280</width>
			<height>720</height>
			<texture>black.png</texture>  
		</control>
		<control type="group" id="0">
			<posx>0</posx>
			<posy>20</posy>
			<animation effect="fade" time="200">VisibleChange</animation>
			<control type="image">
				<description>media info background image</description>
				<posx>0</posx>
				<posy>0</posy>
				<width>ScreenWidth</width>
				<height>ScreenHeight</height>
<!--			<colordiffuse>AAFFFFFF</colordiffuse> -->
				<texture>black.png</texture>  
			</control>
			<control type="label" id="10">
				<description>row 1 label</description>
				<posx>50</posx>
				<posy>10</posy>
				<width>1180</width>
				<height>30</height>
				<align>left</align>
				<aligny>center</aligny>
				<font>font12</font>
				<label>-</label>
			</control>
			<control type="label" id="11">
				<description>row 2 label</description>
				<posx>50</posx>
				<posy>40</posy>
				<width>1180</width>
				<height>30</height>
				<align>left</align>
				<aligny>center</aligny>
				<font>font12</font>
				<label>-</label>
			</control>
			<control type="label" id="12">
				<description>row 3 label</description>
				<posx>50</posx>
				<posy>85</posy>
				<width>1180</width>
				<height>30</height>
				<align>left</align>
				<aligny>center</aligny>
				<font>font12</font>
				<label>-</label>
			</control>
		</control>
	</controls>
</window>
