<?xml version="1.0" encoding="UTF-8"?>
<window>
	<include>dialogeffect</include>
	<controls>
		<control type="group">
			<posx>200</posx>
			<posy>0</posy>
			<width>1306</width>
			<height>78</height>
			<!--<include>16x9_xPos_Relocation</include>-->
			<visible>![Window.IsVisible(Notification) | Window.IsVisible(BusyDialog) | Window.IsVisible(VolumeBar) | Window.IsVisible(1112) | Window.IsVisible(Visualisation) | Window.IsVisible(FullscreenVideo)]</visible>
			<control type="progress" id="32">
				<include>VisibleFadeEffect</include>
				<description>progress control</description>
				<posx>0</posx>
				<posy>10</posy>
				<width>1306</width>
				<height>60</height>
				<texturebg colordiffuse="00ffffff">white.png</texturebg>
				<midtexture colordiffuse="blue">white.png</midtexture>
			</control>
			<control type="fadelabel" id="30">
				<posx>0</posx>
				<posy>15</posy>
				<width>1306</width>
				<height>15</height>
				<font>font18_title</font>
				<shadowcolor>black</shadowcolor>
				<align>center</align>
				<aligny>center</aligny>
				<scrollout>false</scrollout>
				<pauseatend>2000</pauseatend>
			</control>
			<control type="fadelabel" id="31">
				<posx>0</posx>
				<posy>40</posy>
				<width>1306</width>
				<height>20</height>
				<font>font30_title</font>
				<shadowcolor>black</shadowcolor>
				<align>center</align>
				<aligny>center</aligny>
				<scrollout>false</scrollout>
				<pauseatend>2000</pauseatend>
				<haspath>true</haspath>
			</control>
		</control>
	</controls>
</window>
