<?xml version="1.0" encoding="UTF-8"?>
<window>
	<defaultcontrol>3</defaultcontrol>
	<onunload>ClearProperty(PopupMenuVisible,Home)</onunload>
	<controls>
		<include>CommonBackground</include>
		<include>Header</include>
		<include>CommonNowPlaying</include>
		<include>ScrollBarCommons</include>
		<include>Footer</include>
		<control type="label">
			<include>Window_OpenClose_Animation_Slide_Up</include>
			<description>Window label</description>
			<include>MediaWindowTitleCommons</include>
			<label>$LOCALIZE[5]$INFO[Control.GetLabel(2), - ]</label>
		</control>
		<control type="panel" id="9002">
			<include>Window_OpenClose_Animation_Slide_Up</include>
			<include>BottomMenuLayout</include>
			<content>
				<item>
					<label>1036</label>
					<onclick>ActivateWindow(Favourites)</onclick>
					<icon>icon_button_favourites.png</icon>
				</item>
				<item>
					<label>5</label>
					<onclick condition="String.IsEmpty(Window(Home).Property(PopupMenuVisible))">SetProperty(PopupMenuVisible,Show,Home)</onclick>
					<onclick condition="!String.IsEmpty(Window(Home).Property(PopupMenuVisible))">ClearProperty(PopupMenuVisible,Home)</onclick>
					<icon>icon_button_settings.png</icon>
				</item>
				<item>
					<label>31200</label>
					<onclick>Back</onclick>
					<icon>icon_button_back.png</icon>
				</item>
			</content>
		</control>
		<control type="group">
			<include>Window_OpenClose_Animation_Zoom</include>
			<!--<include>16x9_xPos_Relocation</include>-->
			<posx>30</posx>
			<posy>120</posy>
			<control type="image">
				<posx>0</posx>
				<posy>0</posy>
				<width>290</width>
				<height>720</height>
				<texture>panel.png</texture>
			</control>
			<control type="grouplist" id="3">
				<description>button area</description>
				<posx>0</posx>
				<posy>0</posy>
				<width>290</width>
				<height>720</height>
				<itemgap>-1</itemgap>
				<onleft>5</onleft>
				<onright>5</onright>
				<onup>3</onup>
				<ondown>3</ondown>
			</control>
			<control type="image">
				<posx>310</posx>
				<posy>0</posy>
				<width>1280</width>
				<height>720</height>
				<texture>panel.png</texture>
			</control>
			<control type="grouplist" id="5">
				<description>control area</description>
				<posx>310</posx>
				<posy>0</posy>
				<width>1280</width>
				<height>580</height>
				<pagecontrol>60</pagecontrol>
				<itemgap>-1</itemgap>
				<onleft>3</onleft>
				<onright>3</onright>
				<onup>5</onup>
				<ondown>5</ondown>
			</control>
			<control type="image">
				<posx>310</posx>
				<posy>600</posy>
				<width>1280</width>
				<height>2</height>
				<texture border="2">separator.png</texture>
				<colordiffuse>selected</colordiffuse>
			</control>
			<control type="textbox" id="6">
				<description>Settings Description</description>
				<posx>320</posx>
				<posy>620</posy>
				<width>1240</width>
				<height>80</height>
				<font>font22</font>
				<textcolor>selected</textcolor>
				<align>left</align>
			</control>
		</control>
		<control type="button" id="10">
			<description>Default Category Button</description>
			<width>290</width>
			<height>80</height>
			<aligny>center</aligny>
			<font>font24_title</font>
			<textcolor>white</textcolor>
			<texturefocus>list_focus.png</texturefocus>
			<texturenofocus border="40,0,40,5">list_nofocus.png</texturenofocus>
			<pulseonselect>false</pulseonselect>
			<textoffsetx>20</textoffsetx>
		</control>
		<control type="button" id="7">
			<description>Default Button</description>
			<posx>0</posx>
			<posy>0</posy>
			<height>80</height>
			<font>font24_title</font>
			<textcolor>white</textcolor>
			<texturefocus>list_focus.png</texturefocus>
			<texturenofocus border="40,0,40,5">list_nofocus.png</texturenofocus>
			<textoffsetx>20</textoffsetx>
		</control>
		<control type="label" id="14">
			<description>Default Label</description>
			<posx>0</posx>
			<posy>0</posy>
			<height>80</height>
			<font>font24_title</font>
			<textcolor>white</textcolor>
			<align>center</align>
			<textoffsetx>20</textoffsetx>
		</control>
		<control type="radiobutton" id="8">
			<description>Default RadioButton</description>
			<posx>0</posx>
			<posy>0</posy>
			<height>80</height>
			<font>font24_title</font>
			<textcolor>white</textcolor>
			<texturefocus>list_focus.png</texturefocus>
			<texturenofocus border="40,0,40,5">list_nofocus.png</texturenofocus>
			<textoffsetx>20</textoffsetx>
		</control>
		<control type="spincontrolex" id="9">
			<description>Default SpinControlex</description>
			<posx>0</posx>
			<posy>0</posy>
			<height>80</height>
			<font>font24_title</font>
			<textcolor>white</textcolor>
			<texturefocus>list_focus.png</texturefocus>
			<texturenofocus border="40,0,40,5">list_nofocus.png</texturenofocus>
			<aligny>center</aligny>
			<reverse>yes</reverse>
			<textoffsetx>20</textoffsetx>
		</control>
		<control type="sliderex" id="13">
			<description>Default SpinControlex</description>
			<posx>0</posx>
			<posy>0</posy>
			<height>80</height>
			<font>font24_title</font>
			<textcolor>white</textcolor>
			<texturefocus>list_focus.png</texturefocus>
			<texturenofocus border="40,0,40,5">list_nofocus.png</texturenofocus>
			<aligny>center</aligny>
			<textoffsetx>20</textoffsetx>
		</control>
		<control type="image" id="11">
			<description>separator image</description>
			<posy>-2</posy>
			<height>2</height>
			<texture border="2">separator.png</texture>
		</control>
		<control type="label" id="2">
			<description>Fake Label so we can pass it on</description>
			<posx>0</posx>
			<posy>0</posy>
			<width>0</width>
			<height>0</height>
			<font></font>
			<visible>false</visible>
		</control>
		<include content="PopupMenu">
			<param name="panel-posy">400</param>
			<param name="panel-height">160</param>
		</include>
	</controls>
</window>
