<?xml version="1.0" encoding="UTF-8"?>
<window>
	<defaultcontrol always="true">95</defaultcontrol>
	<controls>
		<include>CommonBackground</include>
		<include>Header</include>
		<include>CommonNowPlaying</include>
		<include>Footer</include>
		<control type="label">
			<include>Window_OpenClose_Animation_Slide_Up</include>
			<description>Window label</description>
			<include>MediaWindowTitleCommons</include>
			<label>$LOCALIZE[130]</label>
		</control>
		<control type="panel" id="9002">
			<include>Window_OpenClose_Animation_Slide_Up</include>
			<include>BottomMenuLayout</include>
			<content>
				<item>
					<label>31200</label>
					<onclick>Back</onclick>
					<icon>icon_button_back.png</icon>
				</item>
			</content>
		</control>
		<control type="label" id="40">
			<description>Hiddenlabel to pass to above</description>
			<visible>false</visible>
		</control>
		<control type="group">
			<include>Window_OpenClose_Animation_Zoom</include>
			<!--<include>16x9_xPos_Relocation</include>-->
			<posx>30</posx>
			<posy>140</posy>
			<control type="image">
				<posx>0</posx>
				<posy>0</posy>
				<width>290</width>
				<height>600</height>
				<texture>panel.png</texture>
			</control>
			<control type="grouplist" id="9000">
				<description>button area</description>
				<posx>0</posx>
				<posy>0</posy>
				<width>290</width>
				<height>598</height>
				<itemgap>-1</itemgap>
				<onleft>5</onleft>
				<onright>60</onright>
				<onup>9000</onup>
				<ondown>9000</ondown>
				<control type="button" id="95">
					<description>Button Summary Values</description>
					<width>290</width>
					<height>80</height>
					<aligny>center</aligny>
					<font>font24_title</font>
					<textcolor>white</textcolor>
					<texturefocus>list_focus.png</texturefocus>
					<texturenofocus border="40,0,40,5">list_nofocus.png</texturenofocus>
					<pulseonselect>false</pulseonselect>
					<label>20037</label>
					<textoffsetx>20</textoffsetx>
				</control>
				<control type="button" id="94">
					<width>290</width>
					<height>80</height>
					<aligny>center</aligny>
					<font>font24_title</font>
					<textcolor>white</textcolor>
					<texturefocus>list_focus.png</texturefocus>
					<texturenofocus border="40,0,40,5">list_nofocus.png</texturenofocus>
					<pulseonselect>false</pulseonselect>
					<label>13277</label>
					<textoffsetx>20</textoffsetx>
				</control>
				<control type="button" id="96">
					<width>290</width>
					<height>80</height>
					<aligny>center</aligny>
					<font>font24_title</font>
					<textcolor>white</textcolor>
					<texturefocus>list_focus.png</texturefocus>
					<texturenofocus border="40,0,40,5">list_nofocus.png</texturenofocus>
					<pulseonselect>false</pulseonselect>
					<label>13279</label>
					<textoffsetx>20</textoffsetx>
				</control>
				<control type="button" id="97">
					<width>290</width>
					<height>80</height>
					<aligny>center</aligny>
					<font>font24_title</font>
					<textcolor>white</textcolor>
					<texturefocus>list_focus.png</texturefocus>
					<texturenofocus border="40,0,40,5">list_nofocus.png</texturenofocus>
					<pulseonselect>false</pulseonselect>
					<label>13280</label>
					<textoffsetx>20</textoffsetx>
				</control>
				<control type="button" id="98">
					<width>290</width>
					<height>80</height>
					<aligny>center</aligny>
					<font>font24_title</font>
					<textcolor>white</textcolor>
					<texturefocus>list_focus.png</texturefocus>
					<texturenofocus border="40,0,40,5">list_nofocus.png</texturenofocus>
					<pulseonselect>false</pulseonselect>
					<label>13281</label>
					<textoffsetx>20</textoffsetx>
				</control>
				<control type="button" id="99">
					<width>290</width>
					<height>80</height>
					<aligny>center</aligny>
					<font>font24_title</font>
					<textcolor>white</textcolor>
					<texturefocus>list_focus.png</texturefocus>
					<texturenofocus border="40,0,40,5">list_nofocus.png</texturenofocus>
					<pulseonselect>false</pulseonselect>
					<label>31556</label>
					<textoffsetx>20</textoffsetx>
				</control>
				<control type="button" id="100">
					<width>290</width>
					<height>80</height>
					<aligny>center</aligny>
					<font>font24_title</font>
					<textcolor>white</textcolor>
					<texturefocus>list_focus.png</texturefocus>
					<texturenofocus border="40,0,40,5">list_nofocus.png</texturenofocus>
					<pulseonselect>false</pulseonselect>
					<label>12389</label>
					<textoffsetx>20</textoffsetx>
				</control>
			</control>
			<control type="image">
				<posx>310</posx>
				<posy>0</posy>
				<width>1280</width>
				<height>602</height>
				<texture>panel.png</texture>
			</control>
			<control type="group">
				<posx>310</posx>
				<posy>0</posy>
				<width>1280</width>
				<height>598</height>
				<control type="image">
					<posx>0</posx>
					<posy>0</posy>
					<width>880</width>
					<height>60</height>
					<texture border="40,0,40,5">list_nofocus.png</texture>
					<visible>!String.IsEmpty(Control.GetLabel(2))</visible>
				</control>
				<control type="label" id="2">
					<description>Label 2</description>
					<posx>20</posx>
					<posy>0</posy>
					<width>1250</width>
					<height>60</height>
					<align>left</align>
					<aligny>center</aligny>
					<label></label>
					<font>font22</font>
				</control>
				<control type="image">
					<posx>0</posx>
					<posy>60</posy>
					<width>1280</width>
					<height>60</height>
					<texture border="40,0,40,5">list_nofocus.png</texture>
					<visible>!String.IsEmpty(Control.GetLabel(3))</visible>
				</control>
				<control type="label" id="3">
					<description>Label 3</description>
					<posx>20</posx>
					<posy>60</posy>
					<width>1250</width>
					<height>60</height>
					<align>left</align>
					<aligny>center</aligny>
					<label></label>
					<font>font22</font>
				</control>
				<control type="image">
					<posx>0</posx>
					<posy>120</posy>
					<width>1280</width>
					<height>60</height>
					<texture border="40,0,40,5">list_nofocus.png</texture>
					<visible>!String.IsEmpty(Control.GetLabel(4))</visible>
				</control>
				<control type="label" id="4">
					<description>Label 4</description>
					<posx>20</posx>
					<posy>120</posy>
					<width>1250</width>
					<height>60</height>
					<align>left</align>
					<aligny>center</aligny>
					<label></label>
					<font>font22</font>
				</control>
				<control type="image">
					<posx>0</posx>
					<posy>180</posy>
					<width>1280</width>
					<height>60</height>
					<texture border="40,0,40,5">list_nofocus.png</texture>
					<visible>!String.IsEmpty(Control.GetLabel(5))</visible>
				</control>
				<control type="label" id="5">
					<description>Label 5</description>
					<posx>20</posx>
					<posy>180</posy>
					<width>1250</width>
					<height>60</height>
					<align>left</align>
					<aligny>center</aligny>
					<label></label>
					<font>font22</font>
				</control>
				<control type="image">
					<posx>0</posx>
					<posy>240</posy>
					<width>1280</width>
					<height>60</height>
					<texture border="40,0,40,5">list_nofocus.png</texture>
					<visible>!String.IsEmpty(Control.GetLabel(6))</visible>
				</control>
				<control type="label" id="6">
					<description>Label 6</description>
					<posx>20</posx>
					<posy>240</posy>
					<width>1250</width>
					<height>60</height>
					<align>left</align>
					<aligny>center</aligny>
					<label></label>
					<font>font22</font>
				</control>
				<control type="image">
					<posx>0</posx>
					<posy>300</posy>
					<width>1280</width>
					<height>60</height>
					<texture border="40,0,40,5">list_nofocus.png</texture>
					<visible>!String.IsEmpty(Control.GetLabel(7))</visible>
				</control>
				<control type="label" id="7">
					<description>Label 7</description>
					<posx>20</posx>
					<posy>300</posy>
					<width>1250</width>
					<height>60</height>
					<align>left</align>
					<aligny>center</aligny>
					<label></label>
					<font>font22</font>
				</control>
				<control type="image">
					<posx>0</posx>
					<posy>360</posy>
					<width>1280</width>
					<height>60</height>
					<texture border="40,0,40,5">list_nofocus.png</texture>
					<visible>!String.IsEmpty(Control.GetLabel(8))</visible>
				</control>
				<control type="label" id="8">
					<description>Label 8</description>
					<posx>20</posx>
					<posy>360</posy>
					<width>1250</width>
					<height>60</height>
					<align>left</align>
					<aligny>center</aligny>
					<label></label>
					<font>font22</font>
				</control>
				<control type="image">
					<posx>0</posx>
					<posy>420</posy>
					<width>1280</width>
					<height>60</height>
					<texture border="40,0,40,5">list_nofocus.png</texture>
					<visible>!String.IsEmpty(Control.GetLabel(9))</visible>
				</control>
				<control type="label" id="9">
					<description>Label 9</description>
					<posx>20</posx>
					<posy>420</posy>
					<width>1250</width>
					<height>60</height>
					<align>left</align>
					<aligny>center</aligny>
					<label></label>
					<font>font22</font>
				</control>
				<control type="image">
					<posx>0</posx>
					<posy>480</posy>
					<width>1280</width>
					<height>60</height>
					<texture border="40,0,40,5">list_nofocus.png</texture>
					<visible>!String.IsEmpty(Control.GetLabel(10))</visible>
				</control>
				<control type="label" id="10">
					<description>Label 10</description>
					<posx>20</posx>
					<posy>480</posy>
					<width>1250</width>
					<height>60</height>
					<align>left</align>
					<aligny>center</aligny>
					<label></label>
					<font>font22</font>
				</control>
				<control type="image">
					<posx>0</posx>
					<posy>540</posy>
					<width>1280</width>
					<height>60</height>
					<texture border="40,0,40,5">list_nofocus.png</texture>
					<visible>!String.IsEmpty(Control.GetLabel(11))</visible>
				</control>
				<control type="label" id="11">
					<description>Label 11</description>
					<posx>20</posx>
					<posy>540</posy>
					<width>1250</width>
					<height>60</height>
					<align>left</align>
					<aligny>center</aligny>
					<label></label>
					<font>font22</font>
				</control>
			</control>
			<control type="textbox" id="30">
				<posx>340</posx>
				<posy>25</posy>
				<width>1200</width>
				<height>550</height>
				<pagecontrol>60</pagecontrol>
				<autoscroll delay="5000" repeat="7500" time="5000">true</autoscroll>
			</control>
			<control type="scrollbar" id="60">
				<posx>1600</posx>
				<posy>0</posy>
				<width>56</width>
				<height>602</height>
				<texturesliderbackground colordiffuse="30FFFFFF">white.png</texturesliderbackground>
				<texturesliderbar colordiffuse="grey">white.png</texturesliderbar>
				<texturesliderbarfocus colordiffuse="blue">white.png</texturesliderbarfocus>
				<textureslidernib>blank.png</textureslidernib>
				<textureslidernibfocus>blank.png</textureslidernibfocus>
				<onleft>9000</onleft>
				<showonepage>false</showonepage>
				<orientation>vertical</orientation>
				<animation effect="fade" time="150">Visible</animation>
				<animation effect="fade" time="150">Hidden</animation>
				<visible>Control.IsVisible(30)</visible>
			</control>
			<control type="group">
				<posx>60</posx>
				<posy>220r</posy>
				<control type="label" id="52">
					<description>Kodi Build Version</description>
					<posx>1530</posx>
					<posy>10</posy>
					<width>1530</width>
					<label>144</label>
					<align>right</align>
					<textcolor>blue</textcolor>
					<shadowcolor>black</shadowcolor>
					<font>font20_title</font>
				</control>
				<control type="label">
					<description>Memory Text</description>
					<posx>1200</posx>
					<posy>50</posy>
					<width>850</width>
					<height>25</height>
					<label>$LOCALIZE[31309] $INFO[system.memory(used.percent)]</label>
					<align>right</align>
					<aligny>center</aligny>
					<textcolor>white</textcolor>
					<shadowcolor>black</shadowcolor>
					<font>font18_title</font>
				</control>
				<control type="progress">
					<description>Memory BAR</description>
					<posx>1210</posx>
					<posy>50</posy>
					<width>320</width>
					<height>25</height>
					<info>system.memory(used)</info>
				</control>
				<control type="label">
					<description>CPU Text</description>
					<posx>1200</posx>
					<posy>90</posy>
					<width>850</width>
					<height>25</height>
					<label>$LOCALIZE[13271] $INFO[System.CPUUsage]</label>
					<align>right</align>
					<aligny>center</aligny>
					<textcolor>white</textcolor>
					<shadowcolor>black</shadowcolor>
					<font>font18_title</font>
					<wrapmultiline>true</wrapmultiline>
				</control>
				<control type="progress">
					<description>CPU BAR</description>
					<posx>1210</posx>
					<posy>90</posy>
					<width>320</width>
					<height>25</height>
					<info>System.CPUUsage</info>
				</control>
			</control>
		</control>
	</controls>
</window>
