<?xml version="1.0" encoding="UTF-8"?>
<window>
	<defaultcontrol>20000</defaultcontrol>
	<backgroundcolor>background</backgroundcolor>
	<controls>
		<include>DefaultBackground</include>
		<control type="button" id="20000">
			<include>HiddenObject</include>
			<onfocus>SetFocus(200)</onfocus>
		</control>
		<control type="button" id="20001">
			<include>HiddenObject</include>
			<animation effect="fade" time="300" start="100" end="0">Focus</animation>
			<onfocus>SetFocus(2000)</onfocus>
			<visible allowhiddenfocus="true">Control.HasFocus(20001)</visible>
		</control>
		<control type="button" id="20002">
			<include>HiddenObject</include>
			<animation effect="fade" time="300" start="100" end="0">Focus</animation>
			<onfocus>SetFocus(2000)</onfocus>
			<visible allowhiddenfocus="true">Control.HasFocus(20002)</visible>
		</control>
		<control type="image">
			<depth>DepthBackground</depth>
			<include>FullScreenDimensions</include>
			<aspectratio>scale</aspectratio>
			<texture background="true" colordiffuse="$VAR[Background_Opacity]">$VAR[NextAiredFanartVar]</texture>
			<fadetime>400</fadetime>
			<animation effect="fade" start="0" end="100" time="400">WindowOpen</animation>
			<animation effect="fade" start="100" end="0" time="300">WindowClose</animation>
			<animation effect="fade" time="400">VisibleChange</animation>
		</control>
		<control type="grouplist" id="2000">
			<left>638</left>
			<orientation>vertical</orientation>
			<height>100%</height>
			<scrolltime tween="cubic" easing="out">500</scrolltime>
			<itemgap>-160</itemgap>
			<onup>20001</onup>
			<ondown>20002</ondown>
			<usecontrolcoords>true</usecontrolcoords>
			<include>OpenClose_Right</include>
			<include>Visible_Right</include>
			<include content="NextAiredPosterWidget" description="Monday">
				<param name="widget_header" value="$INFO[Window(Home).Property(NextAired.200.Weekday)] $INFO[Window(home).Property(NextAired.200.Date),(,)]"/>
				<param name="Container.Label" value="$INFO[Container(200).ListItem.Label]"/>
				<param name="list_id" value="200"/>
				<param name="visible" value="!String.IsEqual(Window(Home).Property(NextAired.200.Wday),)"/>
			</include>
			<include content="NextAiredPosterWidget" description="Tuesday">
				<param name="widget_header" value="$INFO[Window(Home).Property(NextAired.201.Weekday)] $INFO[Window(home).Property(NextAired.201.Date),(,)]"/>
				<param name="Container.Label" value="$INFO[Container(201).ListItem.Label]"/>
				<param name="list_id" value="201"/>
				<param name="visible" value="!String.IsEqual(Window(Home).Property(NextAired.201.Wday),)"/>
			</include>
			<include content="NextAiredPosterWidget" description="Wednesday">
				<param name="widget_header" value="$INFO[Window(Home).Property(NextAired.202.Weekday)] $INFO[Window(home).Property(NextAired.202.Date),(,)]"/>
				<param name="Container.Label" value="$INFO[Container(202).ListItem.Label]"/>
				<param name="list_id" value="202"/>
				<param name="visible" value="!String.IsEqual(Window(Home).Property(NextAired.202.Wday),)"/>
			</include>
			<include content="NextAiredPosterWidget" description="Thursday">
				<param name="widget_header" value="$INFO[Window(Home).Property(NextAired.203.Weekday)] $INFO[Window(home).Property(NextAired.203.Date),(,)]"/>
				<param name="Container.Label" value="$INFO[Container(203).ListItem.Label]"/>
				<param name="list_id" value="203"/>
				<param name="visible" value="!String.IsEqual(Window(Home).Property(NextAired.203.Wday),)"/>
			</include>
			<include content="NextAiredPosterWidget" description="Friday">
				<param name="widget_header" value="$INFO[Window(Home).Property(NextAired.204.Weekday)] $INFO[Window(home).Property(NextAired.204.Date),(,)]"/>
				<param name="Container.Label" value="$INFO[Container(204).ListItem.Label]"/>
				<param name="list_id" value="204"/>
				<param name="visible" value="!String.IsEqual(Window(Home).Property(NextAired.204.Wday),)"/>
			</include>
			<include content="NextAiredPosterWidget" description="Saturday">
				<param name="widget_header" value="$INFO[Window(Home).Property(NextAired.205.Weekday)] $INFO[Window(home).Property(NextAired.205.Date),(,)]"/>
				<param name="Container.Label" value="$INFO[Container(205).ListItem.Label]"/>
				<param name="list_id" value="205"/>
				<param name="visible" value="!String.IsEqual(Window(Home).Property(NextAired.205.Wday),)"/>
			</include>
			<include content="NextAiredPosterWidget" description="Sunday">
				<param name="widget_header" value="$INFO[Window(Home).Property(NextAired.206.Weekday)] $INFO[Window(home).Property(NextAired.206.Date),(,)]"/>
				<param name="Container.Label" value="$INFO[Container(206).ListItem.Label]"/>
				<param name="list_id" value="206"/>
				<param name="visible" value="!String.IsEqual(Window(Home).Property(NextAired.206.Wday),)"/>
			</include>
		</control>
		<control type="group">
			<depth>DepthContentPanel</depth>
			<include>OpenClose_Left</include>
			<include>Visible_Left</include>
			<top>40</top>
			<include content="ContentPanel">
				<param name="width" value="698" />
			</include>
		</control>
		<include content="TopBar">
			<param name="breadcrumbs_label" value="" />
		</include>
		<include content="BottomBar">
			<param name="info_visible" value="true" />
		</include>
		<control type="group">
			<depth>DepthContentPanel</depth>
			<include>OpenClose_Left</include>
			<include>Visible_Left</include>
			<top>40</top>
			<control type="image">
				<top>0</top>
				<width>362</width>
				<height>140</height>
				<left>137.5</left>
				<aspectratio align="center" aligny="center">keep</aspectratio>
				<texture>$VAR[NextAiredClearlogoVar]</texture>
			</control>
			<control type="group">
				<width>591</width>
				<control type="textbox">
					<top>140</top>
					<left>30</left>
					<width>578</width>
					<aligny>center</aligny>
					<align>center</align>
					<height>110</height>
					<font>font36_title</font>
					<label>$VAR[NextAiredLabelVar]</label>
					<autoscroll delay="1000" time="1000" repeat="1000">true</autoscroll>
				</control>
				<control type="image">
					<left>50.5</left>
					<top>265</top>
					<width max="537">auto</width>
					<height>330</height>
					<aspectratio aligny="top" align="center">keep</aspectratio>
					<texture background="true" fallback="DefaultVideoFanart.png">$VAR[NextAiredLandscapeVar]</texture>
					<bordertexture>colors/white.png</bordertexture>
					<bordersize>1</bordersize>
				</control>
				<control type="label">
					<left>30</left>
					<top>576</top>
					<height>30</height>
					<width>578</width>
					<aligny>center</aligny>
					<align>center</align>
					<label>$LOCALIZE[40120]</label>
					<textcolor>$VAR[SkinColorVar]</textcolor>
					<font>font25_title</font>
					<scroll>true</scroll>
				</control>
				<control type="label">
					<left>30</left>
					<top>606</top>
					<height>30</height>
					<width>578</width>
					<aligny>center</aligny>
					<align>center</align>
					<label>$VAR[NextAiredNextTitleVar]</label>
					<font>font12</font>
					<scroll>true</scroll>
				</control>
				<control type="label">
					<left>30</left>
					<top>651</top>
					<height>30</height>
					<width>578</width>
					<aligny>center</aligny>
					<align>center</align>
					<label>$LOCALIZE[515]</label>
					<textcolor>$VAR[SkinColorVar]</textcolor>
					<font>font25_title</font>
					<scroll>true</scroll>
				</control>
				<control type="label">
					<left>30</left>
					<top>681</top>
					<height>30</height>
					<width>578</width>
					<aligny>center</aligny>
					<align>center</align>
					<label>$VAR[NextAiredGenreVar]</label>
					<font>font12</font>
					<scroll>true</scroll>
				</control>
				<control type="label">
					<left>30</left>
					<top>731</top>
					<height>30</height>
					<width>578</width>
					<aligny>center</aligny>
					<align>center</align>
					<label>$LOCALIZE[40243]</label>
					<textcolor>$VAR[SkinColorVar]</textcolor>
					<font>font25_title</font>
					<scroll>true</scroll>
				</control>
				<control type="label">
					<left>30</left>
					<top>761</top>
					<height>30</height>
					<width>578</width>
					<aligny>center</aligny>
					<align>center</align>
					<label>$VAR[NextAiredAirTimeVar]</label>
					<font>font12</font>
					<scroll>true</scroll>
				</control>
				<control type="label">
					<left>30</left>
					<top>811</top>
					<height>30</height>
					<width>578</width>
					<aligny>center</aligny>
					<align>center</align>
					<label>$LOCALIZE[29909]</label>
					<textcolor>$VAR[SkinColorVar]</textcolor>
					<font>font25_title</font>
					<scroll>true</scroll>
				</control>
				<control type="label">
					<left>30</left>
					<top>841</top>
					<height>30</height>
					<width>578</width>
					<aligny>center</aligny>
					<align>center</align>
					<label>$VAR[NextAiredNetworkVar]</label>
					<font>font12</font>
					<scroll>true</scroll>
				</control>
			</control>
			<control type="image">
				<depth>DepthContentPopout</depth>
				<left>50.5</left>
				<bottom>60</bottom>
				<width max="537">auto</width>
				<height>99</height>
				<aspectratio align="bottom" aligny="center">keep</aspectratio>
				<texture background="true">$VAR[NextAiredBannerVar]</texture>
				<bordertexture>colors/white.png</bordertexture>
				<bordersize>1</bordersize>
			</control>
		</control>
		<include>MediaMenuMouseOverlay</include>
		<control type="group">
			<include>MediaMenuCommon</include>
			<control type="grouplist" id="9000">
				<top>90</top>
				<onleft>20000</onleft>
				<onright>20000</onright>
				<onup>9000</onup>
				<ondown>9000</ondown>
				<itemgap>0</itemgap>
				<control type="label">
					<include>MediaMenuLabelCommon</include>
					<label>33063</label>
				</control>
				<control type="button" id="8">
					<description>Settings</description>
					<include>MediaMenuItemsCommon</include>
					<label>5</label>
				</control>
			</control>
		</control>
		<control type="grouplist">
			<visible>Control.HasFocus(200)</visible>
			<animation effect="fade" start="0" end="100" time="400">WindowOpen</animation>
			<animation effect="fade" start="100" end="0" time="300">WindowClose</animation>
			<orientation>horizontal</orientation>
			<align>right</align>
			<bottom>2</bottom>
			<height>48</height>
			<right>3</right>
			<width>1200</width>
			<itemgap>10</itemgap>
			<animation effect="fade" time="200">VisibleChange</animation>
			<control type="label">
				<width>auto</width>
				<height>48</height>
				<aligny>center</aligny>
				<font>font25_title</font>
				<align>right</align>
				<shadowcolor>22000000</shadowcolor>
				<label>$INFO[Container(200).CurrentItem,, / ]$INFO[Container(200).NumItems]</label>
			</control>
			<control type="image">
				<width>54</width>
				<height>44</height>
				<aspectratio>keep</aspectratio>
				<texture>frame/item-count.png</texture>
				<animation effect="fade" time="200">VisibleChange</animation>
				<xvisible>!String.IsEmpty(Container(200).NumItems)</xvisible>
			</control>
		</control>
		<control type="grouplist">
			<visible>Control.HasFocus(201)</visible>
			<animation effect="fade" start="0" end="100" time="400">WindowOpen</animation>
			<animation effect="fade" start="100" end="0" time="300">WindowClose</animation>
			<orientation>horizontal</orientation>
			<align>right</align>
			<bottom>2</bottom>
			<height>48</height>
			<right>3</right>
			<width>1200</width>
			<itemgap>10</itemgap>
			<animation effect="fade" time="200">VisibleChange</animation>
			<control type="label">
				<width>auto</width>
				<height>48</height>
				<aligny>center</aligny>
				<font>font25_title</font>
				<align>right</align>
				<shadowcolor>22000000</shadowcolor>
				<label>$INFO[Container(201).CurrentItem,, / ]$INFO[Container(201).NumItems]</label>
			</control>
			<control type="image">
				<width>54</width>
				<height>44</height>
				<aspectratio>keep</aspectratio>
				<texture>frame/item-count.png</texture>
				<animation effect="fade" time="200">VisibleChange</animation>
				<xvisible>!String.IsEmpty(Container(201).NumItems)</xvisible>
			</control>
		</control>
		<control type="grouplist">
			<visible>Control.HasFocus(202)</visible>
			<animation effect="fade" start="0" end="100" time="400">WindowOpen</animation>
			<animation effect="fade" start="100" end="0" time="300">WindowClose</animation>
			<orientation>horizontal</orientation>
			<align>right</align>
			<bottom>2</bottom>
			<height>48</height>
			<right>3</right>
			<width>1200</width>
			<itemgap>10</itemgap>
			<animation effect="fade" time="200">VisibleChange</animation>
			<control type="label">
				<width>auto</width>
				<height>48</height>
				<aligny>center</aligny>
				<font>font25_title</font>
				<align>right</align>
				<shadowcolor>22000000</shadowcolor>
				<label>$INFO[Container(202).CurrentItem,, / ]$INFO[Container(202).NumItems]</label>
			</control>
			<control type="image">
				<width>54</width>
				<height>44</height>
				<aspectratio>keep</aspectratio>
				<texture>frame/item-count.png</texture>
				<animation effect="fade" time="200">VisibleChange</animation>
				<xvisible>!String.IsEmpty(Container(202).NumItems)</xvisible>
			</control>
		</control>
		<control type="grouplist">
			<visible>Control.HasFocus(203)</visible>
			<animation effect="fade" start="0" end="100" time="400">WindowOpen</animation>
			<animation effect="fade" start="100" end="0" time="300">WindowClose</animation>
			<orientation>horizontal</orientation>
			<align>right</align>
			<bottom>2</bottom>
			<height>48</height>
			<right>3</right>
			<width>1200</width>
			<itemgap>10</itemgap>
			<animation effect="fade" time="200">VisibleChange</animation>
			<control type="label">
				<width>auto</width>
				<height>48</height>
				<aligny>center</aligny>
				<font>font25_title</font>
				<align>right</align>
				<shadowcolor>22000000</shadowcolor>
				<label>$INFO[Container(203).CurrentItem,, / ]$INFO[Container(203).NumItems]</label>
			</control>
			<control type="image">
				<width>54</width>
				<height>44</height>
				<aspectratio>keep</aspectratio>
				<texture>frame/item-count.png</texture>
				<animation effect="fade" time="200">VisibleChange</animation>
				<xvisible>!String.IsEmpty(Container(203).NumItems)</xvisible>
			</control>
		</control>
		<control type="grouplist">
			<visible>Control.HasFocus(204)</visible>
			<animation effect="fade" start="0" end="100" time="400">WindowOpen</animation>
			<animation effect="fade" start="100" end="0" time="300">WindowClose</animation>
			<orientation>horizontal</orientation>
			<align>right</align>
			<bottom>2</bottom>
			<height>48</height>
			<right>3</right>
			<width>1200</width>
			<itemgap>10</itemgap>
			<animation effect="fade" time="200">VisibleChange</animation>
			<control type="label">
				<width>auto</width>
				<height>48</height>
				<aligny>center</aligny>
				<font>font25_title</font>
				<align>right</align>
				<shadowcolor>22000000</shadowcolor>
				<label>$INFO[Container(204).CurrentItem,, / ]$INFO[Container(204).NumItems]</label>
			</control>
			<control type="image">
				<width>54</width>
				<height>44</height>
				<aspectratio>keep</aspectratio>
				<texture>frame/item-count.png</texture>
				<animation effect="fade" time="200">VisibleChange</animation>
				<xvisible>!String.IsEmpty(Container(204).NumItems)</xvisible>
			</control>
		</control>
		<control type="grouplist">
			<visible>Control.HasFocus(205)</visible>
			<animation effect="fade" start="0" end="100" time="400">WindowOpen</animation>
			<animation effect="fade" start="100" end="0" time="300">WindowClose</animation>
			<orientation>horizontal</orientation>
			<align>right</align>
			<bottom>2</bottom>
			<height>48</height>
			<right>3</right>
			<width>1200</width>
			<itemgap>10</itemgap>
			<animation effect="fade" time="200">VisibleChange</animation>
			<control type="label">
				<width>auto</width>
				<height>48</height>
				<aligny>center</aligny>
				<font>font25_title</font>
				<align>right</align>
				<shadowcolor>22000000</shadowcolor>
				<label>$INFO[Container(205).CurrentItem,, / ]$INFO[Container(205).NumItems]</label>
			</control>
			<control type="image">
				<width>54</width>
				<height>44</height>
				<aspectratio>keep</aspectratio>
				<texture>frame/item-count.png</texture>
				<animation effect="fade" time="200">VisibleChange</animation>
				<xvisible>!String.IsEmpty(Container(205).NumItems)</xvisible>
			</control>
		</control>
		<control type="grouplist">
			<visible>Control.HasFocus(206)</visible>
			<animation effect="fade" start="0" end="100" time="400">WindowOpen</animation>
			<animation effect="fade" start="100" end="0" time="300">WindowClose</animation>
			<orientation>horizontal</orientation>
			<align>right</align>
			<bottom>2</bottom>
			<height>48</height>
			<right>3</right>
			<width>1200</width>
			<itemgap>10</itemgap>
			<animation effect="fade" time="200">VisibleChange</animation>
			<control type="label">
				<width>auto</width>
				<height>48</height>
				<aligny>center</aligny>
				<font>font25_title</font>
				<align>right</align>
				<shadowcolor>22000000</shadowcolor>
				<label>$INFO[Container(206).CurrentItem,, / ]$INFO[Container(206).NumItems]</label>
			</control>
			<control type="image">
				<width>54</width>
				<height>44</height>
				<aspectratio>keep</aspectratio>
				<texture>frame/item-count.png</texture>
				<animation effect="fade" time="200">VisibleChange</animation>
				<xvisible>!String.IsEmpty(Container(206).NumItems)</xvisible>
			</control>
		</control>
	</controls>
</window>