<window id="1200">
	<defaultcontrol always="true">9000</defaultcontrol>
	<controls>
	    <include>Window_OpenClose_Animation_Zoom</include>
	    <include>CommonBackground</include>

	    <control type="image">
		    <include>Window_OpenClose_Animation_Slide_Down</include>
		    <posx>0</posx>
		    <posy>0</posy>
		    <width>ScreenWidth</width>
		    <height>80</height>
		    <texture>gpio_topbar.png</texture>
	    </control>
	    <control type="group">
		<control type="image">		
			<include>Window_OpenClose_Animation_Slide_Down</include>
			<include>VisibleFadeEffect</include>
			<posx>450</posx>
		        <posy>0</posy>
			<width>375</width>
			<height>75</height>
			<aligny>center</aligny>
			<align>center</align>
			<texture>gpio_ceas.png</texture>
		</control>
		<control type="label">
			<include>Window_OpenClose_Animation_Slide_Down</include>
			<description>time label</description>
			<posx>255</posx>
			<posy>0</posy>
			<width>350</width>
			<height>67</height>
			<aligny>center</aligny>
			<align>center</align>
			<font>font50_title</font>
			<textcolor>white</textcolor>
			<label>$INFO[System.Time]</label>
			<include>VisibleFadeEffect</include>
			<include>16x9_xPos_Relocation</include>
		</control>
	    </control>	
	    <control type="image">
		    <include>Window_OpenClose_Animation_Slide_Up</include>
		    <posx>0</posx>
		    <posy>630</posy>
		    <width>ScreenWidth</width>
		    <height>90</height>
		    <texture>gpio_bottombar.png</texture>
	    </control>
	    <control type="button" id="1203">
		    <description>Dummy Focus Button</description>
		    <posx>-1</posx>
		    <posy>-1</posy>
		    <width>1</width>
		    <height>1</height>
		    <font>-</font>
		    <texturenofocus border="5">gpio_overlay.png</texturenofocus>
		    <texturefocus border="5">gpio_overlay.png</texturefocus>
	    </control>

	    <control type="group">
		<include>Window_OpenClose_Animation_Slide_Down</include>
		<posx>0</posx>
		<posy>0</posy>
		<include>VisibleFadeEffect</include>
		<control type="button" id="1201">
			<description>Home Button</description>
			<posx>0</posx>
			<posy>0</posy>
			<width>75</width>
			<height>75</height>
			<font>-</font>
			<texturenofocus border="5">gpio_floor_button_t.png</texturenofocus>
			<texturefocus border="5">gpio_floor_buttonFO.png</texturefocus>
			<onclick>ActivateWindow(Home)</onclick>
		</control>
		<control type="image">
			<description>Home Button Image</description>
			<posx>0</posx>
			<posy>0</posy>
			<width>70</width>
			<height>70</height>
			<texture>gpio_icon_home.png</texture>
		</control>

		<control type="label">
			<description>Title</description>
			<posx>100</posx>
			<posy>0</posy>
			<width>350</width>
			<font>font30_title</font>
			<height>80</height>
			<aligny>center</aligny>
			<label>GPIO Diagnostic</label>
		</control>
	    </control>

	    <control type="group">
		<include>Window_OpenClose_Animation_Slide_Down</include>
		<posx>250r</posx>
		<posy>0</posy>
		<include>VisibleFadeEffect</include>
		<control type="label">
			<description>Type</description>
			<posx>0</posx>
			<posy>0</posy>
			<width>250</width>
			<font>font30_title</font>
			<height>80</height>
			<align>left</align>
			<aligny>center</aligny>
			<label>$INFO[Window(Home).Property(rpitype)]</label>
		</control>
	    </control>

	    <control type="group">
		<include>Window_OpenClose_Animation_Slide_Up</include>
		<posx>170r</posx>
		<posy>86r</posy>
		<include>VisibleFadeEffect</include>
		<control type="button" id="1202">
			<description>Back Button</description>
			<posx>86</posx>
			<posy>0</posy>
			<width>82</width>
			<height>82</height>
			<font>-</font>
			<texturenofocus border="5">gpio_floor_button_t.png</texturenofocus>
			<texturefocus border="5">gpio_floor_buttonFO.png</texturefocus>
			<onclick>ParentDir</onclick>
		</control>
		<control type="image">
			<description>Back Button Image</description>
			<posx>96</posx>
			<posy>8</posy>
			<width>64</width>
			<height>64</height>
			<texture>gpio_icon_back_w.png</texture>
		</control>
	    </control>

	    <!--<control type="group">
		<include>Window_OpenClose_Animation_Slide_Up</include>
		<posx>0</posx>
		<posy>86r</posy>
		<include>VisibleFadeEffect</include>
		<control type="button" id="1204">
			<description>Settings Button</description>
			<posx>0</posx>
			<posy>0</posy>
			<width>82</width>
			<height>82</height>
			<font>-</font>
			<texturenofocus border="5">gpio_floor_button_t.png</texturenofocus>
			<texturefocus border="5">gpio_floor_buttonFO.png</texturefocus>
		</control>
		<control type="image">
			<description>Settings Button Image</description>
			<posx>8</posx>
			<posy>8</posy>
			<width>64</width>
			<height>64</height>
			<texture>gpio_icon_settings_w.png</texture>
		</control>
	    </control>-->

	    <control type="group">
		<include>Window_OpenClose_Animation_Zoom</include>
		<posx>0</posx>
		<posy>84</posy>
		<include>VisibleFadeEffect</include>
		<control type="image">
			<description>left list</description>
			<posx>10</posx>
			<posy>0</posy>
			<width>620</width>
			<height>540</height>
			<texture>gpio_list.png</texture>
		</control>

		<control type="image">
			<description>right list</description>
			<posx>650</posx>
			<posy>0</posy>
			<width>620</width>
			<height>540</height>
			<texture>gpio_list.png</texture>
		</control>
	    </control>

<!-- Left list -->
	    <control type="group">
		<description>GPIO2</description>
		<include>Window_OpenClose_Animation_Zoom</include>
		<posx>40</posx>
		<posy>94</posy>
        	<control type="label">
            		<posx>0</posx>
            		<posy>0</posy>
            		<width>500</width>
            		<height>40</height>
            		<font>font30</font>
            		<textcolor>white</textcolor>
            		<align>left</align>
            		<aligny>center</aligny>
            		<label>GPIO:  2      $INFO[Window(Home).Property(gpio_usage2)]</label>
		</control>
        	<control type="label">
            		<posx>500</posx>
            		<posy>0</posy>
            		<width>40</width>
            		<height>40</height>
            		<font>font30_title</font>
            		<textcolor>$INFO[Window(Home).Property(gpio_color2)]</textcolor>
            		<align>left</align>
            		<aligny>center</aligny>
            		<label>$INFO[Window(Home).Property(gpio_value2)]</label>
		</control>
	    </control>

	    <control type="group">
		<description>GPIO3</description>
		<include>Window_OpenClose_Animation_Zoom</include>
		<posx>40</posx>
		<posy>134</posy>
        	<control type="label">
            		<posx>0</posx>
            		<posy>0</posy>
            		<width>500</width>
            		<height>40</height>
            		<font>font30</font>
            		<textcolor>white</textcolor>
            		<align>left</align>
            		<aligny>center</aligny>
            		<label>GPIO:  3      $INFO[Window(Home).Property(gpio_usage3)]</label>
		</control>
        	<control type="label">
            		<posx>500</posx>
            		<posy>0</posy>
            		<width>40</width>
            		<height>40</height>
            		<font>font30_title</font>
            		<textcolor>$INFO[Window(Home).Property(gpio_color3)]</textcolor>
            		<align>left</align>
            		<aligny>center</aligny>
            		<label>$INFO[Window(Home).Property(gpio_value3)]</label>
		</control>
	    </control>

	    <control type="group">
		<description>GPIO4</description>
		<include>Window_OpenClose_Animation_Zoom</include>
		<posx>40</posx>
		<posy>174</posy>
        	<control type="label">
            		<posx>0</posx>
            		<posy>0</posy>
            		<width>500</width>
            		<height>40</height>
            		<font>font30</font>
            		<textcolor>white</textcolor>
            		<align>left</align>
            		<aligny>center</aligny>
            		<label>GPIO:  4      $INFO[Window(Home).Property(gpio_usage4)]</label>
		</control>
        	<control type="label">
            		<posx>500</posx>
            		<posy>0</posy>
            		<width>40</width>
            		<height>40</height>
            		<font>font30_title</font>
            		<textcolor>$INFO[Window(Home).Property(gpio_color4)]</textcolor>
            		<align>left</align>
            		<aligny>center</aligny>
            		<label>$INFO[Window(Home).Property(gpio_value4)]</label>
		</control>
	    </control>

	    <control type="group">
		<description>GPIO5</description>
		<include>Window_OpenClose_Animation_Zoom</include>
		<posx>40</posx>
		<posy>214</posy>
        	<control type="label">
            		<posx>0</posx>
            		<posy>0</posy>
            		<width>500</width>
            		<height>40</height>
            		<font>font30</font>
            		<textcolor>white</textcolor>
            		<align>left</align>
            		<aligny>center</aligny>
            		<label>GPIO:  5      $INFO[Window(Home).Property(gpio_usage5)]</label>
		</control>
        	<control type="label">
            		<posx>500</posx>
            		<posy>0</posy>
            		<width>40</width>
            		<height>40</height>
            		<font>font30_title</font>
            		<textcolor>$INFO[Window(Home).Property(gpio_color5)]</textcolor>
            		<align>left</align>
            		<aligny>center</aligny>
            		<label>$INFO[Window(Home).Property(gpio_value5)]</label>
		</control>
	    </control>

	    <control type="group">
		<description>GPIO6</description>
		<include>Window_OpenClose_Animation_Zoom</include>
		<posx>40</posx>
		<posy>254</posy>
        	<control type="label">
            		<posx>0</posx>
            		<posy>0</posy>
            		<width>500</width>
            		<height>40</height>
            		<font>font30</font>
            		<textcolor>white</textcolor>
            		<align>left</align>
            		<aligny>center</aligny>
            		<label>GPIO:  6      $INFO[Window(Home).Property(gpio_usage6)]</label>
		</control>
        	<control type="label">
            		<posx>500</posx>
            		<posy>0</posy>
            		<width>40</width>
            		<height>40</height>
            		<font>font30_title</font>
            		<textcolor>$INFO[Window(Home).Property(gpio_color6)]</textcolor>
            		<align>left</align>
            		<aligny>center</aligny>
            		<label>$INFO[Window(Home).Property(gpio_value6)]</label>
		</control>
	    </control>

	    <control type="group">
		<description>GPIO7</description>
		<include>Window_OpenClose_Animation_Zoom</include>
		<posx>40</posx>
		<posy>294</posy>
        	<control type="label">
            		<posx>0</posx>
            		<posy>0</posy>
            		<width>500</width>
            		<height>40</height>
            		<font>font30</font>
            		<textcolor>white</textcolor>
            		<align>left</align>
            		<aligny>center</aligny>
            		<label>GPIO:  7      $INFO[Window(Home).Property(gpio_usage7)]</label>
		</control>
        	<control type="label">
            		<posx>500</posx>
            		<posy>0</posy>
            		<width>40</width>
            		<height>40</height>
            		<font>font30_title</font>
            		<textcolor>$INFO[Window(Home).Property(gpio_color7)]</textcolor>
            		<align>left</align>
            		<aligny>center</aligny>
            		<label>$INFO[Window(Home).Property(gpio_value7)]</label>
		</control>
	    </control>

	    <control type="group">
		<description>GPIO8</description>
		<include>Window_OpenClose_Animation_Zoom</include>
		<posx>40</posx>
		<posy>334</posy>
        	<control type="label">
            		<posx>0</posx>
            		<posy>0</posy>
            		<width>500</width>
            		<height>40</height>
            		<font>font30</font>
            		<textcolor>white</textcolor>
            		<align>left</align>
            		<aligny>center</aligny>
            		<label>GPIO:  8      $INFO[Window(Home).Property(gpio_usage8)]</label>
		</control>
        	<control type="label">
            		<posx>500</posx>
            		<posy>0</posy>
            		<width>40</width>
            		<height>40</height>
            		<font>font30_title</font>
            		<textcolor>$INFO[Window(Home).Property(gpio_color8)]</textcolor>
            		<align>left</align>
            		<aligny>center</aligny>
            		<label>$INFO[Window(Home).Property(gpio_value8)]</label>
		</control>
	    </control>

	    <control type="group">
		<description>GPIO9</description>
		<include>Window_OpenClose_Animation_Zoom</include>
		<posx>40</posx>
		<posy>374</posy>
        	<control type="label">
            		<posx>0</posx>
            		<posy>0</posy>
            		<width>500</width>
            		<height>40</height>
            		<font>font30</font>
            		<textcolor>white</textcolor>
            		<align>left</align>
            		<aligny>center</aligny>
            		<label>GPIO:  9      $INFO[Window(Home).Property(gpio_usage9)]</label>
		</control>
        	<control type="label">
            		<posx>500</posx>
            		<posy>0</posy>
            		<width>40</width>
            		<height>40</height>
            		<font>font30_title</font>
            		<textcolor>$INFO[Window(Home).Property(gpio_color9)]</textcolor>
            		<align>left</align>
            		<aligny>center</aligny>
            		<label>$INFO[Window(Home).Property(gpio_value9)]</label>
		</control>
	    </control>

	    <control type="group">
		<description>GPIO10</description>
		<include>Window_OpenClose_Animation_Zoom</include>
		<posx>40</posx>
		<posy>414</posy>
        	<control type="label">
            		<posx>0</posx>
            		<posy>0</posy>
            		<width>500</width>
            		<height>40</height>
            		<font>font30</font>
            		<textcolor>white</textcolor>
            		<align>left</align>
            		<aligny>center</aligny>
            		<label>GPIO: 10     $INFO[Window(Home).Property(gpio_usage10)]</label>
		</control>
        	<control type="label">
            		<posx>500</posx>
            		<posy>0</posy>
            		<width>40</width>
            		<height>40</height>
            		<font>font30_title</font>
            		<textcolor>$INFO[Window(Home).Property(gpio_color10)]</textcolor>
            		<align>left</align>
            		<aligny>center</aligny>
            		<label>$INFO[Window(Home).Property(gpio_value10)]</label>
		</control>
	    </control>

	    <control type="group">
		<description>GPIO11</description>
		<include>Window_OpenClose_Animation_Zoom</include>
		<posx>40</posx>
		<posy>454</posy>
        	<control type="label">
            		<posx>0</posx>
            		<posy>0</posy>
            		<width>500</width>
            		<height>40</height>
            		<font>font30</font>
            		<textcolor>white</textcolor>
            		<align>left</align>
            		<aligny>center</aligny>
            		<label>GPIO: 11     $INFO[Window(Home).Property(gpio_usage11)]</label>
		</control>
        	<control type="label">
            		<posx>500</posx>
            		<posy>0</posy>
            		<width>40</width>
            		<height>40</height>
            		<font>font30_title</font>
            		<textcolor>$INFO[Window(Home).Property(gpio_color11)]</textcolor>
            		<align>left</align>
            		<aligny>center</aligny>
            		<label>$INFO[Window(Home).Property(gpio_value11)]</label>
		</control>
	    </control>

	    <control type="group">
		<description>GPIO12</description>
		<include>Window_OpenClose_Animation_Zoom</include>
		<posx>40</posx>
		<posy>494</posy>
        	<control type="label">
            		<posx>0</posx>
            		<posy>0</posy>
            		<width>500</width>
            		<height>40</height>
            		<font>font30</font>
            		<textcolor>white</textcolor>
            		<align>left</align>
            		<aligny>center</aligny>
            		<label>GPIO: 12     $INFO[Window(Home).Property(gpio_usage12)]</label>
		</control>
        	<control type="label">
            		<posx>500</posx>
            		<posy>0</posy>
            		<width>40</width>
            		<height>40</height>
            		<font>font30_title</font>
            		<textcolor>$INFO[Window(Home).Property(gpio_color12)]</textcolor>
            		<align>left</align>
            		<aligny>center</aligny>
            		<label>$INFO[Window(Home).Property(gpio_value12)]</label>
		</control>
	    </control>

	    <control type="group">
		<description>GPIO13</description>
		<include>Window_OpenClose_Animation_Zoom</include>
		<posx>40</posx>
		<posy>534</posy>
        	<control type="label">
            		<posx>0</posx>
            		<posy>0</posy>
            		<width>500</width>
            		<height>40</height>
            		<font>font30</font>
            		<textcolor>white</textcolor>
            		<align>left</align>
            		<aligny>center</aligny>
            		<label>GPIO: 13     $INFO[Window(Home).Property(gpio_usage13)]</label>
		</control>
        	<control type="label">
            		<posx>500</posx>
            		<posy>0</posy>
            		<width>40</width>
            		<height>40</height>
            		<font>font30_title</font>
            		<textcolor>$INFO[Window(Home).Property(gpio_color13)]</textcolor>
            		<align>left</align>
            		<aligny>center</aligny>
            		<label>$INFO[Window(Home).Property(gpio_value13)]</label>
		</control>
	    </control>

	    <control type="group">
		<description>GPIO14</description>
		<include>Window_OpenClose_Animation_Zoom</include>
		<posx>40</posx>
		<posy>574</posy>
        	<control type="label">
            		<posx>0</posx>
            		<posy>0</posy>
            		<width>500</width>
            		<height>40</height>
            		<font>font30</font>
            		<textcolor>white</textcolor>
            		<align>left</align>
            		<aligny>center</aligny>
            		<label>GPIO: 14     $INFO[Window(Home).Property(gpio_usage14)]</label>
		</control>
        	<control type="label">
            		<posx>500</posx>
            		<posy>0</posy>
            		<width>40</width>
            		<height>40</height>
            		<font>font30_title</font>
            		<textcolor>$INFO[Window(Home).Property(gpio_color14)]</textcolor>
            		<align>left</align>
            		<aligny>center</aligny>
            		<label>$INFO[Window(Home).Property(gpio_value14)]</label>
		</control>
	    </control>

<!-- Right list -->

	    <control type="group">
		<description>GPIO15</description>
		<include>Window_OpenClose_Animation_Zoom</include>
		<posx>680</posx>
		<posy>94</posy>
        	<control type="label">
            		<posx>0</posx>
            		<posy>0</posy>
            		<width>500</width>
            		<height>40</height>
            		<font>font30</font>
            		<textcolor>white</textcolor>
            		<align>left</align>
            		<aligny>center</aligny>
            		<label>GPIO: 15      $INFO[Window(Home).Property(gpio_usage15)]</label>
		</control>
        	<control type="label">
            		<posx>500</posx>
            		<posy>0</posy>
            		<width>40</width>
            		<height>40</height>
            		<font>font30_title</font>
            		<textcolor>$INFO[Window(Home).Property(gpio_color15)]</textcolor>
            		<align>left</align>
            		<aligny>center</aligny>
            		<label>$INFO[Window(Home).Property(gpio_value15)]</label>
		</control>
	    </control>

	    <control type="group">
		<description>GPIO16</description>
		<include>Window_OpenClose_Animation_Zoom</include>
		<posx>680</posx>
		<posy>134</posy>
        	<control type="label">
            		<posx>0</posx>
            		<posy>0</posy>
            		<width>500</width>
            		<height>40</height>
            		<font>font30</font>
            		<textcolor>white</textcolor>
            		<align>left</align>
            		<aligny>center</aligny>
            		<label>GPIO: 16      $INFO[Window(Home).Property(gpio_usage16)]</label>
		</control>
        	<control type="label">
            		<posx>500</posx>
            		<posy>0</posy>
            		<width>40</width>
            		<height>40</height>
            		<font>font30_title</font>
            		<textcolor>$INFO[Window(Home).Property(gpio_color16)]</textcolor>
            		<align>left</align>
            		<aligny>center</aligny>
            		<label>$INFO[Window(Home).Property(gpio_value16)]</label>
		</control>
	    </control>

	    <control type="group">
		<description>GPIO17</description>
		<include>Window_OpenClose_Animation_Zoom</include>
		<posx>680</posx>
		<posy>174</posy>
        	<control type="label">
            		<posx>0</posx>
            		<posy>0</posy>
            		<width>500</width>
            		<height>40</height>
            		<font>font30</font>
            		<textcolor>white</textcolor>
            		<align>left</align>
            		<aligny>center</aligny>
            		<label>GPIO: 17      $INFO[Window(Home).Property(gpio_usage17)]</label>
		</control>
        	<control type="label">
            		<posx>500</posx>
            		<posy>0</posy>
            		<width>40</width>
            		<height>40</height>
            		<font>font30_title</font>
            		<textcolor>$INFO[Window(Home).Property(gpio_color17)]</textcolor>
            		<align>left</align>
            		<aligny>center</aligny>
            		<label>$INFO[Window(Home).Property(gpio_value17)]</label>
		</control>
	    </control>

	    <control type="group">
		<description>GPIO18</description>
		<include>Window_OpenClose_Animation_Zoom</include>
		<posx>680</posx>
		<posy>214</posy>
        	<control type="label">
            		<posx>0</posx>
            		<posy>0</posy>
            		<width>500</width>
            		<height>40</height>
            		<font>font30</font>
            		<textcolor>white</textcolor>
            		<align>left</align>
            		<aligny>center</aligny>
            		<label>GPIO: 18      $INFO[Window(Home).Property(gpio_usage18)]</label>
		</control>
        	<control type="label">
            		<posx>500</posx>
            		<posy>0</posy>
            		<width>40</width>
            		<height>40</height>
            		<font>font30_title</font>
            		<textcolor>$INFO[Window(Home).Property(gpio_color18)]</textcolor>
            		<align>left</align>
            		<aligny>center</aligny>
            		<label>$INFO[Window(Home).Property(gpio_value18)]</label>
		</control>
	    </control>

	    <control type="group">
		<description>GPIO19</description>
		<include>Window_OpenClose_Animation_Zoom</include>
		<posx>680</posx>
		<posy>254</posy>
        	<control type="label">
            		<posx>0</posx>
            		<posy>0</posy>
            		<width>500</width>
            		<height>40</height>
            		<font>font30</font>
            		<textcolor>white</textcolor>
            		<align>left</align>
            		<aligny>center</aligny>
            		<label>GPIO: 19      $INFO[Window(Home).Property(gpio_usage19)]</label>
		</control>
        	<control type="label">
            		<posx>500</posx>
            		<posy>0</posy>
            		<width>40</width>
            		<height>40</height>
            		<font>font30_title</font>
            		<textcolor>$INFO[Window(Home).Property(gpio_color19)]</textcolor>
            		<align>left</align>
            		<aligny>center</aligny>
            		<label>$INFO[Window(Home).Property(gpio_value19)]</label>
		</control>
	    </control>

	    <control type="group">
		<description>GPIO20</description>
		<include>Window_OpenClose_Animation_Zoom</include>
		<posx>680</posx>
		<posy>294</posy>
        	<control type="label">
            		<posx>0</posx>
            		<posy>0</posy>
            		<width>500</width>
            		<height>40</height>
            		<font>font30</font>
            		<textcolor>white</textcolor>
            		<align>left</align>
            		<aligny>center</aligny>
            		<label>GPIO: 20      $INFO[Window(Home).Property(gpio_usage20)]</label>
		</control>
        	<control type="label">
            		<posx>500</posx>
            		<posy>0</posy>
            		<width>40</width>
            		<height>40</height>
            		<font>font30_title</font>
            		<textcolor>$INFO[Window(Home).Property(gpio_color20)]</textcolor>
            		<align>left</align>
            		<aligny>center</aligny>
            		<label>$INFO[Window(Home).Property(gpio_value20)]</label>
		</control>
	    </control>

	    <control type="group">
		<description>GPIO21</description>
		<include>Window_OpenClose_Animation_Zoom</include>
		<posx>680</posx>
		<posy>334</posy>
        	<control type="label">
            		<posx>0</posx>
            		<posy>0</posy>
            		<width>500</width>
            		<height>40</height>
            		<font>font30</font>
            		<textcolor>white</textcolor>
            		<align>left</align>
            		<aligny>center</aligny>
            		<label>GPIO: 21      $INFO[Window(Home).Property(gpio_usage21)]</label>
		</control>
        	<control type="label">
            		<posx>500</posx>
            		<posy>0</posy>
            		<width>40</width>
            		<height>40</height>
            		<font>font30_title</font>
            		<textcolor>$INFO[Window(Home).Property(gpio_color21)]</textcolor>
            		<align>left</align>
            		<aligny>center</aligny>
            		<label>$INFO[Window(Home).Property(gpio_value21)]</label>
		</control>
	    </control>

	    <control type="group">
		<description>GPIO22</description>
		<include>Window_OpenClose_Animation_Zoom</include>
		<posx>680</posx>
		<posy>374</posy>
        	<control type="label">
            		<posx>0</posx>
            		<posy>0</posy>
            		<width>500</width>
            		<height>40</height>
            		<font>font30</font>
            		<textcolor>white</textcolor>
            		<align>left</align>
            		<aligny>center</aligny>
            		<label>GPIO: 22      $INFO[Window(Home).Property(gpio_usage22)]</label>
		</control>
        	<control type="label">
            		<posx>500</posx>
            		<posy>0</posy>
            		<width>40</width>
            		<height>40</height>
            		<font>font30_title</font>
            		<textcolor>$INFO[Window(Home).Property(gpio_color22)]</textcolor>
            		<align>left</align>
            		<aligny>center</aligny>
            		<label>$INFO[Window(Home).Property(gpio_value22)]</label>
		</control>
	    </control>

	    <control type="group">
		<description>GPIO23</description>
		<include>Window_OpenClose_Animation_Zoom</include>
		<posx>680</posx>
		<posy>414</posy>
        	<control type="label">
            		<posx>0</posx>
            		<posy>0</posy>
            		<width>500</width>
            		<height>40</height>
            		<font>font30</font>
            		<textcolor>white</textcolor>
            		<align>left</align>
            		<aligny>center</aligny>
            		<label>GPIO: 23      $INFO[Window(Home).Property(gpio_usage23)]</label>
		</control>
        	<control type="label">
            		<posx>500</posx>
            		<posy>0</posy>
            		<width>40</width>
            		<height>40</height>
            		<font>font30_title</font>
            		<textcolor>$INFO[Window(Home).Property(gpio_color23)]</textcolor>
            		<align>left</align>
            		<aligny>center</aligny>
            		<label>$INFO[Window(Home).Property(gpio_value23)]</label>
		</control>
	    </control>

	    <control type="group">
		<description>GPIO24</description>
		<include>Window_OpenClose_Animation_Zoom</include>
		<posx>680</posx>
		<posy>454</posy>
        	<control type="label">
            		<posx>0</posx>
            		<posy>0</posy>
            		<width>500</width>
            		<height>40</height>
            		<font>font30</font>
            		<textcolor>white</textcolor>
            		<align>left</align>
            		<aligny>center</aligny>
            		<label>GPIO: 24      $INFO[Window(Home).Property(gpio_usage24)]</label>
		</control>
        	<control type="label">
            		<posx>500</posx>
            		<posy>0</posy>
            		<width>40</width>
            		<height>40</height>
            		<font>font30_title</font>
            		<textcolor>$INFO[Window(Home).Property(gpio_color24)]</textcolor>
            		<align>left</align>
            		<aligny>center</aligny>
            		<label>$INFO[Window(Home).Property(gpio_value24)]</label>
		</control>
	    </control>

	    <control type="group">
		<description>GPIO25</description>
		<include>Window_OpenClose_Animation_Zoom</include>
		<posx>680</posx>
		<posy>494</posy>
        	<control type="label">
            		<posx>0</posx>
            		<posy>0</posy>
            		<width>500</width>
            		<height>40</height>
            		<font>font30</font>
            		<textcolor>white</textcolor>
            		<align>left</align>
            		<aligny>center</aligny>
            		<label>GPIO: 25      $INFO[Window(Home).Property(gpio_usage25)]</label>
		</control>
        	<control type="label">
            		<posx>500</posx>
            		<posy>0</posy>
            		<width>40</width>
            		<height>40</height>
            		<font>font30_title</font>
            		<textcolor>$INFO[Window(Home).Property(gpio_color25)]</textcolor>
            		<align>left</align>
            		<aligny>center</aligny>
            		<label>$INFO[Window(Home).Property(gpio_value25)]</label>
		</control>
	    </control>

	    <control type="group">
		<description>GPIO26</description>
		<include>Window_OpenClose_Animation_Zoom</include>
		<posx>680</posx>
		<posy>534</posy>
        	<control type="label">
            		<posx>0</posx>
            		<posy>0</posy>
            		<width>500</width>
            		<height>40</height>
            		<font>font30</font>
            		<textcolor>white</textcolor>
            		<align>left</align>
            		<aligny>center</aligny>
            		<label>GPIO: 26      $INFO[Window(Home).Property(gpio_usage26)]</label>
		</control>
        	<control type="label">
            		<posx>500</posx>
            		<posy>0</posy>
            		<width>40</width>
            		<height>40</height>
            		<font>font30_title</font>
            		<textcolor>$INFO[Window(Home).Property(gpio_color26)]</textcolor>
            		<align>left</align>
            		<aligny>center</aligny>
            		<label>$INFO[Window(Home).Property(gpio_value26)]</label>
		</control>
	    </control>

	    <control type="group">
		<description>GPIO27</description>
		<include>Window_OpenClose_Animation_Zoom</include>
		<posx>680</posx>
		<posy>574</posy>
        	<control type="label">
            		<posx>0</posx>
            		<posy>0</posy>
            		<width>500</width>
            		<height>40</height>
            		<font>font30</font>
            		<textcolor>white</textcolor>
            		<align>left</align>
            		<aligny>center</aligny>
            		<label>GPIO: 27      $INFO[Window(Home).Property(gpio_usage27)]</label>
		</control>
        	<control type="label">
            		<posx>500</posx>
            		<posy>0</posy>
            		<width>40</width>
            		<height>40</height>
            		<font>font30_title</font>
            		<textcolor>$INFO[Window(Home).Property(gpio_color27)]</textcolor>
            		<align>left</align>
            		<aligny>center</aligny>
            		<label>$INFO[Window(Home).Property(gpio_value27)]</label>
		</control>
	    </control>

	</controls>
</window>
