<window id="1200">
	<defaultcontrol always="true">1203</defaultcontrol>
	<controls>
	    <control type="image">
		    <include>dialogeffect</include>
		    <posx>0</posx>
		    <posy>0</posy>
		    <aspectratio>stretch</aspectratio>
		    <include>1706</include>
		    <height>960</height>
		    <texture fallback="special://skin/background/SKINDEFAULT.jpg">special://skin/background/$INFO[Skin.CurrentTheme].jpg</texture>
		    <visible>!Skin.HasSetting(UseCustomBackground)</visible>
	    </control>
	    <control type="image">
		    <include>dialogeffect</include>
		    <posx>0</posx>
		    <posy>0</posy>
		    <aspectratio>stretch</aspectratio>
		    <include>1706</include>
		    <height>960</height>
		    <texture>$INFO[Skin.String(CustomBackground)]</texture>
		    <visible>Skin.HasSetting(UseCustomBackground)</visible>
	    </control>

	    <include>Header</include>
	    <include>Footer</include>

	    <control type="label">
		    <include>Window_OpenClose_Animation_Slide_Up</include>
		    <description>Window label</description>
		    <include>MediaWindowTitleCommons</include>
		    <label>USB Manager</label>
	    </control>

	    <control type="button" id="1203">
		    <description>Dummy Focus Button</description>
		    <posx>-1</posx>
		    <posy>-1</posy>
		    <width>1</width>
		    <height>1</height>
		    <font>-</font>
		    <texturenofocus border="5">blank.png</texturenofocus>
		    <texturefocus border="5">blank.png</texturefocus>
		    <ondown>1201</ondown>
		    <onup>1202</onup>
	    </control>

	    <control type="group">
		    <posx>0</posx>
		    <posy>0</posy>
		    <include>VisibleFadeEffect</include>
		    <control type="button" id="1201">
			    <description>Home Button</description>
			    <posx>22</posx>
			    <posy>2</posy>
			    <width>150</width>
			    <height>75</height>
			    <font></font>
			    <texturenofocus></texturenofocus>
			    <texturefocus></texturefocus>
			    <onclick>ActivateWindow(Home)</onclick>
			    <ondown>1205</ondown>
			    <onup>1203</onup>
		    </control>
	    </control>

	    <control type="group">
		<include>Window_OpenClose_Animation_Slide_Up</include>
		<posx>120r</posx>
		<posy>100r</posy>
		<include>VisibleFadeEffect</include>
		<control type="image">
			<posx>0</posx>
			<posy>5</posy>
			<width>2</width>
			<height>95</height>
			<texture border="2">separator.png</texture>
			<colordiffuse>A0464646</colordiffuse>
		</control>				    
		<control type="button" id="1202">
			<description>Back Button</description>
			<posx>0</posx>
			<posy>0</posy>
			<width>120</width>
			<height>100</height>
			<texturenofocus></texturenofocus>
			<texturefocus>list_focus.png</texturefocus>
			<onclick>ParentDir</onclick>
			<ondown>1203</ondown>
			<onup>1204</onup>
			<onleft>1204</onleft>
		</control>
		<control type="image">
			<description>Back Button</description>
			<posx>31</posx>
			<posy>24</posy>
			<width>60</width>
			<height>60</height>
			<aspectratio>keep</aspectratio>
			<texture>icon_button_back.png</texture>
		</control>
	    </control>

	    <control type="group">
		<include>Window_OpenClose_Animation_Slide_Up</include>
		<posx>0</posx>
		<posy>86r</posy>
		<include>VisibleFadeEffect</include>
		<control type="button" id="1204">
			<description>Settings Button</description>
			<posx>0</posx>
			<posy>0</posy>
			<width>82</width>
			<height>82</height>
			<font>-</font>
			<texturenofocus></texturenofocus>
			<texturefocus></texturefocus>
			<ondown>1202</ondown>
			<onup>1205</onup>
			<onright>1202</onright>
		</control>
		<control type="image">
			<description>Settings Button Image</description>
			<posx>8</posx>
			<posy>8</posy>
			<width>64</width>
			<height>64</height>
			<texture>icon_settings_w.png</texture>
		</control>
	    </control>


	    <control type="group">
		<description>USB1</description>
		<include>Window_OpenClose_Animation_Zoom</include>
		<include>VisibleFadeEffect</include>
		<visible>substring(Window(Home).Property(showusb1),true)</visible>
		<visible>substring(Window(Home).Property(install),false)</visible>
		<visible>substring(Window(Home).Property(baserequirements),true)</visible>
		<posx>66</posx>
		<posy>280</posy>
		<control type="button" id="1205">
			<description>Button1</description>
			<posx>0</posx>
			<posy>0</posy>
			<width>360</width>
			<height>360</height>
			<texturenofocus border="40,0,40,5">button_nofocus.png</texturenofocus>
			<texturefocus>list_focus.png</texturefocus>
			<ondown>1204</ondown>
			<onup>1201</onup>
			<onleft>1208</onleft>
			<onright>1206</onright>
		</control>
        	<control type="label">
            		<posx>0</posx>
            		<posy>50</posy>
            		<width>360</width>
            		<height>50</height>
            		<font>font30</font>
            		<textcolor>white</textcolor>
            		<align>center</align>
            		<aligny>center</aligny>
            		<label>[B]$INFO[Window(Home).Property(usb1)][/B]</label>
		</control>
        	<control type="label">
            		<posx>0</posx>
            		<posy>110</posy>
            		<width>360</width>
            		<height>50</height>
            		<font>font30</font>
            		<textcolor>white</textcolor>
            		<align>center</align>
            		<aligny>center</aligny>
            		<label>[B]$INFO[Window(Home).Property(usblabel1)][/B]</label>
		</control>
        	<control type="label">
            		<posx>0</posx>
            		<posy>170</posy>
            		<width>360</width>
            		<height>50</height>
            		<font>font30</font>
            		<textcolor>white</textcolor>
            		<align>center</align>
            		<aligny>center</aligny>
            		<label>[B]$INFO[Window(Home).Property(usbfstype1)][/B]</label>
		</control>
        	<control type="label">
			<visible>substring(Window(Home).Property(updating),false)</visible>
            		<posx>0</posx>
            		<posy>230</posy>
            		<width>360</width>
            		<height>50</height>
            		<font>font30</font>
            		<align>center</align>
            		<aligny>center</aligny>
            		<label>[B]$INFO[Window(Home).Property(usbmounted1)][/B]</label>
		</control>
        	<control type="label">
			<visible>substring(Window(Home).Property(updating),true)</visible>
            		<posx>0</posx>
            		<posy>230</posy>
            		<width>360</width>
            		<height>50</height>
            		<font>font30</font>
            		<align>center</align>
            		<aligny>center</aligny>
            		<label>[B][COLOR=orange]$ADDON[plugin.program.usbmanager 30007][/COLOR][/B]</label>
		</control>
	    </control>

	    <control type="group">
		<description>USB2</description>
		<include>Window_OpenClose_Animation_Zoom</include>
		<include>VisibleFadeEffect</include>
		<visible>substring(Window(Home).Property(showusb2),true)</visible>
		<visible>substring(Window(Home).Property(install),false)</visible>
		<visible>substring(Window(Home).Property(baserequirements),true)</visible>
		<posx>472</posx>
		<posy>280</posy>
		<control type="button" id="1206">
			<description>Button2</description>
			<posx>0</posx>
			<posy>0</posy>
			<width>360</width>
			<height>360</height>
			<texturenofocus border="40,0,40,5">button_nofocus.png</texturenofocus>
			<texturefocus>list_focus.png</texturefocus>
			<ondown>1204</ondown>
			<onup>1201</onup>
			<onleft>1205</onleft>
			<onright>1207</onright>
		</control>
        	<control type="label">
            		<posx>0</posx>
            		<posy>50</posy>
            		<width>360</width>
            		<height>50</height>
            		<font>font30</font>
            		<textcolor>white</textcolor>
            		<align>center</align>
            		<aligny>center</aligny>
            		<label>[B]$INFO[Window(Home).Property(usb2)][/B]</label>
		</control>
        	<control type="label">
            		<posx>0</posx>
            		<posy>110</posy>
            		<width>360</width>
            		<height>50</height>
            		<font>font30</font>
            		<textcolor>white</textcolor>
            		<align>center</align>
            		<aligny>center</aligny>
            		<label>[B]$INFO[Window(Home).Property(usblabel2)][/B]</label>
		</control>
        	<control type="label">
            		<posx>0</posx>
            		<posy>170</posy>
            		<width>360</width>
            		<height>50</height>
            		<font>font30</font>
            		<textcolor>white</textcolor>
            		<align>center</align>
            		<aligny>center</aligny>
            		<label>[B]$INFO[Window(Home).Property(usbfstype2)][/B]</label>
		</control>
        	<control type="label">
			<visible>substring(Window(Home).Property(updating),false)</visible>
            		<posx>0</posx>
            		<posy>230</posy>
            		<width>360</width>
            		<height>50</height>
            		<font>font30</font>
            		<align>center</align>
            		<aligny>center</aligny>
            		<label>[B]$INFO[Window(Home).Property(usbmounted2)][/B]</label>
		</control>
        	<control type="label">
			<visible>substring(Window(Home).Property(updating),true)</visible>
            		<posx>0</posx>
            		<posy>230</posy>
            		<width>360</width>
            		<height>50</height>
            		<font>font30</font>
            		<align>center</align>
            		<aligny>center</aligny>
            		<label>[B][COLOR=orange]$ADDON[plugin.program.usbmanager 30007][/COLOR][/B]</label>
		</control>
	    </control>

	    <control type="group">
		<description>USB3</description>
		<include>Window_OpenClose_Animation_Zoom</include>
		<include>VisibleFadeEffect</include>
		<visible>substring(Window(Home).Property(showusb3),true)</visible>
		<visible>substring(Window(Home).Property(install),false)</visible>
		<visible>substring(Window(Home).Property(baserequirements),true)</visible>
		<posx>874</posx>
		<posy>280</posy>
		<control type="button" id="1207">
			<description>Button3</description>
			<posx>0</posx>
			<posy>0</posy>
			<width>360</width>
			<height>360</height>
			<texturenofocus border="40,0,40,5">button_nofocus.png</texturenofocus>
			<texturefocus>list_focus.png</texturefocus>
			<ondown>1204</ondown>
			<onup>1201</onup>
			<onleft>1206</onleft>
			<onright>1208</onright>
		</control>
        	<control type="label">
            		<posx>0</posx>
            		<posy>50</posy>
            		<width>360</width>
            		<height>50</height>
            		<font>font30</font>
            		<textcolor>white</textcolor>
            		<align>center</align>
            		<aligny>center</aligny>
            		<label>[B]$INFO[Window(Home).Property(usb3)][/B]</label>
		</control>
        	<control type="label">
            		<posx>0</posx>
            		<posy>110</posy>
            		<width>360</width>
            		<height>50</height>
            		<font>font30</font>
            		<textcolor>white</textcolor>
            		<align>center</align>
            		<aligny>center</aligny>
            		<label>[B]$INFO[Window(Home).Property(usblabel3)][/B]</label>
		</control>
        	<control type="label">
            		<posx>0</posx>
            		<posy>170</posy>
            		<width>360</width>
            		<height>50</height>
            		<font>font30</font>
            		<textcolor>white</textcolor>
            		<align>center</align>
            		<aligny>center</aligny>
            		<label>[B]$INFO[Window(Home).Property(usbfstype3)][/B]</label>
		</control>
        	<control type="label">
			<visible>substring(Window(Home).Property(updating),false)</visible>
            		<posx>0</posx>
            		<posy>230</posy>
            		<width>360</width>
            		<height>50</height>
            		<font>font30</font>
            		<align>center</align>
            		<aligny>center</aligny>
            		<label>[B]$INFO[Window(Home).Property(usbmounted3)][/B]</label>
		</control>
        	<control type="label">
			<visible>substring(Window(Home).Property(updating),true)</visible>
            		<posx>0</posx>
            		<posy>230</posy>
            		<width>360</width>
            		<height>50</height>
            		<font>font30</font>
            		<align>center</align>
            		<aligny>center</aligny>
            		<label>[B][COLOR=orange]$ADDON[plugin.program.usbmanager 30007][/COLOR][/B]</label>
		</control>
	    </control>

	    <control type="group">
		<description>USB4</description>
		<include>Window_OpenClose_Animation_Zoom</include>
		<include>VisibleFadeEffect</include>
		<visible>substring(Window(Home).Property(showusb4),true)</visible>
		<visible>substring(Window(Home).Property(install),false)</visible>
		<visible>substring(Window(Home).Property(baserequirements),true)</visible>
		<posx>1280</posx>
		<posy>280</posy>
		<control type="button" id="1208">
			<description>Button4</description>
			<posx>0</posx>
			<posy>0</posy>
			<width>360</width>
			<height>360</height>
			<texturenofocus border="40,0,40,5">button_nofocus.png</texturenofocus>
			<texturefocus>list_focus.png</texturefocus>
			<ondown>1204</ondown>
			<onup>1201</onup>
			<onleft>1207</onleft>
			<onright>1205</onright>
		</control>
        	<control type="label">
            		<posx>0</posx>
            		<posy>50</posy>
            		<width>360</width>
            		<height>50</height>
            		<font>font30</font>
            		<textcolor>white</textcolor>
            		<align>center</align>
            		<aligny>center</aligny>
            		<label>[B]$INFO[Window(Home).Property(usb4)][/B]</label>
		</control>
        	<control type="label">
            		<posx>0</posx>
            		<posy>110</posy>
            		<width>360</width>
            		<height>50</height>
            		<font>font30</font>
            		<textcolor>white</textcolor>
            		<align>center</align>
            		<aligny>center</aligny>
            		<label>[B]$INFO[Window(Home).Property(usblabel4)][/B]</label>
		</control>
        	<control type="label">
            		<posx>0</posx>
            		<posy>170</posy>
            		<width>360</width>
            		<height>50</height>
            		<font>font30</font>
            		<textcolor>white</textcolor>
            		<align>center</align>
            		<aligny>center</aligny>
            		<label>[B]$INFO[Window(Home).Property(usbfstype4)][/B]</label>
		</control>
        	<control type="label">
			<visible>substring(Window(Home).Property(updating),false)</visible>
            		<posx>0</posx>
            		<posy>230</posy>
            		<width>360</width>
            		<height>50</height>
            		<font>font30</font>
            		<align>center</align>
            		<aligny>center</aligny>
            		<label>[B]$INFO[Window(Home).Property(usbmounted4)][/B]</label>
		</control>
        	<control type="label">
			<visible>substring(Window(Home).Property(updating),true)</visible>
            		<posx>0</posx>
            		<posy>230</posy>
            		<width>360</width>
            		<height>50</height>
            		<font>font30</font>
            		<align>center</align>
            		<aligny>center</aligny>
            		<label>[B][COLOR=orange]$ADDON[plugin.program.usbmanager 30007][/COLOR][/B]</label>
		</control>
	    </control>

	    <control type="group">
		<description>baserequirements</description>
		<include>Window_OpenClose_Animation_Zoom</include>
		<visible>substring(Window(Home).Property(install),false)</visible>
		<visible>substring(Window(Home).Property(baserequirements),false)</visible>
		<posx>0</posx>
		<posy>455</posy>
        	<control type="label">
            		<posx>0</posx>
            		<posy>0</posy>
            		<width>1280</width>
            		<height>120</height>
            		<font>font30_title</font>
            		<textcolor>white</textcolor>
            		<align>center</align>
            		<aligny>center</aligny>
            		<label>[B]$ADDON[plugin.program.usbmanager 30042][/B]</label>
		</control>
	    </control>

	    <control type="group">
		<description>install</description>
		<include>Window_OpenClose_Animation_Zoom</include>
		<visible>substring(Window(Home).Property(install),true)</visible>
		<posx>0</posx>
		<posy>385</posy>
        	<control type="label">
            		<posx>0</posx>
            		<posy>0</posy>
            		<width>1706</width>
            		<height>80</height>
            		<font>font30_title</font>
            		<textcolor>white</textcolor>
			<shadowcolor>black</shadowcolor>
            		<align>center</align>
            		<aligny>center</aligny>
            		<label>[B]$ADDON[plugin.program.usbmanager 30021][/B]</label>
		</control>
        	<control type="label">
            		<posx>0</posx>
            		<posy>80</posy>
            		<width>1706</width>
            		<height>80</height>
            		<font>font30_title</font>
            		<textcolor>white</textcolor>
			<shadowcolor>black</shadowcolor>
            		<align>center</align>
            		<aligny>center</aligny>
            		<label>[B]$INFO[Window(Home).Property(installmessage)][/B]</label>
		</control>
        	<control type="label">
            		<posx>0</posx>
            		<posy>160</posy>
            		<width>1706</width>
            		<height>80</height>
            		<font>font30</font>
            		<textcolor>white</textcolor>
			<shadowcolor>black</shadowcolor>
            		<align>center</align>
            		<aligny>center</aligny>
            		<label>[B]$INFO[Window(Home).Property(commandoutput)][/B]</label>
		</control>
	    </control>

	    <control type="group">
		<description>automountactive</description>
		<include>Window_OpenClose_Animation_Slide_Up</include>
		<include>VisibleFadeEffect</include>
		<visible>substring(Window(Home).Property(automount),true)</visible>
		<posx>0</posx>
		<posy>864</posy>
        	<control type="label">
            		<posx>0</posx>
            		<posy>30</posy>
            		<width>1706</width>
            		<height>40</height>
            		<font>font24</font>
            		<textcolor>white</textcolor>
			<shadowcolor>black</shadowcolor>
            		<align>center</align>
            		<aligny>center</aligny>
            		<label>[B]$ADDON[plugin.program.usbmanager 30052][/B]</label>
		</control>
	    </control>

	    <control type="group">
		<description>no storage devices</description>
		<include>Window_OpenClose_Animation_Zoom</include>
		<include>VisibleFadeEffect</include>
		<visible>substring(Window(Home).Property(install),false)</visible>
		<visible>substring(Window(Home).Property(baserequirements),true)</visible>
		<visible>substring(Window(Home).Property(showusb1),false)</visible>
		<visible>substring(Window(Home).Property(showusb2),false)</visible>
		<visible>substring(Window(Home).Property(showusb3),false)</visible>
		<visible>substring(Window(Home).Property(showusb4),false)</visible>
		<posx>0</posx>
		<posy>455</posy>
        	<control type="label">
            		<posx>0</posx>
            		<posy>0</posy>
            		<width>1706</width>
            		<height>40</height>
            		<font>font30_title</font>
            		<textcolor>white</textcolor>
			<shadowcolor>black</shadowcolor>
            		<align>center</align>
            		<aligny>center</aligny>
            		<label>[B]$ADDON[plugin.program.usbmanager 30053][/B]</label>
		</control>
	    </control>

	    <control type="group">
		<include>Window_OpenClose_Animation_Zoom</include>
		<posx>553</posx>
		<posy>240r</posy>
		<include>VisibleFadeEffect</include>
		<control type="button" id="1209">
			<description>Rescan Button</description>
			<posx>0</posx>
			<posy>0</posy>
			<width>600</width>
			<height>102</height>
			<texturenofocus border="40,0,40,5">button_nofocus.png</texturenofocus>
			<texturefocus>list_focus.png</texturefocus>
			<onup>1201</onup>
			<ondown>1212</ondown>
		</control>
        	<control type="label">
			<description>Link Button</description>
            		<posx>10</posx>
            		<posy>0</posy>
            		<width>580</width>
            		<height>102</height>
            		<font>font30</font>
            		<textcolor>white</textcolor>
            		<align>center</align>
            		<aligny>center</aligny>
            		<label>[B]$ADDON[plugin.program.usbmanager 30043][/B]</label>
		</control>
	    </control>
	    <include>NightMode</include>
	</controls>
</window>
