<?xml version="1.0" encoding="UTF-8"?>
<window>
	<defaultcontrol always="true">9000</defaultcontrol>
	<include>16x9_xPos_Relocation</include>
	<include>Window_OpenClose_Animation_Zoom</include>
	<coordinates>
		<posx>140</posx>
		<posy>80</posy>
	</coordinates>
	<controls>
		<include>BehindDialogFadeOut</include>
		<control type="image">
			<posx>0</posx>
			<posy>0</posy>
			<width>1000</width>
			<height>80</height>
			<texture border="5">dialog_header.png</texture>
		</control>
		<control type="label">
			<description>header label</description>
			<posx>20</posx>
			<posy>0</posy>
			<include>WindowTitleCommons</include>
			<width>910</width>
			<label>$INFO[Listitem.Artist]</label>
			<visible>container.content(Artists)</visible>
		</control>
		<control type="label">
			<description>header label</description>
			<posx>20</posx>
			<posy>0</posy>
			<include>WindowTitleCommons</include>
			<width>910</width>
			<label>$INFO[Listitem.Title]</label>
			<visible>container.content(Songs)</visible>
		</control>
		<control type="group">
			<posx>910</posx>
			<posy>0</posy>
			<include>DialogCloseButtonCommons</include>
		</control>
		<control type="image">
			<posx>0</posx>
			<posy>80</posy>
			<width>1000</width>
			<height>740</height>
			<texture>dialog_back.png</texture>
		</control>
		<control type="image">
			<posx>0</posx>
			<posy>80</posy>
			<width>1000</width>
			<height>660</height>
			<texture colordiffuse="40000000">panel.png</texture>
		</control>
		<control type="group">
			<visible>Container.Content(Songs)</visible>
			<posy>90</posy>
			<posx>20</posx>
			<include>VisibleFadeEffect</include>
			<control type="list" id="49">
				<posx>0</posx>
				<posy>0</posy>
				<width>960</width>
				<height>730</height>
				<onleft>49</onleft>
				<onright>49</onright>
				<onup>9000</onup>
				<ondown>61</ondown>
				<pagecontrol></pagecontrol>
				<scrolltime>200</scrolltime>
				<itemlayout height="30">
					<control type="label">
						<posx>0</posx>
						<posy>0</posy>
						<width>200</width>
						<height>30</height>
						<font>font20_title</font>
						<align>right</align>
						<aligny>center</aligny>
						<selectedcolor>selected</selectedcolor>
						<label>$INFO[ListItem.Label]</label>
					</control>
					<control type="label">
						<posx>210</posx>
						<posy>0</posy>
						<width>750</width>
						<height>30</height>
						<font>font20</font>
						<align>left</align>
						<aligny>center</aligny>
						<selectedcolor>white</selectedcolor>
						<label>$INFO[ListItem.Label2]</label>
					</control>
				</itemlayout>
				<focusedlayout height="30">
					<control type="label">
						<posx>0</posx>
						<posy>0</posy>
						<width>200</width>
						<height>30</height>
						<font>font20_title</font>
						<align>right</align>
						<aligny>center</aligny>
						<selectedcolor>selected</selectedcolor>
						<label>$INFO[ListItem.Label]</label>
					</control>
					<control type="label">
						<posx>210</posx>
						<posy>0</posy>
						<width>750</width>
						<height>30</height>
						<font>font20</font>
						<align>left</align>
						<aligny>center</aligny>
						<selectedcolor>white</selectedcolor>
						<label>$INFO[ListItem.Label2]</label>
					</control>
				</focusedlayout>
				<content>
					<item>
						<label>$LOCALIZE[557]:</label>
						<label2>$INFO[ListItem.Artist]</label2>
						<onclick>noop</onclick>
						<visible>!String.IsEmpty(ListItem.Artist)</visible>
					</item>
					<item>
						<label>$LOCALIZE[558]:</label>
						<label2>$INFO[ListItem.Album]$INFO[listitem.discnumber, - $LOCALIZE[427] ]</label2>
						<onclick>noop</onclick>
						<visible>!String.IsEmpty(ListItem.Album)</visible>
					</item>
					<item>
						<label>$LOCALIZE[515]:</label>
						<label2>$INFO[ListItem.Genre]</label2>
						<onclick>noop</onclick>
						<visible>!String.IsEmpty(ListItem.Genre)</visible>
					</item>
					<item>
						<label>$LOCALIZE[175]:</label>
						<label2>$INFO[ListItem.Mood]</label2>
						<onclick>noop</onclick>
						<visible>!String.IsEmpty(ListItem.Mood)</visible>
					</item>
					<item>
						<label>$LOCALIZE[562]:</label>
						<label2>$INFO[ListItem.Year]</label2>
						<onclick>noop</onclick>
						<visible>!String.IsEmpty(ListItem.Year)</visible>
					</item>
					<item>
						<label>$LOCALIZE[554]:</label>
						<label2>$INFO[ListItem.TrackNumber]</label2>
						<onclick>noop</onclick>
						<visible>!String.IsEmpty(ListItem.TrackNumber)</visible>
					</item>
					<item>
						<label>$LOCALIZE[563]:</label>
						<label2>$INFO[ListItem.RatingAndVotes]</label2>
						<onclick>noop</onclick>
						<visible>!String.IsEmpty(ListItem.RatingAndVotes)</visible>
					</item>
					<item>
						<label>$LOCALIZE[38018]:</label>
						<label2>$INFO[ListItem.Userrating]</label2>
						<onclick>noop</onclick>
						<visible>!String.IsEmpty(ListItem.Userrating)</visible>
					</item>
					<item>
						<label>$LOCALIZE[29903]:</label>
						<label2>$INFO[ListItem.Property(Role.Composer)]</label2>
						<onclick>noop</onclick>
						<visible>!String.IsEmpty(ListItem.Property(Role.Composer))</visible>
					</item>
					<item>
						<label>$LOCALIZE[29905]:</label>
						<label2>$INFO[ListItem.Property(Role.Conductor)]</label2>
						<onclick>noop</onclick>
						<visible>!String.IsEmpty(ListItem.Property(Role.Conductor))</visible>
					</item>
					<item>
						<label>$LOCALIZE[38034]:</label>
						<label2>$INFO[ListItem.Property(Role.Orchestra)]</label2>
						<onclick>noop</onclick>
						<visible>!String.IsEmpty(ListItem.Property(Role.Orchestra))</visible>
					</item>
					<item>
						<label>$LOCALIZE[38035]:</label>
						<label2>$INFO[ListItem.Property(Role.Lyricist)]</label2>
						<onclick>noop</onclick>
						<visible>!String.IsEmpty(ListItem.Property(Role.Lyricist))</visible>
					</item>
					<item>
						<label>$LOCALIZE[38036]:</label>
						<label2>$INFO[ListItem.Property(Role.Remixer)]</label2>
						<onclick>noop</onclick>
						<visible>!String.IsEmpty(ListItem.Property(Role.Remixer))</visible>
					</item>
					<item>
						<label>$LOCALIZE[38037]:</label>
						<label2>$INFO[ListItem.Property(Role.Arranger)]</label2>
						<onclick>noop</onclick>
						<visible>!String.IsEmpty(ListItem.Property(Role.Arranger))</visible>
					</item>
					<item>
						<label>$LOCALIZE[38038]:</label>
						<label2>$INFO[ListItem.Property(Role.Engineer)]</label2>
						<onclick>noop</onclick>
						<visible>!String.IsEmpty(ListItem.Property(Role.Engineer))</visible>
					</item>
					<item>
						<label>$LOCALIZE[38039]:</label>
						<label2>$INFO[ListItem.Property(Role.Producer)]</label2>
						<onclick>noop</onclick>
						<visible>!String.IsEmpty(ListItem.Property(Role.Producer))</visible>
					</item>
					<item>
						<label>$LOCALIZE[38040]:</label>
						<label2>$INFO[ListItem.Property(Role.DJMixer)]</label2>
						<onclick>noop</onclick>
						<visible>!String.IsEmpty(ListItem.Property(Role.DJMixer))</visible>
					</item>
					<item>
						<label>$LOCALIZE[38041]:</label>
						<label2>$INFO[ListItem.Property(Role.Mixer)]</label2>
						<onclick>noop</onclick>
						<visible>!String.IsEmpty(ListItem.Property(Role.Mixer))</visible>
					</item>
				</content>
			</control>
		</control>
		<control type="group">
			<visible>Container.Content(Albums) + !Control.IsVisible(50)</visible>
			<posy>90</posy>
			<posx>20</posx>
			<include>VisibleFadeEffect</include>
			<control type="image">
				<posx>0</posx>
				<posy>0</posy>
				<width>260</width>
				<height>360</height>
				<aspectratio>keep</aspectratio>
				<texture background="true">$INFO[ListItem.Icon]</texture>
			</control>
			<control type="textbox">
				<description>Description Value for Albums</description>
				<posx>280</posx>
				<posy>0</posy>
				<width>650</width>
				<height>375</height>
				<font>font20</font>
				<pagecontrol>60</pagecontrol>
				<label>$INFO[ListItem.Property(Album_Description)]</label>
			</control>
			<control type="scrollbar" id="60">
				<posx>942</posx>
				<posy>30</posy>
				<width>26</width>
				<height>315</height>
				<texturesliderbackground colordiffuse="30FFFFFF">white.png</texturesliderbackground>
				<texturesliderbar colordiffuse="grey">white.png</texturesliderbar>
				<texturesliderbarfocus colordiffuse="blue">white.png</texturesliderbarfocus>
				<textureslidernib>blank.png</textureslidernib>
				<textureslidernibfocus>blank.png</textureslidernibfocus>
				<onleft>3</onleft>
				<onright>3</onright>
				<ondown>60</ondown>
				<onup>60</onup>
				<showonepage>false</showonepage>
				<orientation>vertical</orientation>
				<animation effect="fade" time="150">Visible</animation>
				<animation effect="fade" time="150">Hidden</animation>
			</control>
			<control type="image">
				<posx>0</posx>
				<posy>390</posy>
				<width>960</width>
				<height>2</height>
				<texture border="2">separator.png</texture>
			</control>
			<control type="list" id="49">
				<posx>0</posx>
				<posy>400</posy>
				<width>960</width>
				<height>330</height>
				<onleft>49</onleft>
				<onright>49</onright>
				<onup>9000</onup>
				<ondown>61</ondown>
				<pagecontrol></pagecontrol>
				<scrolltime>200</scrolltime>
				<itemlayout height="30">
					<control type="label">
						<posx>0</posx>
						<posy>0</posy>
						<width>200</width>
						<height>30</height>
						<font>font20_title</font>
						<align>right</align>
						<aligny>center</aligny>
						<selectedcolor>selected</selectedcolor>
						<label>$INFO[ListItem.Label]</label>
					</control>
					<control type="label">
						<posx>210</posx>
						<posy>0</posy>
						<width>750</width>
						<height>30</height>
						<font>font20</font>
						<align>left</align>
						<aligny>center</aligny>
						<selectedcolor>white</selectedcolor>
						<label>$INFO[ListItem.Label2]</label>
					</control>
				</itemlayout>
				<focusedlayout height="30">
					<control type="label">
						<posx>0</posx>
						<posy>0</posy>
						<width>200</width>
						<height>30</height>
						<font>font20_title</font>
						<align>right</align>
						<aligny>center</aligny>
						<selectedcolor>selected</selectedcolor>
						<label>$INFO[ListItem.Label]</label>
					</control>
					<control type="label">
						<posx>210</posx>
						<posy>0</posy>
						<width>750</width>
						<height>30</height>
						<font>font20</font>
						<align>left</align>
						<aligny>center</aligny>
						<selectedcolor>white</selectedcolor>
						<label>$INFO[ListItem.Label2]</label>
					</control>
				</focusedlayout>
				<content>
					<item>
						<label>$LOCALIZE[557]:</label>
						<label2>$INFO[ListItem.Artist]</label2>
						<onclick>noop</onclick>
						<visible>!String.IsEmpty(ListItem.Artist)</visible>
					</item>
					<item>
						<label>$LOCALIZE[515]:</label>
						<label2>$INFO[ListItem.Genre]</label2>
						<onclick>noop</onclick>
						<visible>!String.IsEmpty(ListItem.Genre)</visible>
					</item>
					<item>
						<label>$LOCALIZE[563]:</label>
						<label2>$INFO[ListItem.Rating]</label2>
						<onclick>noop</onclick>
						<visible>!String.IsEmpty(ListItem.Rating)</visible>
					</item>
					<item>
						<label>$LOCALIZE[175]:</label>
						<label2>$INFO[ListItem.Property(Album_Mood)]</label2>
						<onclick>noop</onclick>
						<visible>!String.IsEmpty(ListItem.Property(Album_Mood))</visible>
					</item>
					<item>
						<label>$LOCALIZE[176]:</label>
						<label2>$INFO[ListItem.Property(Album_Style)]</label2>
						<onclick>noop</onclick>
						<visible>!String.IsEmpty(ListItem.Property(Album_Style))</visible>
					</item>
					<item>
						<label>$LOCALIZE[21895]:</label>
						<label2>$INFO[ListItem.Property(Album_Theme)]</label2>
						<onclick>noop</onclick>
						<visible>!String.IsEmpty(ListItem.Property(Album_Theme))</visible>
					</item>
					<item>
						<label>$LOCALIZE[21899]:</label>
						<label2>$INFO[ListItem.Property(Album_Label)]</label2>
						<onclick>noop</onclick>
						<visible>!String.IsEmpty(ListItem.Property(Album_Label))</visible>
					</item>
					<item>
						<label>$LOCALIZE[562]:</label>
						<label2>$INFO[ListItem.Year]</label2>
						<onclick>noop</onclick>
						<visible>!String.IsEmpty(ListItem.Year)</visible>
					</item>
				</content>
			</control>
		</control>
		<control type="group">
			<visible>Container.Content(Artists) + !Control.IsVisible(50)</visible>
			<posy>90</posy>
			<posx>20</posx>
			<include>VisibleFadeEffect</include>
			<control type="image">
				<posx>0</posx>
				<posy>0</posy>
				<width>260</width>
				<height>360</height>
				<aspectratio>keep</aspectratio>
				<texture background="true">$INFO[ListItem.Icon]</texture>
			</control>
			<control type="textbox">
				<description>Description Value for Artists</description>
				<posx>280</posx>
				<posy>0</posy>
				<width>650</width>
				<height>375</height>
				<font>font20</font>
				<pagecontrol>60</pagecontrol>
				<label>$INFO[ListItem.Property(Artist_Description)]</label>
			</control>
			<control type="scrollbar" id="60">
				<posx>942</posx>
				<posy>30</posy>
				<width>26</width>
				<height>315</height>
				<texturesliderbackground colordiffuse="30FFFFFF">white.png</texturesliderbackground>
				<texturesliderbar colordiffuse="grey">white.png</texturesliderbar>
				<texturesliderbarfocus colordiffuse="blue">white.png</texturesliderbarfocus>
				<textureslidernib>blank.png</textureslidernib>
				<textureslidernibfocus>blank.png</textureslidernibfocus>
				<onleft>3</onleft>
				<onright>3</onright>
				<ondown>60</ondown>
				<onup>60</onup>
				<showonepage>false</showonepage>
				<orientation>vertical</orientation>
				<animation effect="fade" time="150">Visible</animation>
				<animation effect="fade" time="150">Hidden</animation>
			</control>
			<control type="image">
				<posx>0</posx>
				<posy>390</posy>
				<width>960</width>
				<height>2</height>
				<texture border="2">separator.png</texture>
			</control>
			<control type="list" id="49">
				<posx>0</posx>
				<posy>400</posy>
				<width>960</width>
				<height>330</height>
				<onleft>49</onleft>
				<onright>49</onright>
				<onup>9000</onup>
				<ondown>61</ondown>
				<pagecontrol></pagecontrol>
				<scrolltime>200</scrolltime>
				<itemlayout height="30">
					<control type="label">
						<posx>0</posx>
						<posy>0</posy>
						<width>200</width>
						<height>30</height>
						<font>font20_title</font>
						<align>right</align>
						<aligny>center</aligny>
						<selectedcolor>selected</selectedcolor>
						<label>$INFO[ListItem.Label]</label>
					</control>
					<control type="label">
						<posx>210</posx>
						<posy>0</posy>
						<width>750</width>
						<height>30</height>
						<font>font20</font>
						<align>left</align>
						<aligny>center</aligny>
						<selectedcolor>white</selectedcolor>
						<label>$INFO[ListItem.Label2]</label>
					</control>
				</itemlayout>
				<focusedlayout height="30">
					<control type="label">
						<posx>0</posx>
						<posy>0</posy>
						<width>200</width>
						<height>30</height>
						<font>font20_title</font>
						<align>right</align>
						<aligny>center</aligny>
						<selectedcolor>selected</selectedcolor>
						<label>$INFO[ListItem.Label]</label>
					</control>
					<control type="label">
						<posx>210</posx>
						<posy>0</posy>
						<width>750</width>
						<height>30</height>
						<font>font20</font>
						<align>left</align>
						<aligny>center</aligny>
						<selectedcolor>white</selectedcolor>
						<label>$INFO[ListItem.Label2]</label>
					</control>
				</focusedlayout>
				<content>
					<item>
						<label>$LOCALIZE[21893]:</label>
						<label2>$INFO[ListItem.Property(Artist_Born)]</label2>
						<onclick>noop</onclick>
						<visible>!String.IsEmpty(ListItem.Property(Artist_Born))</visible>
					</item>
					<item>
						<label>$LOCALIZE[21894]:</label>
						<label2>$INFO[ListItem.Property(Artist_Formed)]</label2>
						<onclick>noop</onclick>
						<visible>!String.IsEmpty(ListItem.Property(Artist_Formed))</visible>
					</item>
					<item>
						<label>$LOCALIZE[515]:</label>
						<label2>$INFO[ListItem.Genre]</label2>
						<onclick>noop</onclick>
						<visible>!String.IsEmpty(ListItem.Genre)</visible>
					</item>
					<item>
						<label>$LOCALIZE[175]:</label>
						<label2>$INFO[ListItem.Property(Artist_Mood)]</label2>
						<onclick>noop</onclick>
						<visible>!String.IsEmpty(ListItem.Property(Artist_Mood))</visible>
					</item>
					<item>
						<label>$LOCALIZE[176]:</label>
						<label2>$INFO[ListItem.Property(Artist_Style)]</label2>
						<onclick>noop</onclick>
						<visible>!String.IsEmpty(ListItem.Property(Artist_Style))</visible>
					</item>
					<item>
						<label>$LOCALIZE[21897]:</label>
						<label2>$INFO[ListItem.Property(Artist_Died)]</label2>
						<onclick>noop</onclick>
						<visible>!String.IsEmpty(ListItem.Property(Artist_Died))</visible>
					</item>
					<item>
						<label>$LOCALIZE[21896]:</label>
						<label2>$INFO[ListItem.Property(Artist_Disbanded)]</label2>
						<onclick>noop</onclick>
						<visible>!String.IsEmpty(ListItem.Property(Artist_Disbanded))</visible>
					</item>
					<item>
						<label>$LOCALIZE[21898]:</label>
						<label2>$INFO[ListItem.Property(Artist_YearsActive)]</label2>
						<onclick>noop</onclick>
						<visible>!String.IsEmpty(ListItem.Property(Artist_YearsActive))</visible>
					</item>
				</content>
			</control>
		</control>
		<control type="panel" id="50">
			<posx>0</posx>
			<posy>80</posy>
			<width>1000</width>
			<height>660</height>
			<onup>50</onup>
			<onleft>50</onleft>
			<onright>50</onright>
			<ondown>50</ondown>
			<pagecontrol></pagecontrol>
			<scrolltime>200</scrolltime>
			<include>VisibleFadeEffect</include>
			<visible>[Container.Content(Artists) + !String.IsEmpty(Window.Property(ShowAlbumList))] | [Container.Content(Albums) + !String.IsEmpty(Window.Property(ShowSongList))]</visible>
			<itemlayout condition="Container.Content(Albums)" height="60" width="1000">
				<control type="image">
					<posx>0</posx>
					<posy>0</posy>
					<width>1000</width>
					<height>60</height>
					<texture border="40,0,40,5">list_nofocus.png</texture>
				</control>
				<control type="label">
					<posx>30</posx>
					<posy>0</posy>
					<width>940</width>
					<height>60</height>
					<font>font20</font>
					<align>left</align>
					<aligny>center</aligny>
					<label>([B]$INFO[ListItem.TrackNumber][/B]) - $INFO[ListItem.Label]</label>
				</control>
				<control type="label">
					<posx>470</posx>
					<posy>0</posy>
					<width>500</width>
					<height>60</height>
					<font>font20</font>
					<align>right</align>
					<aligny>center</aligny>
					<label>$INFO[ListItem.Duration]</label>
				</control>
			</itemlayout>
			<focusedlayout condition="Container.Content(Albums)" height="60" width="700">
				<control type="image">
					<posx>0</posx>
					<posy>0</posy>
					<width>1000</width>
					<height>60</height>
					<texture>list_focus.png</texture>
				</control>
				<control type="label">
					<posx>30</posx>
					<posy>0</posy>
					<width>940</width>
					<height>60</height>
					<font>font20</font>
					<align>left</align>
					<aligny>center</aligny>
					<label>([B]$INFO[ListItem.TrackNumber][/B]) - $INFO[ListItem.Label]</label>
				</control>
				<control type="label">
					<posx>470</posx>
					<posy>0</posy>
					<width>500</width>
					<height>60</height>
					<font>font20</font>
					<align>right</align>
					<aligny>center</aligny>
					<label>$INFO[ListItem.Duration]</label>
				</control>
			</focusedlayout>
			<itemlayout condition="Container.Content(Artists)" height="330" width="333">
				<control type="image">
					<posx>26</posx>
					<posy>15</posy>
					<width>280</width>
					<height>280</height>
					<texture>$INFO[ListItem.Icon]</texture>
					<aspectratio>stretch</aspectratio>
				</control>
				<control type="label">
					<posx>15</posx>
					<posy>285</posy>
					<width>303</width>
					<height>40</height>
					<font>font20</font>
					<align>center</align>
					<aligny>center</aligny>
					<label>$INFO[ListItem.Label]</label>
				</control>
			</itemlayout>
			<focusedlayout condition="Container.Content(Artists)" height="330" width="333">
				<control type="image">
					<posx>26</posx>
					<posy>15</posy>
					<width>280</width>
					<height>280</height>
					<texture>$INFO[ListItem.Icon]</texture>
					<aspectratio>stretch</aspectratio>
				</control>
				<control type="image">
					<posx>5</posx>
					<posy>5</posy>
					<width>323</width>
					<height>320</height>
					<texture border="5">thumb_focus.png</texture>
				</control>
				<control type="label">
					<posx>15</posx>
					<posy>285</posy>
					<width>303</width>
					<height>40</height>
					<font>font20</font>
					<align>center</align>
					<aligny>center</aligny>
					<label>$INFO[ListItem.Label]</label>
				</control>
			</focusedlayout>
		</control>
		<control type="grouplist" id="9000">
			<posx>0</posx>
			<posy>730</posy>
			<width>1000</width>
			<height>80</height>
			<itemgap>10</itemgap>
			<align>center</align>
			<orientation>horizontal</orientation>
			<onleft>9000</onleft>
			<onright>9000</onright>
			<onup>50</onup>
			<ondown>49</ondown>
			<control type="button" id="6">
				<description>Refresh</description>
				<width>235</width>
				<include>ButtonInfoDialogsCommonValues</include>
				<label></label>
			</control>
			<control type="button" id="10">
				<description>Get Thumb</description>
				<width>235</width>
				<include>ButtonInfoDialogsCommonValues</include>
				<label></label>
			</control>
			<control type="button" id="12">
				<description>Get Fanart</description>
				<width>235</width>
				<include>ButtonInfoDialogsCommonValues</include>
				<label></label>
			</control>
			<control type="button" id="7">
				<description>Rating button</description>
				<width>235</width>
				<include>ButtonInfoDialogsCommonValues</include>
				<label></label>
			</control>
			<control type="togglebutton" id="900">
				<description>list / info button</description>
				<width>235</width>
				<include>ButtonInfoDialogsCommonValues</include>
				<alttexturefocus>list_focus.png</alttexturefocus>
				<alttexturenofocus>button_nofocus.png</alttexturenofocus>
				<label>21888</label>
				<altlabel>19033</altlabel>
				<usealttexture>!String.IsEmpty(Window.Property(ShowAlbumList))</usealttexture>
				<onclick condition="String.IsEmpty(Window.Property(ShowAlbumList))">SetProperty(ShowAlbumList, show)</onclick>
				<onclick condition="!String.IsEmpty(Window.Property(ShowAlbumList))">ClearProperty(ShowAlbumList)</onclick>
				<visible>Container.Content(Artists)</visible>
			</control>
			<control type="togglebutton" id="900">
				<description>list / info button</description>
				<width>235</width>
				<include>ButtonInfoDialogsCommonValues</include>
				<alttexturefocus>list_focus.png</alttexturefocus>
				<alttexturenofocus>button_nofocus.png</alttexturenofocus>
				<label>182</label>
				<altlabel>19033</altlabel>
				<usealttexture>!String.IsEmpty(Window.Property(ShowSongList))</usealttexture>
				<onclick condition="String.IsEmpty(Window.Property(ShowSongList))">SetProperty(ShowSongList, show)</onclick>
				<onclick condition="!String.IsEmpty(Window.Property(ShowSongList))">ClearProperty(ShowSongList)</onclick>
				<visible>Container.Content(Albums)</visible>
			</control>
		</control>
	</controls>
</window>
