<window id="1998">
	<defaultcontrol always="true">5001</defaultcontrol>
	<allowoverlay>no</allowoverlay>
	<onload>Skin.Reset(sysevent)</onload>
        <controls>
		<include>CommonBackground</include>
		<include>Header</include>
		<include>Footer</include>
		<include>CommonNowPlaying</include>
		<include>ShutdownCenter</include>		
		<include>ShutdownButton1</include>
		<include>ShutdownButton2</include>
		<include>ShutdownButton3</include>
		<include>ShutdownButton4</include>

		<control type="label">
			<include>Window_OpenClose_Animation_Slide_Up</include>
			<description>Window label</description>
			<include>MediaWindowTitleCommons</include>
			<label>$LOCALIZE[40021]</label>
		</control>
		<control type="panel" id="9002">
			<include>Window_OpenClose_Animation_Slide_Up</include>
			<include>BottomMenuLayout</include>
			<content>
				<item>
					<label>31200</label>
					<onclick>Back</onclick>
					<icon>icon_button_back.png</icon>
				</item>
			</content>
		</control>

		<control type="group">
		<include>Window_OpenClose_Animation_Zoom</include>
			<posx>-96</posx>
			<posy>305</posy>
			<include>VisibleFadeEffect</include>
			<visible>Skin.HasSetting(sysevent)</visible>
			<control type="label">
			    <visible>substring(Window(Home).Property(syseventshutdown),true)</visible>
			    <description>shutdown</description>
			    <label>[B]$LOCALIZE[40066][/B]</label>
			    <align>center</align>
			    <aligny>center</aligny>
			    <font>font30_title</font>
			    <height>80</height>
			    <width>1706</width>
			    <shadowcolor>black</shadowcolor>
			</control>
			<control type="label">
			    <visible>substring(Window(Home).Property(syseventreboot),true)</visible>
			    <description>reboot</description>
			    <label>[B]$LOCALIZE[40067][/B]</label>
			    <align>center</align>
			    <aligny>center</aligny>
			    <font>font30_title</font>
			    <height>80</height>
			    <width>1706</width>
			    <shadowcolor>black</shadowcolor>
			</control>
		</control>
   </controls>      
</window>
