<?xml version="1.0" encoding="UTF-8"?>
<window>
	<defaultcontrol always="true">49</defaultcontrol>
	<include>16x9_xPos_Relocation</include>
	<include>Window_OpenClose_Animation_Zoom</include>
	<coordinates>
		<posx>140</posx>
		<posy>80</posy>
	</coordinates>
	<controls>
		<include>BehindDialogFadeOut</include>
		<control type="image">
			<posx>0</posx>
			<posy>0</posy>
			<width>1000</width>
			<height>60</height>
			<texture border="5">dialog_header.png</texture>
		</control>
		<control type="image">
			<posx>0</posx>
			<posy>60</posy>
			<width>1000</width>
			<height>740</height>
			<texture>dialog_back.png</texture>
		</control>
		<control type="label">
			<description>header label</description>
			<posx>20</posx>
			<posy>0</posy>
			<include>WindowTitleCommons</include>
			<width>960</width>
			<label>$LOCALIZE[287]</label>
		</control>
		<control type="group">
			<posx>930</posx>
			<posy>0</posy>
			<include>DialogCloseButtonCommons</include>
		</control>
		<control type="label" id="100">
			<description>textarea</description>
			<posx>20</posx>
			<posy>60</posy>
			<width>960</width>
			<height>40</height>
			<font>font20_title</font>
			<align>center</align>
			<aligny>center</aligny>
		</control>
		<control type="group" id="250">
			<control type="image">
				<posx>0</posx>
				<posy>100</posy>
				<width>940</width>
				<height>560</height>
				<texture colordiffuse="40000000">panel.png</texture>
			</control>
			<control type="list" id="120">
				<posx>0</posx>
				<posy>100</posy>
				<width>940</width>
				<height>560</height>
				<onleft>120</onleft>
				<onright>120</onright>
				<onup>120</onup>
				<ondown>120</ondown>
				<viewtype label="535">list</viewtype>
				<pagecontrol>60</pagecontrol>
				<scrolltime>200</scrolltime>
				<itemlayout width="940" height="80">
					<control type="image">
						<posx>0</posx>
						<posy>0</posy>
						<width>940</width>
						<height>80</height>
						<texture border="40,0,40,5">list_nofocus.png</texture>
					</control>
					<control type="label">
						<posx>20</posx>
						<posy>10</posy>
						<width>900</width>
						<height>25</height>
						<font>font22</font>
						<aligny>center</aligny>
						<selectedcolor>selected</selectedcolor>
						<align>left</align>
						<label>$INFO[ListItem.Label2]</label>
					</control>
					<control type="image">
						<posx>20</posx>
						<posy>44</posy>
						<width>30</width>
						<height>20</height>
						<texture>$INFO[Listitem.Thumb,subtitles/flags/,.gif]</texture>
					</control>
					<control type="label">
						<posx>55</posx>
						<posy>40</posy>
						<width>80</width>
						<height>25</height>
						<font>font20</font>
						<aligny>center</aligny>
						<selectedcolor>selected</selectedcolor>
						<align>left</align>
						<label>$INFO[ListItem.Label]</label>
					</control>
					<control type="image">
						<posx>755</posx>
						<posy>35</posy>
						<width>60</width>
						<height>35</height>
						<texture border="5">flagging/blank.png</texture>
						<visible>ListItem.property(sync)</visible>
					</control>
					<control type="label">
						<posx>760</posx>
						<posy>35</posy>
						<width>50</width>
						<height>35</height>
						<font>font11_title</font>
						<textcolor>white</textcolor>
						<align>center</align>
						<aligny>center</aligny>
						<label>[B]$LOCALIZE[31552][/B]</label>
						<visible>ListItem.property(sync)</visible>
					</control>
					<control type="image">
						<posx>820</posx>
						<posy>40</posy>
						<width>100</width>
						<height>25</height>
						<aspectratio align="right">keep</aspectratio>
						<texture>$INFO[ListItem.ActualIcon,subtitles/rating/rating,.png]</texture>
					</control>
				</itemlayout>
				<focusedlayout width="940" height="80">
					<control type="image">
						<posx>0</posx>
						<posy>0</posy>
						<width>940</width>
						<height>80</height>
						<texture border="40,0,40,5">list_nofocus.png</texture>
						<visible>!Control.HasFocus(120)</visible>
					</control>
					<control type="image">
						<posx>0</posx>
						<posy>0</posy>
						<width>940</width>
						<height>80</height>
						<texture>list_focus.png</texture>
						<visible>Control.HasFocus(120)</visible>
					</control>
					<control type="label">
						<posx>20</posx>
						<posy>10</posy>
						<width>900</width>
						<height>25</height>
						<font>font22</font>
						<aligny>center</aligny>
						<selectedcolor>selected</selectedcolor>
						<align>left</align>
						<label>$INFO[ListItem.Label2]</label>
					</control>
					<control type="image">
						<posx>20</posx>
						<posy>44</posy>
						<width>30</width>
						<height>20</height>
						<texture>$INFO[Listitem.Thumb,subtitles/flags/,.gif]</texture>
					</control>
					<control type="label">
						<posx>55</posx>
						<posy>40</posy>
						<width>80</width>
						<height>25</height>
						<font>font20</font>
						<aligny>center</aligny>
						<selectedcolor>selected</selectedcolor>
						<align>left</align>
						<label>$INFO[ListItem.Label]</label>
					</control>
					<control type="image">
						<posx>755</posx>
						<posy>35</posy>
						<width>60</width>
						<height>35</height>
						<texture border="5">flagging/blank.png</texture>
						<visible>ListItem.property(sync)</visible>
					</control>
					<control type="label">
						<posx>760</posx>
						<posy>35</posy>
						<width>50</width>
						<height>35</height>
						<font>font11_title</font>
						<textcolor>white</textcolor>
						<align>center</align>
						<aligny>center</aligny>
						<label>[B]$LOCALIZE[31552][/B]</label>
						<visible>ListItem.property(sync)</visible>
					</control>
					<control type="image">
						<posx>820</posx>
						<posy>40</posy>
						<width>100</width>
						<height>25</height>
						<aspectratio align="right">keep</aspectratio>
						<texture>$INFO[ListItem.ActualIcon,subtitles/rating/rating,.png]</texture>
					</control>
				</focusedlayout>
			</control>
			<control type="scrollbar" id="60">
				<posx>957</posx>
				<posy>130</posy>
				<width>26</width>
				<height>500</height>
				<texturesliderbackground colordiffuse="30FFFFFF">white.png</texturesliderbackground>
				<texturesliderbar colordiffuse="grey">white.png</texturesliderbar>
				<texturesliderbarfocus colordiffuse="blue">white.png</texturesliderbarfocus>
				<textureslidernib>blank.png</textureslidernib>
				<textureslidernibfocus>blank.png</textureslidernibfocus>
				<onleft>3</onleft>
				<onright>3</onright>
				<ondown>60</ondown>
				<onup>60</onup>
				<showonepage>false</showonepage>
				<orientation>vertical</orientation>
				<animation effect="fade" time="150">Visible</animation>
				<animation effect="fade" time="150">Hidden</animation>
			</control>
			<control type="grouplist" id="9000">
				<posx>0</posx>
				<posy>730</posy>
				<width>1000</width>
				<height>60</height>
				<itemgap>10</itemgap>
				<align>center</align>
				<orientation>horizontal</orientation>
				<onleft>9000</onleft>
				<onright>9000</onright>
				<onup>50</onup>
				<ondown>49</ondown>
				<control type="button">
					<description>Subtitle chooser Button</description>
					<width>300</width>
					<include>ButtonInfoDialogsCommonValues</include>
					<label>19101</label>
					<onclick>Skin.ToggleSetting(SubtitleSourceChooserVisible)</onclick>
				</control>
				<control type="button" id="160">
					<description>Refresh</description>
					<width>300</width>
					<include>ButtonInfoDialogsCommonValues</include>
					<label>24120</label>
				</control>
			</control>
		</control>
		<control type="group">
			<posx>380</posx>
			<posy>125</posy>
			<visible>Skin.HasSetting(SubtitleSourceChooserVisible)</visible>
			<include>VisibleFadeEffect</include>
			<include>BehindDialogFadeOut</include>
			<control type="image">
				<posx>0</posx>
				<posy>0</posy>
				<width>320</width>
				<height>60</height>
				<texture border="5">dialog_header.png</texture>
			</control>
			<control type="image">
				<posx>0</posx>
				<posy>60</posy>
				<width>320</width>
				<height>490</height>
				<texture>dialog_back.png</texture>
			</control>
			<control type="label">
				<description>header label</description>
				<posx>20</posx>
				<posy>0</posy>
				<include>WindowTitleCommons</include>
				<width>220</width>
				<label>$LOCALIZE[19101]</label>
			</control>
			<control type="group">
				<posx>250</posx>
				<posy>0</posy>
				<control type="image">
					<posx>0</posx>
					<posy>0</posy>
					<width>2</width>
					<height>59</height>
					<texture border="2">separator.png</texture>
					<colordiffuse>FF464646</colordiffuse>
				</control>
				<control type="button">
					<description>Close Button</description>
					<posx>4</posx>
					<posy>0</posy>
					<width>60</width>
					<height>60</height>
					<font></font>
					<onclick>Skin.ToggleSetting(SubtitleSourceChooserVisible)</onclick>
					<texturefocus>icon_dialog_close.png</texturefocus>
					<texturenofocus>icon_dialog_close.png</texturenofocus>
				</control>
			</control>
			<control type="image">
				<posx>0</posx>
				<posy>60</posy>
				<width>320</width>
				<height>490</height>
				<texture colordiffuse="40000000">panel.png</texture>
			</control>
			<control type="panel" id="150">
				<posx>0</posx>
				<posy>60</posy>
				<width>320</width>
				<height>490</height>
				<onleft>150</onleft>
				<onright>150</onright>
				<onup>160</onup>
				<ondown>160</ondown>
				<viewtype label="535">list</viewtype>
				<scrolltime>200</scrolltime>
				<itemlayout width="320" height="70">
					<control type="image">
						<posx>0</posx>
						<posy>0</posy>
						<width>320</width>
						<height>70</height>
						<texture border="40,0,40,5">list_nofocus.png</texture>
					</control>
					<control type="label">
						<posx>10</posx>
						<posy>0</posy>
						<width>300</width>
						<height>70</height>
						<font>font20</font>
						<aligny>center</aligny>
						<selectedcolor>selected</selectedcolor>
						<align>center</align>
						<label>$INFO[ListItem.Label]</label>
					</control>
				</itemlayout>
				<focusedlayout width="320" height="70">
					<control type="image">
						<posx>0</posx>
						<posy>0</posy>
						<width>320</width>
						<height>70</height>
						<texture>list_focus.png</texture>
					</control>
					<control type="label">
						<posx>10</posx>
						<posy>0</posy>
						<width>300</width>
						<height>70</height>
						<font>font20</font>
						<aligny>center</aligny>
						<selectedcolor>selected</selectedcolor>
						<align>center</align>
						<label>$INFO[ListItem.Label]</label>
					</control>
				</focusedlayout>
			</control>
		</control>
		<control type="image" id="110">
			<posx>-10</posx>
			<posy>-10</posy>
			<width>1</width>
			<height>1</height>
		</control>
		<control type="group" id="111">
		</control>
	</controls>
</window>
