<?xml version="1.0" encoding="UTF-8"?>
<window>
	<defaultcontrol always="true">20</defaultcontrol>
	<include>16x9_xPos_Relocation</include>
	<include>Window_OpenClose_Animation_Zoom</include>
	<coordinates>
		<posx>50</posx>
		<posy>80</posy>
	</coordinates>
	<controls>
		<include>BehindDialogFadeOut</include>
		<control type="image">
			<posx>0</posx>
			<posy>0</posy>
			<width>1160</width>
			<height>60</height>
			<texture border="5">dialog_header.png</texture>
		</control>
		<control type="label">
			<posx>20</posx>
			<posy>0</posy>
			<include>WindowTitleCommons</include>
			<width>1070</width>
			<label>$LOCALIZE[15020]</label>
		</control>
		<control type="group">
			<posx>1090</posx>
			<posy>0</posy>
			<include>DialogCloseButtonCommons</include>
		</control>
		<control type="image">
			<posx>0</posx>
			<posy>60</posy>
			<width>1160</width>
			<height>740</height>
			<texture>dialog_back.png</texture>
		</control>
		<control type="group">
			<posx>20</posx>
			<posy>65</posy>
			<control type="button">
				<description>left Arrow</description>
				<posx>0</posx>
				<posy>10</posy>
				<width>24</width>
				<height>40</height>
				<texturefocus>arrow_left.png</texturefocus>
				<texturenofocus>arrow_left.png</texturenofocus>
				<onclick>Control.Move(9000,-1)</onclick>
				<include>VisibleFadeEffect</include>
			</control>
			<control type="button">
				<description>right Arrow</description>
				<posx>1100</posx>
				<posy>10</posy>
				<width>24</width>
				<height>40</height>
				<texturefocus>arrow_right.png</texturefocus>
				<texturenofocus>arrow_right.png</texturenofocus>
				<onclick>Control.Move(9000,1)</onclick>
				<include>VisibleFadeEffect</include>
			</control>
		</control>
		<control type="list" id="9000">
			<posx>67</posx>
			<posy>70</posy>
			<width>1035</width>
			<height>60</height>
			<orientation>horizontal</orientation>
			<onup>9001</onup>
			<ondown>9001</ondown>
			<onleft>20</onleft>
			<onright>20</onright>
			<itemlayout width="345" height="50">
				<control type="image">
					<posx>0</posx>
					<posy>0</posy>
					<width>340</width>
					<height>50</height>
					<texture>button_nofocus.png</texture>
				</control>
				<control type="label">
					<posx>10</posx>
					<posy>0</posy>
					<width>320</width>
					<height>50</height>
					<textcolor>white</textcolor>
					<font>font20_title</font>
					<label>$INFO[ListItem.Label]</label>
					<scroll>false</scroll>
					<scrollspeed>0</scrollspeed>
					<align>center</align>
					<aligny>center</aligny>
				</control>
			</itemlayout>
			<focusedlayout width="345" height="40">
				<control type="image">
					<posx>0</posx>
					<posy>0</posy>
					<width>340</width>
					<height>50</height>
					<texture>list_focus.png</texture>
					<animation effect="fade" start="100" end="50" time="0" condition="!Control.HasFocus(9000)">conditional</animation>
				</control>
				<control type="label">
					<posx>10</posx>
					<posy>0</posy>
					<width>320</width>
					<height>50</height>
					<textcolor>white</textcolor>
					<font>font20_title</font>
					<label>$INFO[ListItem.Label]</label>
					<scroll>false</scroll>
					<scrollspeed>0</scrollspeed>
					<align>center</align>
					<aligny>center</aligny>
				</control>
			</focusedlayout>
		</control>
		<control type="textbox">
			<posx>20</posx>
			<posy>135</posy>
			<width>1120</width>
			<height>50</height>
			<font>font20_title</font>
			<align>center</align>
			<label>$INFO[Container(9000).ListItem.Label2]</label>
		</control>
		<control type="group" id="200">
			<posx>0</posx>
			<posy>210</posy>
			<width>1200</width>
			<height>500</height>
			<ondown>9001</ondown>
			<onup>9000</onup>
			<control type="group">
				<control type="label">
					<posx>20</posx>
					<posy>2</posy>
					<width>540</width>
					<height>30</height>
					<font>font20_title</font>
					<label>$LOCALIZE[15050] ($INFO[Container(20).NumItems])</label>
					<align>center</align>
					<aligny>center</aligny>
				</control>
				<control type="image">
					<posx>0</posx>
					<posy>40</posy>
					<width>580</width>
					<height>400</height>
					<texture>panel.png</texture>
				</control>
				<control type="list" id="20">
					<posx>0</posx>
					<posy>40</posy>
					<width>580</width>
					<height>400</height>
					<onup>9000</onup>
					<ondown>9001</ondown>
					<onleft>21</onleft>
					<onright>60</onright>
					<pagecontrol>60</pagecontrol>
					<scrolltime>200</scrolltime>
					<itemlayout height="100" width="580">
						<control type="image">
							<posx>0</posx>
							<posy>0</posy>
							<width>579</width>
							<height>100</height>
							<texture border="40,0,40,5">list_nofocus.png</texture>
						</control>
						<control type="image">
							<posx>5</posx>
							<posy>5</posy>
							<width>90</width>
							<height>90</height>
							<texture fallback="DefaultAddonAudioDSP.png">$INFO[ListItem.Icon]</texture>
							<aspectratio aligny="center" align="left">keep</aspectratio>
						</control>
						<control type="label">
							<posx>100</posx>
							<posy>10</posy>
							<width>475</width>
							<height>40</height>
							<font>font20</font>
							<align>left</align>
							<aligny>center</aligny>
							<textcolor>grey3</textcolor>
							<scroll>false</scroll>
							<label>$INFO[ListItem.Label2)]</label>
						</control>
						<control type="label">
							<posx>100</posx>
							<posy>45</posy>
							<width>475</width>
							<height>30</height>
							<font>font20</font>
							<align>left</align>
							<aligny>center</aligny>
							<label>$INFO[ListItem.Label]</label>
						</control>
					</itemlayout>
					<focusedlayout height="100" width="580">
						<control type="image">
							<posx>0</posx>
							<posy>0</posy>
							<width>579</width>
							<height>100</height>
							<texture border="40,0,40,5">list_nofocus.png</texture>
							<visible>!Control.HasFocus(20)</visible>
						</control>
						<control type="image">
							<posx>0</posx>
							<posy>0</posy>
							<width>579</width>
							<height>100</height>
							<texture>list_focus.png</texture>
							<visible>Control.HasFocus(20)</visible>
						</control>
						<control type="image">
							<posx>5</posx>
							<posy>5</posy>
							<width>90</width>
							<height>90</height>
							<texture fallback="DefaultAddonAudioDSP.png">$INFO[ListItem.Icon]</texture>
							<aspectratio aligny="center" align="left">keep</aspectratio>
						</control>
						<control type="label">
							<posx>100</posx>
							<posy>10</posy>
							<width>475</width>
							<height>40</height>
							<font>font20</font>
							<align>left</align>
							<aligny>center</aligny>
							<textcolor>white</textcolor>
							<scroll>false</scroll>
							<label>$INFO[ListItem.Label2]</label>
						</control>
						<control type="label">
							<posx>100</posx>
							<posy>45</posy>
							<width>475</width>
							<height>30</height>
							<font>font20</font>
							<align>left</align>
							<aligny>center</aligny>
							<label>$INFO[ListItem.Label]</label>
						</control>
					</focusedlayout>
				</control>
				<control type="image">
					<posx>579</posx>
					<posy>40</posy>
					<width>2</width>
					<height>400</height>
					<texture border="2">separator.png</texture>
				</control>
			</control>
			<control type="group">
				<posx>580</posx>
				<control type="label">
					<posx>20</posx>
					<posy>2</posy>
					<width>540</width>
					<height>30</height>
					<font>font20_title</font>
					<label>$LOCALIZE[15051] ($INFO[Container(21).NumItems])</label>
					<align>center</align>
					<aligny>center</aligny>
				</control>
				<control type="image">
					<posx>0</posx>
					<posy>40</posy>
					<width>580</width>
					<height>400</height>
					<texture>panel.png</texture>
				</control>
				<control type="list" id="21">
					<posx>0</posx>
					<posy>40</posy>
					<width>580</width>
					<height>400</height>
					<onup>9000</onup>
					<ondown>9001</ondown>
					<onleft>20</onleft>
					<onright>61</onright>
					<pagecontrol>61</pagecontrol>
					<scrolltime>200</scrolltime>
					<itemlayout height="100" width="580">
						<control type="image">
							<posx>1</posx>
							<posy>0</posy>
							<width>579</width>
							<height>100</height>
							<texture border="40,0,40,5">list_nofocus.png</texture>
						</control>
						<control type="image">
							<posx>5</posx>
							<posy>5</posy>
							<width>90</width>
							<height>90</height>
							<texture fallback="DefaultAddonAudioDSP.png">$INFO[ListItem.Icon]</texture>
							<aspectratio aligny="center" align="left">keep</aspectratio>
						</control>
						<control type="label">
							<posx>100</posx>
							<posy>10</posy>
							<width>475</width>
							<height>40</height>
							<font>font20</font>
							<align>left</align>
							<aligny>center</aligny>
							<textcolor>grey3</textcolor>
							<scroll>false</scroll>
							<label>$INFO[ListItem.Label2]</label>
						</control>
						<control type="label">
							<posx>100</posx>
							<posy>45</posy>
							<width>475</width>
							<height>30</height>
							<font>font20</font>
							<align>left</align>
							<aligny>center</aligny>
							<label>$INFO[ListItem.Label]</label>
						</control>
					</itemlayout>
					<focusedlayout height="100" width="580">
						<control type="image">
							<posx>1</posx>
							<posy>0</posy>
							<width>579</width>
							<height>100</height>
							<texture border="40,0,40,5">list_nofocus.png</texture>
							<visible>!Control.HasFocus(21)</visible>
						</control>
						<control type="image">
							<posx>1</posx>
							<posy>0</posy>
							<width>579</width>
							<height>100</height>
							<texture>list_focus.png</texture>
							<visible>Control.HasFocus(21)</visible>
						</control>
						<control type="image">
							<posx>6</posx>
							<posy>5</posy>
							<width>90</width>
							<height>90</height>
							<texture fallback="DefaultAddonAudioDSP.png">$INFO[ListItem.Icon]</texture>
							<aspectratio aligny="center" align="left">keep</aspectratio>
						</control>
						<control type="label">
							<posx>101</posx>
							<posy>10</posy>
							<width>475</width>
							<height>40</height>
							<font>font20</font>
							<align>left</align>
							<aligny>center</aligny>
							<textcolor>white</textcolor>
							<scroll>false</scroll>
							<label>$INFO[ListItem.Label2]</label>
						</control>
						<control type="label">
							<posx>101</posx>
							<posy>45</posy>
							<width>475</width>
							<height>30</height>
							<font>font20</font>
							<align>left</align>
							<aligny>center</aligny>
							<label>$INFO[ListItem.Label]</label>
						</control>
					</focusedlayout>
				</control>
			</control>
			<control type="label">
				<posx>10</posx>
				<posy>460</posy>
				<width>1160</width>
				<height>30</height>
				<font>font20_title</font>
				<align>center</align>
				<aligny>center</aligny>
				<label>$INFO[Container(20).ListItem.Property(Description)]</label>
				<wrapmultiline>true</wrapmultiline>
				<visible>Control.HasFocus(20)</visible>
			</control>
			<control type="label">
				<posx>10</posx>
				<posy>460</posy>
				<width>1160</width>
				<height>30</height>
				<font>font20_title</font>
				<align>center</align>
				<aligny>center</aligny>
				<label>$INFO[Container(21).ListItem.Property(Description)]</label>
				<wrapmultiline>true</wrapmultiline>
				<visible>Control.HasFocus(21)</visible>
			</control>
		</control>
		<control type="grouplist" id="9001">
			<posx>0</posx>
			<posy>730</posy>
			<width>1160</width>
			<height>60</height>
			<itemgap>10</itemgap>
			<align>center</align>
			<orientation>horizontal</orientation>
			<onleft>9000</onleft>
			<onright>9000</onright>
			<onup>20</onup>
			<ondown>20</ondown>
			<control type="radiobutton" id="22">
				<textoffsetx>5</textoffsetx>
				<radioposx>275</radioposx>
				<width>350</width>
				<align>left</align>
				<include>ButtonInfoDialogsCommonValues</include>
				<label>15064</label>
			</control>
			<control type="button" id="23">
				<width>350</width>
				<include>ButtonInfoDialogsCommonValues</include>
				<label>14070</label>
			</control>
			<control type="button" id="24">
				<width>350</width>
				<include>ButtonInfoDialogsCommonValues</include>
				<label>15066</label>
			</control>
		</control>
	</controls>
</window>
