<includes>
	<variable name="StationLabel1">
	    <value condition="Skin.HasSetting(ListRadioStation)">$INFO[Window(Home).Property(Radio.Station1b)]</value>
	    <value condition="!Skin.HasSetting(ListRadioStation)">$INFO[Window(Home).Property(Radio.Station1)]</value>
	    <value>- - -</value>
	</variable>
	<variable name="StationLabel2">
	    <value condition="Skin.HasSetting(ListRadioStation)">$INFO[Window(Home).Property(Radio.Station2b)]</value>
	    <value condition="!Skin.HasSetting(ListRadioStation)">$INFO[Window(Home).Property(Radio.Station2)]</value>
	    <value>- - -</value>
	</variable>
	<variable name="StationLabel3">
	    <value condition="Skin.HasSetting(ListRadioStation)">$INFO[Window(Home).Property(Radio.Station3b)]</value>
	    <value condition="!Skin.HasSetting(ListRadioStation)">$INFO[Window(Home).Property(Radio.Station3)]</value>
	    <value>- - -</value>
	</variable>
	<variable name="StationLabel4">
	    <value condition="Skin.HasSetting(ListRadioStation)">$INFO[Window(Home).Property(Radio.Station4b)]</value>
	    <value condition="!Skin.HasSetting(ListRadioStation)">$INFO[Window(Home).Property(Radio.Station4)]</value>
	    <value>- - -</value>
	</variable>
	<variable name="StationLabel5">
	    <value condition="Skin.HasSetting(ListRadioStation)">$INFO[Window(Home).Property(Radio.Station5b)]</value>
	    <value condition="!Skin.HasSetting(ListRadioStation)">$INFO[Window(Home).Property(Radio.Station5)]</value>
	    <value>- - -</value>
	</variable>
	<variable name="StationLabel6">
	    <value condition="Skin.HasSetting(ListRadioStation)">$INFO[Window(Home).Property(Radio.Station6b)]</value>
	    <value condition="!Skin.HasSetting(ListRadioStation)">$INFO[Window(Home).Property(Radio.Station6)]</value>
	    <value>- - -</value>
	</variable>
	<variable name="StationLabel7">
	    <value condition="Skin.HasSetting(ListRadioStation)">$INFO[Window(Home).Property(Radio.Station7b)]</value>
	    <value condition="!Skin.HasSetting(ListRadioStation)">$INFO[Window(Home).Property(Radio.Station7)]</value>
	    <value>- - -</value>
	</variable>
	<variable name="StationLabel8">
	    <value condition="Skin.HasSetting(ListRadioStation)">$INFO[Window(Home).Property(Radio.Station8b)]</value>
	    <value condition="!Skin.HasSetting(ListRadioStation)">$INFO[Window(Home).Property(Radio.Station8)]</value>
	    <value>- - -</value>
	</variable>

	<variable name="ModeColorSeek">
	    <value condition="substring(Window(Home).Property(Controller.Seek),0)">selected</value>
	    <value condition="substring(Window(Home).Property(Controller.Seek),1)">white</value>
	    <value>selected</value>
	</variable>

	<variable name="ModeColorTune">
	    <value condition="substring(Window(Home).Property(Controller.Seek),1)">selected</value>
	    <value condition="substring(Window(Home).Property(Controller.Seek),0)">white</value>
	    <value>white</value>
	</variable>

	<include name="yposition">
	    <include condition="Window.IsVisible(Home)">OnHome</include>
	    <include condition="Window.IsVisible(1113)">OnRadio</include>
	</include>

	<include name="OnHome">
	    <posy>114</posy>
	</include>

	<include name="OnRadio">
	    <posy>110</posy>
	</include>

	<include name="StationCenter">	
		<control type="group">
			<include>Window_OpenClose_Animation_Zoom</include>
			<control type="button">
				<posx>573</posx>
				<posy>191</posy>
				<width>560</width>
				<height>560</height>
				<texturenofocus colordiffuse="selected">home_center.png</texturenofocus>
				<texturefocus colordiffuse="white">home_center.png</texturefocus>
				<onclick>ActivateWindow(Home)</onclick>
			</control>
			<control type="image">
				<posx>573</posx>
				<posy>191</posy>
				<width>560</width>
				<height>560</height>
				<texture colordiffuse="selected">home_center_radiofm.png</texture>
				<visible>!substring(Window(Home).Property(Radio.Active),true) + !Skin.HasSetting(UseCustomLogo)</visible>
			</control>
			<control type="group">
				<control type="image">
					<posx>577</posx>
					<posy>197</posy>
					<width>552</width>
					<height>552</height>
					<texture diffuse="home_center_diffuse_60.png">$INFO[Skin.String(CustomLogoPath)]</texture>
					<visible>!substring(Window(Home).Property(Radio.Active),true) + Skin.HasSetting(UseCustomLogo)</visible>
					<visible>Skin.HasSetting(LogoDiffuse)</visible>
				</control>
				<control type="image">
					<posx>577</posx>
					<posy>197</posy>
					<width>552</width>
					<height>552</height>
					<texture diffuse="home_center_diffuse.png">$INFO[Skin.String(CustomLogoPath)]</texture>
					<visible>!substring(Window(Home).Property(Radio.Active),true) + Skin.HasSetting(UseCustomLogo)</visible>
					<visible>!Skin.HasSetting(LogoDiffuse)</visible>
				</control>
			</control>
			<control type="image">
				<include>VisibleFadeEffect</include>
				<posx>577</posx>
				<posy>197</posy>
				<width>552</width>
				<height>552</height>
				<texture diffuse="home_center_diffuse_60.png">$INFO[Window(Home).Property(Radio.StationLogo)]</texture>
				<visible>substring(Window(Home).Property(Radio.Active),true)</visible>
				<visible>substring(Window(Home).Property(Radio.Logo),true)</visible>
			</control>
			<control type="image">
				<include>VisibleFadeEffect</include>
				<posx>577</posx>
				<posy>197</posy>
				<width>552</width>
				<height>552</height>
				<texture diffuse="home_center_diffuse_60.png">$INFO[Skin.String(CustomLogoPath)]</texture>
				<visible>substring(Window(Home).Property(Radio.Active),true)</visible>
				<visible>substring(Window(Home).Property(Radio.LogoCustom),true)</visible>
				<visible>Skin.HasSetting(LogoDiffuse)</visible>
			</control>
		</control>
	</include>
	
	<include name="StationButton1">
		<control type="group">
			<include>Window_OpenClose_Animation_Slide_Left</include>
			<posx>-5</posx>
			<posy>110</posy>
			<visible>true</visible>
			<include>VisibleFadeEffect</include>
			<control type="button" id="8001">
				<description>Button 1</description>
				<posx>0</posx>
				<posy>0</posy>
				<width>782</width>
				<height>150</height>
				<texturenofocus colordiffuse="selected">home_button_1.png</texturenofocus>
				<texturefocus colordiffuse="white">home_button_1.png</texturefocus>
				<onclick condition="Skin.HasSetting(DeleteRadioStation) + Skin.HasSetting(SaveRadioStation)">RunScript(service.radiofm,STATION1)</onclick>
				<onclick condition="!Skin.HasSetting(SaveRadioStation) + !Skin.HasSetting(ListRadioStation)">SetProperty(Radio.Station1, $INFO[Window(Home).Property(Radio.Frequency)] - $INFO[Window(Home).Property(Radio.StationName)],10000)</onclick>
				<onclick condition="!Skin.HasSetting(SaveRadioStation) + Skin.HasSetting(ListRadioStation)">SetProperty(Radio.Station1b, $INFO[Window(Home).Property(Radio.Frequency)] - $INFO[Window(Home).Property(Radio.StationName)],10000)</onclick>
				<onclick condition="!Skin.HasSetting(DeleteRadioStation) + !Skin.HasSetting(ListRadioStation)">SetProperty(Radio.Station1,- - -,10000)</onclick>
				<onclick condition="!Skin.HasSetting(DeleteRadioStation) + Skin.HasSetting(ListRadioStation)">SetProperty(Radio.Station1b,- - -,10000)</onclick>
				<onclick condition="!Skin.HasSetting(DeleteRadioStation)">Skin.ToggleSetting(DeleteRadioStation)</onclick>
				<onclick condition="!Skin.HasSetting(SaveRadioStation)">Skin.ToggleSetting(SaveRadioStation)</onclick>
				<onup>9002</onup>
				<ondown>8002</ondown>
				<onright>8004</onright>
			</control>
			<control type="label">
				<description>Home Button 1 Text</description>
				<posx>125</posx>
				<posy>0</posy>
				<width>600</width>
				<height>150</height>
				<font>font_radiobutton</font>
				<label>[COLOR selected]$VAR[StationLabel1][/COLOR]</label>
				<align>left</align>
				<aligny>center</aligny>
			</control>
			<control type="label">
				<description>Delete</description>
				<include>VisibleFadeEffect</include>
				<visible>!Skin.HasSetting(DeleteRadioStation)</visible>
				<posx>15</posx>
				<posy>-5</posy>
				<width>50</width>
				<height>150</height>
				<font>font50_title</font>
				<align>center</align>
				<aligny>center</aligny>
				<label>[COLOR selected]-[/COLOR]</label>
			</control>
			<control type="label">
				<description>Save</description>
				<include>VisibleFadeEffect</include>
				<visible>!Skin.HasSetting(SaveRadioStation)</visible>
				<posx>15</posx>
				<posy>-5</posy>
				<width>50</width>
				<height>150</height>
				<font>font50_title</font>
				<align>center</align>
				<aligny>center</aligny>
				<label>[COLOR selected]+[/COLOR]</label>
			</control>
		</control>
	</include>

	<include name="StationButton2">
		<control type="group">
			<include>Window_OpenClose_Animation_Slide_Left_Long</include>
			<posx>-5</posx>
			<posy>300</posy>
			<include>VisibleFadeEffect</include>
			<control type="button" id="8002">
				<description>Button 2</description>
				<posx>0</posx>
				<posy>0</posy>
				<width>782</width>
				<height>150</height>
				<texturenofocus colordiffuse="selected">home_button_2.png</texturenofocus>
				<texturefocus colordiffuse="white">home_button_2.png</texturefocus>
				<onclick condition="Skin.HasSetting(DeleteRadioStation) + Skin.HasSetting(SaveRadioStation)">RunScript(service.radiofm,STATION2)</onclick>
				<onclick condition="!Skin.HasSetting(SaveRadioStation) + !Skin.HasSetting(ListRadioStation)">SetProperty(Radio.Station2, $INFO[Window(Home).Property(Radio.Frequency)] - $INFO[Window(Home).Property(Radio.StationName)],10000)</onclick>
				<onclick condition="!Skin.HasSetting(SaveRadioStation) + Skin.HasSetting(ListRadioStation)">SetProperty(Radio.Station2b, $INFO[Window(Home).Property(Radio.Frequency)] - $INFO[Window(Home).Property(Radio.StationName)],10000)</onclick>
				<onclick condition="!Skin.HasSetting(DeleteRadioStation) + !Skin.HasSetting(ListRadioStation)">SetProperty(Radio.Station2,- - -,10000)</onclick>
				<onclick condition="!Skin.HasSetting(DeleteRadioStation) + Skin.HasSetting(ListRadioStation)">SetProperty(Radio.Station2b,- - -,10000)</onclick>
				<onclick condition="!Skin.HasSetting(DeleteRadioStation)">Skin.ToggleSetting(DeleteRadioStation)</onclick>
				<onclick condition="!Skin.HasSetting(SaveRadioStation)">Skin.ToggleSetting(SaveRadioStation)</onclick>
				<onup>8001</onup>
				<ondown>8003</ondown>
				<onright>8005</onright>
			</control>
			<control type="label">
				<description>Home Button 2 Text</description>
				<posx>125</posx>
				<posy>0</posy>
				<width>450</width>
				<height>150</height>
				<font>font_radiobutton</font>
				<label>[COLOR selected]$VAR[StationLabel2][/COLOR]</label>
				<align>left</align>
				<aligny>center</aligny>
			</control>
			<control type="label">
				<description>Delete</description>
				<include>VisibleFadeEffect</include>
				<visible>!Skin.HasSetting(DeleteRadioStation)</visible>
				<posx>15</posx>
				<posy>-5</posy>
				<width>50</width>
				<height>150</height>
				<font>font50_title</font>
				<align>center</align>
				<aligny>center</aligny>
				<label>[COLOR selected]-[/COLOR]</label>
			</control>
			<control type="label">
				<description>Save</description>
				<include>VisibleFadeEffect</include>
				<visible>!Skin.HasSetting(SaveRadioStation)</visible>
				<posx>15</posx>
				<posy>-5</posy>
				<width>50</width>
				<height>150</height>
				<font>font50_title</font>
				<align>center</align>
				<aligny>center</aligny>
				<label>[COLOR selected]+[/COLOR]</label>
			</control>
		</control>
	</include>

	<include name="StationButton3">
		<control type="group">
			<include>Window_OpenClose_Animation_Slide_Left_Longer</include>
			<posx>-5</posx>
			<posy>494</posy>
			<include>VisibleFadeEffect</include>
			<control type="button" id="8003">
				<description>Button 3</description>
				<posx>0</posx>
				<posy>0</posy>
				<width>782</width>
				<height>150</height>
				<texturenofocus colordiffuse="selected">home_button_3.png</texturenofocus>
				<texturefocus colordiffuse="white">home_button_3.png</texturefocus>
				<onclick condition="Skin.HasSetting(DeleteRadioStation) + Skin.HasSetting(SaveRadioStation)">RunScript(service.radiofm,STATION3)</onclick>
				<onclick condition="!Skin.HasSetting(SaveRadioStation) + !Skin.HasSetting(ListRadioStation)">SetProperty(Radio.Station3, $INFO[Window(Home).Property(Radio.Frequency)] - $INFO[Window(Home).Property(Radio.StationName)],10000)</onclick>
				<onclick condition="!Skin.HasSetting(SaveRadioStation) + Skin.HasSetting(ListRadioStation)">SetProperty(Radio.Station3b, $INFO[Window(Home).Property(Radio.Frequency)] - $INFO[Window(Home).Property(Radio.StationName)],10000)</onclick>
				<onclick condition="!Skin.HasSetting(DeleteRadioStation) + !Skin.HasSetting(ListRadioStation)">SetProperty(Radio.Station3,- - -,10000)</onclick>
				<onclick condition="!Skin.HasSetting(DeleteRadioStation) + Skin.HasSetting(ListRadioStation)">SetProperty(Radio.Station3b,- - -,10000)</onclick>
				<onclick condition="!Skin.HasSetting(DeleteRadioStation)">Skin.ToggleSetting(DeleteRadioStation)</onclick>
				<onclick condition="!Skin.HasSetting(SaveRadioStation)">Skin.ToggleSetting(SaveRadioStation)</onclick>
				<onup>8002</onup>
				<ondown>8004</ondown>
				<onright>8006</onright>
			</control>
			<control type="label">
				<description>Home Button 3 Text</description>
				<posx>125</posx>
				<posy>0</posy>
				<width>450</width>
				<height>150</height>
				<font>font_radiobutton</font>
				<label>[COLOR selected]$VAR[StationLabel3][/COLOR]</label>
				<align>left</align>
				<aligny>center</aligny>
			</control>
			<control type="label">
				<description>Delete</description>
				<include>VisibleFadeEffect</include>
				<visible>!Skin.HasSetting(DeleteRadioStation)</visible>
				<posx>15</posx>
				<posy>-5</posy>
				<width>50</width>
				<height>150</height>
				<font>font50_title</font>
				<align>center</align>
				<aligny>center</aligny>
				<label>[COLOR selected]-[/COLOR]</label>
			</control>
			<control type="label">
				<description>Save</description>
				<include>VisibleFadeEffect</include>
				<visible>!Skin.HasSetting(SaveRadioStation)</visible>
				<posx>15</posx>
				<posy>-5</posy>
				<width>50</width>
				<height>150</height>
				<font>font50_title</font>
				<align>center</align>
				<aligny>center</aligny>
				<label>[COLOR selected]+[/COLOR]</label>
			</control>
		</control>
	</include>

	<include name="StationButton4">
		<control type="group">
			<include>Window_OpenClose_Animation_Slide_Left_Longest</include>
			<posx>-5</posx>
			<posy>684</posy>
			<include>VisibleFadeEffect</include>
			<control type="button" id="8004">
				<description>Button 4</description>
				<posx>0</posx>
				<posy>0</posy>
				<width>782</width>
				<height>150</height>
				<texturenofocus colordiffuse="selected">home_button_4.png</texturenofocus>
				<texturefocus colordiffuse="white">home_button_4.png</texturefocus>
				<onclick condition="Skin.HasSetting(DeleteRadioStation) + Skin.HasSetting(SaveRadioStation)">RunScript(service.radiofm,STATION4)</onclick>
				<onclick condition="!Skin.HasSetting(SaveRadioStation) + !Skin.HasSetting(ListRadioStation)">SetProperty(Radio.Station4, $INFO[Window(Home).Property(Radio.Frequency)] - $INFO[Window(Home).Property(Radio.StationName)],10000)</onclick>
				<onclick condition="!Skin.HasSetting(SaveRadioStation) + Skin.HasSetting(ListRadioStation)">SetProperty(Radio.Station4b, $INFO[Window(Home).Property(Radio.Frequency)] - $INFO[Window(Home).Property(Radio.StationName)],10000)</onclick>
				<onclick condition="!Skin.HasSetting(DeleteRadioStation) + !Skin.HasSetting(ListRadioStation)">SetProperty(Radio.Station4,- - -,10000)</onclick>
				<onclick condition="!Skin.HasSetting(DeleteRadioStation) + Skin.HasSetting(ListRadioStation)">SetProperty(Radio.Station4b,- - -,10000)</onclick>
				<onclick condition="!Skin.HasSetting(DeleteRadioStation)">Skin.ToggleSetting(DeleteRadioStation)</onclick>
				<onclick condition="!Skin.HasSetting(SaveRadioStation)">Skin.ToggleSetting(SaveRadioStation)</onclick>
				<onup>8003</onup>
				<ondown>8005</ondown>
				<onleft>8001</onleft>
			</control>
			<control type="label">
				<description>Home Button 4 Text</description>
				<posx>125</posx>
				<posy>0</posy>
				<width>600</width>
				<height>150</height>
				<font>font_radiobutton</font>
				<label>[COLOR selected]$VAR[StationLabel4][/COLOR]</label>
				<align>left</align>
				<aligny>center</aligny>
			</control>
			<control type="label">
				<description>Delete</description>
				<include>VisibleFadeEffect</include>
				<visible>!Skin.HasSetting(DeleteRadioStation)</visible>
				<posx>15</posx>
				<posy>-5</posy>
				<width>50</width>
				<height>150</height>
				<font>font50_title</font>
				<align>center</align>
				<aligny>center</aligny>
				<label>[COLOR selected]-[/COLOR]</label>
			</control>
			<control type="label">
				<description>Save</description>
				<include>VisibleFadeEffect</include>
				<visible>!Skin.HasSetting(SaveRadioStation)</visible>
				<posx>15</posx>
				<posy>-5</posy>
				<width>50</width>
				<height>150</height>
				<font>font50_title</font>
				<align>center</align>
				<aligny>center</aligny>
				<label>[COLOR selected]+[/COLOR]</label>
			</control>
		</control>
	</include>

	<include name="StationButton5">
		<control type="group">
			<include>Window_OpenClose_Animation_Slide_Right</include>
			<posx>929</posx>
			<posy>110</posy>
			<include>VisibleFadeEffect</include>
			<control type="button" id="8005">
				<description>Button 5</description>
				<posx>0</posx>
				<posy>0</posy>
				<width>782</width>
				<height>150</height>
				<texturenofocus colordiffuse="selected">home_button_5.png</texturenofocus>
				<texturefocus colordiffuse="white">home_button_5.png</texturefocus>
				<onclick condition="Skin.HasSetting(DeleteRadioStation) + Skin.HasSetting(SaveRadioStation)">RunScript(service.radiofm,STATION5)</onclick>
				<onclick condition="!Skin.HasSetting(SaveRadioStation) + !Skin.HasSetting(ListRadioStation)">SetProperty(Radio.Station5, $INFO[Window(Home).Property(Radio.Frequency)] - $INFO[Window(Home).Property(Radio.StationName)],10000)</onclick>
				<onclick condition="!Skin.HasSetting(SaveRadioStation) + Skin.HasSetting(ListRadioStation)">SetProperty(Radio.Station5b, $INFO[Window(Home).Property(Radio.Frequency)] - $INFO[Window(Home).Property(Radio.StationName)],10000)</onclick>
				<onclick condition="!Skin.HasSetting(DeleteRadioStation) + !Skin.HasSetting(ListRadioStation)">SetProperty(Radio.Station5,- - -,10000)</onclick>
				<onclick condition="!Skin.HasSetting(DeleteRadioStation) + Skin.HasSetting(ListRadioStation)">SetProperty(Radio.Station5b,- - -,10000)</onclick>
				<onclick condition="!Skin.HasSetting(DeleteRadioStation)">Skin.ToggleSetting(DeleteRadioStation)</onclick>
				<onclick condition="!Skin.HasSetting(SaveRadioStation)">Skin.ToggleSetting(SaveRadioStation)</onclick>
				<onup>8004</onup>
				<ondown>8006</ondown>
				<onleft>8002</onleft>
			</control>
			<control type="label">
				<description>Home Button 5 Text</description>
				<posx>660</posx>
				<posy>0</posy>
				<width>600</width>
				<height>150</height>
				<font>font_radiobutton</font>
				<label>[COLOR selected]$VAR[StationLabel5][/COLOR]</label>
				<align>right</align>
				<aligny>center</aligny>
			</control>
			<control type="label">
				<description>Delete</description>
				<include>VisibleFadeEffect</include>
				<visible>!Skin.HasSetting(DeleteRadioStation)</visible>
				<posx>720</posx>
				<posy>-5</posy>
				<width>50</width>
				<height>150</height>
				<font>font50_title</font>
				<align>center</align>
				<aligny>center</aligny>
				<label>[COLOR selected]-[/COLOR]</label>
			</control>
			<control type="label">
				<description>Save</description>
				<include>VisibleFadeEffect</include>
				<visible>!Skin.HasSetting(SaveRadioStation)</visible>
				<posx>720</posx>
				<posy>-5</posy>
				<width>50</width>
				<height>150</height>
				<font>font50_title</font>
				<align>center</align>
				<aligny>center</aligny>
				<label>[COLOR selected]+[/COLOR]</label>
			</control>
		</control>
	</include>

	<include name="StationButton6">
		<control type="group">
			<include>Window_OpenClose_Animation_Slide_Right_Long</include>
			<posx>929</posx>
			<posy>300</posy>
			<include>VisibleFadeEffect</include>
			<control type="button" id="8006">
				<description>Button 6</description>
				<posx>0</posx>
				<posy>0</posy>
				<width>782</width>
				<height>150</height>
				<texturenofocus colordiffuse="selected">home_button_6.png</texturenofocus>
				<texturefocus colordiffuse="white">home_button_6.png</texturefocus>
				<onclick condition="Skin.HasSetting(DeleteRadioStation) + Skin.HasSetting(SaveRadioStation)">RunScript(service.radiofm,STATION6)</onclick>
				<onclick condition="!Skin.HasSetting(SaveRadioStation) + !Skin.HasSetting(ListRadioStation)">SetProperty(Radio.Station6, $INFO[Window(Home).Property(Radio.Frequency)] - $INFO[Window(Home).Property(Radio.StationName)],10000)</onclick>
				<onclick condition="!Skin.HasSetting(SaveRadioStation) + Skin.HasSetting(ListRadioStation)">SetProperty(Radio.Station6b, $INFO[Window(Home).Property(Radio.Frequency)] - $INFO[Window(Home).Property(Radio.StationName)],10000)</onclick>
				<onclick condition="!Skin.HasSetting(DeleteRadioStation) + !Skin.HasSetting(ListRadioStation)">SetProperty(Radio.Station6,- - -,10000)</onclick>
				<onclick condition="!Skin.HasSetting(DeleteRadioStation) + Skin.HasSetting(ListRadioStation)">SetProperty(Radio.Station6b,- - -,10000)</onclick>
				<onclick condition="!Skin.HasSetting(DeleteRadioStation)">Skin.ToggleSetting(DeleteRadioStation)</onclick>
				<onclick condition="!Skin.HasSetting(SaveRadioStation)">Skin.ToggleSetting(SaveRadioStation)</onclick>
				<onup>8005</onup>
				<ondown>9002</ondown>
				<onleft>8003</onleft>
			</control>
			<control type="label">
				<description>Home Button 6 Text</description>
				<posx>660</posx>
				<posy>0</posy>
				<width>450</width>
				<height>150</height>
				<font>font_radiobutton</font>
				<label>[COLOR selected]$VAR[StationLabel6][/COLOR]</label>
				<align>right</align>
				<aligny>center</aligny>
			</control>
			<control type="label">
				<description>Delete</description>
				<include>VisibleFadeEffect</include>
				<visible>!Skin.HasSetting(DeleteRadioStation)</visible>
				<posx>720</posx>
				<posy>-5</posy>
				<width>50</width>
				<height>150</height>
				<font>font50_title</font>
				<align>center</align>
				<aligny>center</aligny>
				<label>[COLOR selected]-[/COLOR]</label>
			</control>
			<control type="label">
				<description>Save</description>
				<include>VisibleFadeEffect</include>
				<visible>!Skin.HasSetting(SaveRadioStation)</visible>
				<posx>720</posx>
				<posy>-5</posy>
				<width>50</width>
				<height>150</height>
				<font>font50_title</font>
				<align>center</align>
				<aligny>center</aligny>
				<label>[COLOR selected]+[/COLOR]</label>
			</control>
		</control>
	</include>
	
	<include name="StationButton7">
		<control type="group">
			<include>Window_OpenClose_Animation_Slide_Right_Longer</include>
			<posx>929</posx>
			<posy>494</posy>
			<include>VisibleFadeEffect</include>
			<control type="button" id="8006">
				<description>Button 7</description>
				<posx>0</posx>
				<posy>0</posy>
				<width>782</width>
				<height>150</height>
				<texturenofocus colordiffuse="selected">home_button_7.png</texturenofocus>
				<texturefocus colordiffuse="white">home_button_7.png</texturefocus>
				<onclick condition="Skin.HasSetting(DeleteRadioStation) + Skin.HasSetting(SaveRadioStation)">RunScript(service.radiofm,STATION7)</onclick>
				<onclick condition="!Skin.HasSetting(SaveRadioStation) + !Skin.HasSetting(ListRadioStation)">SetProperty(Radio.Station7, $INFO[Window(Home).Property(Radio.Frequency)] - $INFO[Window(Home).Property(Radio.StationName)],10000)</onclick>
				<onclick condition="!Skin.HasSetting(SaveRadioStation) + Skin.HasSetting(ListRadioStation)">SetProperty(Radio.Station7b, $INFO[Window(Home).Property(Radio.Frequency)] - $INFO[Window(Home).Property(Radio.StationName)],10000)</onclick>
				<onclick condition="!Skin.HasSetting(DeleteRadioStation) + !Skin.HasSetting(ListRadioStation)">SetProperty(Radio.Station7,- - -,10000)</onclick>
				<onclick condition="!Skin.HasSetting(DeleteRadioStation) + Skin.HasSetting(ListRadioStation)">SetProperty(Radio.Station7b,- - -,10000)</onclick>
				<onclick condition="!Skin.HasSetting(DeleteRadioStation)">Skin.ToggleSetting(DeleteRadioStation)</onclick>
				<onclick condition="!Skin.HasSetting(SaveRadioStation)">Skin.ToggleSetting(SaveRadioStation)</onclick>
				<onup>8005</onup>
				<ondown>9002</ondown>
				<onleft>8003</onleft>
			</control>
			<control type="label">
				<description>Home Button 7 Text</description>
				<posx>660</posx>
				<posy>0</posy>
				<width>450</width>
				<height>150</height>
				<font>font_radiobutton</font>
				<label>[COLOR selected]$VAR[StationLabel7][/COLOR]</label>
				<align>right</align>
				<aligny>center</aligny>
			</control>
			<control type="label">
				<description>Delete</description>
				<include>VisibleFadeEffect</include>
				<visible>!Skin.HasSetting(DeleteRadioStation)</visible>
				<posx>720</posx>
				<posy>-5</posy>
				<width>50</width>
				<height>150</height>
				<font>font50_title</font>
				<align>center</align>
				<aligny>center</aligny>
				<label>[COLOR selected]-[/COLOR]</label>
			</control>
			<control type="label">
				<description>Save</description>
				<include>VisibleFadeEffect</include>
				<visible>!Skin.HasSetting(SaveRadioStation)</visible>
				<posx>720</posx>
				<posy>-5</posy>
				<width>50</width>
				<height>150</height>
				<font>font50_title</font>
				<align>center</align>
				<aligny>center</aligny>
				<label>[COLOR selected]+[/COLOR]</label>
			</control>
		</control>
	</include>
	
	<include name="StationButton8">
		<control type="group">
			<include>Window_OpenClose_Animation_Slide_Right_Longest</include>
			<posx>929</posx>
			<posy>684</posy>
			<include>VisibleFadeEffect</include>
			<control type="button" id="8006">
				<description>Button 8</description>
				<posx>0</posx>
				<posy>0</posy>
				<width>782</width>
				<height>150</height>
				<texturenofocus colordiffuse="selected">home_button_8.png</texturenofocus>
				<texturefocus colordiffuse="white">home_button_8.png</texturefocus>
				<onclick condition="Skin.HasSetting(DeleteRadioStation) + Skin.HasSetting(SaveRadioStation)">RunScript(service.radiofm,STATION8)</onclick>
				<onclick condition="!Skin.HasSetting(SaveRadioStation) + !Skin.HasSetting(ListRadioStation)">SetProperty(Radio.Station8, $INFO[Window(Home).Property(Radio.Frequency)] - $INFO[Window(Home).Property(Radio.StationName)],10000)</onclick>
				<onclick condition="!Skin.HasSetting(SaveRadioStation) + Skin.HasSetting(ListRadioStation)">SetProperty(Radio.Station8b, $INFO[Window(Home).Property(Radio.Frequency)] - $INFO[Window(Home).Property(Radio.StationName)],10000)</onclick>
				<onclick condition="!Skin.HasSetting(DeleteRadioStation) + !Skin.HasSetting(ListRadioStation)">SetProperty(Radio.Station8,- - -,10000)</onclick>
				<onclick condition="!Skin.HasSetting(DeleteRadioStation) + Skin.HasSetting(ListRadioStation)">SetProperty(Radio.Station8b,- - -,10000)</onclick>
				<onclick condition="!Skin.HasSetting(DeleteRadioStation)">Skin.ToggleSetting(DeleteRadioStation)</onclick>
				<onclick condition="!Skin.HasSetting(SaveRadioStation)">Skin.ToggleSetting(SaveRadioStation)</onclick>
				<onup>8005</onup>
				<ondown>9002</ondown>
				<onleft>8003</onleft>
			</control>
			<control type="label">
				<description>Home Button 8 Text</description>
				<posx>660</posx>
				<posy>0</posy>
				<width>600</width>
				<height>150</height>
				<font>font_radiobutton</font>
				<label>[COLOR selected]$VAR[StationLabel8][/COLOR]</label>
				<align>right</align>
				<aligny>center</aligny>
			</control>
			<control type="label">
				<description>Delete</description>
				<include>VisibleFadeEffect</include>
				<visible>!Skin.HasSetting(DeleteRadioStation)</visible>
				<posx>720</posx>
				<posy>-5</posy>
				<width>50</width>
				<height>150</height>
				<font>font50_title</font>
				<align>center</align>
				<aligny>center</aligny>
				<label>[COLOR selected]-[/COLOR]</label>
			</control>
			<control type="label">
				<description>Save</description>
				<include>VisibleFadeEffect</include>
				<visible>!Skin.HasSetting(SaveRadioStation)</visible>
				<posx>720</posx>
				<posy>-5</posy>
				<width>50</width>
				<height>150</height>
				<font>font50_title</font>
				<align>center</align>
				<aligny>center</aligny>
				<label>[COLOR selected]+[/COLOR]</label>
			</control>
		</control>
	</include>

	<include name="RDSLabel">
		<control type="group">
			<include>Window_OpenClose_Animation_Fade</include>
			<include>VisibleFadeEffect</include>
			<posx>795</posx>
			<include>yposition</include>
			<include>VisibleFadeEffect</include>
			<control type="image">
				<description>Top Button</description>
				<posx>0</posx>
				<posy>0</posy>
				<width>116</width>
				<height>90</height>
				<font>font_rdslabel</font>
				<texture colordiffuse="selected">home_button_top.png</texture>
				<align>center</align>
				<aligny>center</aligny>
			</control>
		</control>
		<control type="group">
			<include>Window_OpenClose_Animation_Fade</include>
			<include>VisibleFadeEffect</include>
			<posx>795</posx>
			<posy>743</posy>
			<include>VisibleFadeEffect</include>
			<control type="image">
				<description>Top Button</description>
				<posx>0</posx>
				<posy>0</posy>
				<width>116</width>
				<height>90</height>
				<font>font_rdslabel</font>
				<texture colordiffuse="selected" flipy="true">home_button_top.png</texture>
				<align>center</align>
				<aligny>center</aligny>
			</control>
		</control>
		<control type="group">
			<include>Window_OpenClose_Animation_Fade</include>
			<include>VisibleFadeEffect</include>
			<visible>substring(Window(Home).Property(Radio.Active),true)</visible>
			<posx>795</posx>
			<include>yposition</include>
			<include>VisibleFadeEffect</include>
			<control type="label">
				<description>RDS Label</description>
				<posx>0</posx>
				<posy>0</posy>
				<width>116</width>
				<height>90</height>
				<font>font_rdslabel</font>
				<label>[COLOR selected]$INFO[Window(Home).Property(Radio.RDS)][/COLOR]</label>
				<align>center</align>
				<aligny>center</aligny>
			</control>
		</control>
	</include>

	<include name="RadioFMPlayer">
		<control type="group">
			<include>Window_OpenClose_Animation_Slide_Up</include>
			<include>VisibleFadeEffect</include>
			<posy>105r</posy>
			<visible>Window.IsVisible(1113) | [Window.IsVisible(Home) + substring(Window(Home).Property(Radio.Active),true)]</visible>
			<control type="grouplist">
				<posx>0</posx>
				<posy>15</posy>
				<width>ScreenWidth</width>
				<height>80</height>
				<align>center</align>
				<orientation>horizontal</orientation>
				<itemgap>60</itemgap>
				<control type="button">
					<width>80</width>
					<height>80</height>
					<texturefocus colordiffuse="selected">osd_previous.png</texturefocus>
					<texturenofocus colordiffuse="$VAR[ModeColorSeek]">osd_previous.png</texturenofocus>
					<onclick>RunScript(service.radiofm,SEEK_DOWN)</onclick>
					<onclick>SetFocus(999)</onclick>
				</control>
				<control type="button">
					<width>80</width>
					<height>80</height>
					<texturefocus colordiffuse="selected">osd_rewind.png</texturefocus>
					<texturenofocus colordiffuse="$VAR[ModeColorTune]">osd_rewind.png</texturenofocus>
					<onclick>RunScript(service.radiofm,TUNE_DOWN)</onclick>
					<onclick>SetFocus(999)</onclick>
				</control>
				<control type="togglebutton">
					<visible>Window.IsVisible(1113)</visible>
					<width>80</width>
					<height>80</height>
					<texturefocus colordiffuse="grey">osd_minus.png</texturefocus>
					<texturenofocus colordiffuse="grey">osd_minus.png</texturenofocus>
					<alttexturefocus colordiffuse="grey">osd_minus.png</alttexturefocus>
					<alttexturenofocus colordiffuse="grey">osd_minus.png</alttexturenofocus>
					<usealttexture>Skin.HasSetting(ListRadioStation)</usealttexture>
					<onclick>Skin.ToggleSetting(DeleteRadioStation)</onclick>
					<onclick condition="!Skin.HasSetting(SaveRadioStation)">Skin.ToggleSetting(SaveRadioStation)</onclick>
					<onclick>SetFocus(999)</onclick>
				</control>
				<control type="button">
					<visible>Window.IsVisible(1113)</visible>
					<width>80</width>
					<height>80</height>
					<texturefocus colordiffuse="selected">osd_volume.png</texturefocus>
					<texturenofocus>osd_volume.png</texturenofocus>
					<onclick>ActivateWindow(1115)</onclick>
					<onclick>SetFocus(999)</onclick>
				</control>
				<control type="togglebutton">
					<visible>Window.IsVisible(1113)</visible>
					<width>80</width>
					<height>80</height>
					<texturefocus colordiffuse="grey">osd_plus.png</texturefocus>
					<texturenofocus colordiffuse="grey">osd_plus.png</texturenofocus>
					<alttexturefocus colordiffuse="grey">osd_plus.png</alttexturefocus>
					<alttexturenofocus colordiffuse="grey">osd_plus.png</alttexturenofocus>
					<usealttexture>Skin.HasSetting(ListRadioStation)</usealttexture>
					<onclick>Skin.ToggleSetting(SaveRadioStation)</onclick>
					<onclick condition="!Skin.HasSetting(DeleteRadioStation)">Skin.ToggleSetting(DeleteRadioStation)</onclick>
					<onclick>SetFocus(999)</onclick>
				</control>
				<control type="button">
					<visible>Window.IsVisible(Home)</visible>
					<width>80</width>
					<height>80</height>
					<texturefocus colordiffuse="selected">osd_volume.png</texturefocus>
					<texturenofocus>osd_volume.png</texturenofocus>
					<onclick>ActivateWindow(1115)</onclick>
					<onclick>SetFocus(999)</onclick>
				</control>
				<control type="button">
					<width>80</width>
					<height>80</height>
					<texturefocus colordiffuse="selected">osd_forward.png</texturefocus>
					<texturenofocus colordiffuse="$VAR[ModeColorTune]">osd_forward.png</texturenofocus>
					<onclick>RunScript(service.radiofm,TUNE_UP)</onclick>
					<onclick>SetFocus(999)</onclick>
				</control>
				<control type="button">
					<width>80</width>
					<height>80</height>
					<texturefocus colordiffuse="selected">osd_next.png</texturefocus>
					<texturenofocus colordiffuse="$VAR[ModeColorSeek]">osd_next.png</texturenofocus>
					<onclick>RunScript(service.radiofm,SEEK_UP)</onclick>
					<onclick>SetFocus(999)</onclick>
				</control>
			</control>
		</control>
	</include>

	<include name="RadioStationName">
		<control type="group">
			<description>Logo area</description>
			<visible>substring(Window(Home).Property(Radio.Active),true) + !Skin.HasSetting(HideAlternateRadio)</visible>
        		<control type="label">
				<include>Window_OpenClose_Animation_Zoom</include>
            			<posx>603</posx>
            			<posy>460</posy>
            			<width>500</width>
            			<height>50</height>
            			<font>font70_title</font>
            			<textcolor>white</textcolor>
				<shadowcolor>black</shadowcolor>
            			<align>center</align>
            			<aligny>center</aligny>
            			<label>$INFO[Window(Home).Property(Radio.Frequency)] MHz</label>
        		</control>
        		<control type="label">
				<include>Window_OpenClose_Animation_Zoom</include>
            			<posx>603</posx>
            			<posy>380</posy>
            			<width>500</width>
            			<height>50</height>
            			<font>font70_title</font>
            			<textcolor>white</textcolor>
				<shadowcolor>black</shadowcolor>
            			<align>center</align>
            			<aligny>center</aligny>
            			<label>$INFO[Window(Home).Property(Radio.StationName)]</label>
        		</control>
        		<control type="label">
				<include>Window_OpenClose_Animation_Fade</include>
				<visible>!Window.IsVisible(ExtendedProgressDialog)</visible>
				<visible>!Window.IsVisible(Notification)</visible>
            			<visible>!Skin.HasSetting(HideHomeRadioText)</visible>
            			<posx>193</posx>
            			<posy>16</posy>
            			<width>1130</width>
            			<height>50</height>
            			<font>font30_title</font>
            			<textcolor>white</textcolor>
				<shadowcolor>black</shadowcolor>
            			<align>center</align>
            			<aligny>center</aligny>
				<scroll>true</scroll>
            			<scrollspeed>30</scrollspeed>
            			<label>$INFO[Window(Home).Property(Radio.RadioText)]</label>
        		</control>
    		</control>
		<control type="group">
			<description>top area</description>
			<visible>substring(Window(Home).Property(Radio.Active),true) + Skin.HasSetting(HideAlternateRadio)</visible>
        		<control type="label">
				<include>Window_OpenClose_Animation_Fade</include>
				<visible>!Window.IsVisible(ExtendedProgressDialog)</visible>
				<visible>!Window.IsVisible(Notification)</visible>
            			<posx>800</posx>
            			<posy>16</posy>
            			<width>180</width>
            			<height>50</height>
            			<font>font30_title</font>
            			<textcolor>white</textcolor>
				<shadowcolor>black</shadowcolor>
            			<align>right</align>
            			<aligny>center</aligny>
				<scroll>true</scroll>
            			<scrollspeed>30</scrollspeed>
            			<label>$INFO[Window(Home).Property(Radio.Frequency)] MHz</label>
        		</control>
        		<control type="label">
				<include>Window_OpenClose_Animation_Fade</include>
				<visible>!Window.IsVisible(ExtendedProgressDialog)</visible>
				<visible>!Window.IsVisible(Notification)</visible>
            			<posx>903</posx>
            			<posy>16</posy>
            			<width>300</width>
            			<height>50</height>
            			<font>font30_title</font>
            			<textcolor>white</textcolor>
				<shadowcolor>black</shadowcolor>
            			<align>left</align>
            			<aligny>center</aligny>
				<scroll>true</scroll>
            			<scrollspeed>30</scrollspeed>
            			<label>$INFO[Window(Home).Property(Radio.StationName)]</label>
        		</control>
    		</control>
	</include>
</includes>