﻿<?xml version="1.0" encoding="UTF-8" standalone="yes"?>
	<addon id="service.skin.viewswitcher" name="Skin ViewSwitcher Service" version="0.0.3" provider-name="hawkeyexp">
	<requires>
		<import addon="xbmc.python" version="2.13.0"/>
		<import addon="xbmc.addon" version="12.0.0"/>
	</requires>

	<extension library="service.py" point="xbmc.service" start="login" />

	<extension point="xbmc.addon.metadata">
		<summary lang="en">Skin ViewSwitcher Service</summary>
        <description>Skin ViewSwitcher Service</description>
		<language></language>
		<platform>all</platform>
		<license>GPL v2.0</license>
		<forum></forum>
		<website></website>
		<source></source>
	</extension>
</addon>