<?xml version="1.0" encoding="UTF-8"?>
<window type="dialog" id="1122">
	<defaultcontrol always="true">100</defaultcontrol>
	<include>16x9_xPos_Relocation</include>
	<include>Window_OpenClose_Animation_Zoom</include>
	<coordinates>
		<posx>280</posx>
		<posy>90</posy>
	</coordinates>
	<controls>
		<include>BehindDialogFadeOut</include>
		<control type="image">
			<posx>0</posx>
			<posy>0</posy>
			<width>800</width>
			<height>80</height>
			<texture border="5">dialog_header.png</texture>
		</control>
		<control type="image">
			<posx>0</posx>
			<posy>80</posy>
			<width>800</width>
			<height>720</height>
			<texture>dialog_back.png</texture>
		</control>
		<control type="group">
			<posx>710</posx>
			<posy>0</posy>
			<include>DialogCloseButtonCommons</include>
		</control>

		<control type="grouplist" id="100">
			<description>control area</description>
			<posx>0</posx>
			<posy>80</posy>
			<width>800</width>
			<height>720</height>
			<ondown>100</ondown>
			<onup>100</onup>
			<onleft>2</onleft>
			<onright>30</onright>
			<pagecontrol>60</pagecontrol>
<!-- Start base set -->
			<control type="button" id="101">
				<height>80</height>
				<width>734</width>
				<font>font30_title</font>
				<focusedcolor>black</focusedcolor>
				<textcolor>black</textcolor>
				<texturefocus colordiffuse="selected">white.png</texturefocus>
				<texturenofocus colordiffuse="selected">white.png</texturenofocus>
				<label>$LOCALIZE[31390]</label>
				<onclick condition="StringCompare(Skin.String(HomeButtonSelected),1)">Skin.SetString(OutlineHomeButton1,selected)</onclick>
				<onclick condition="StringCompare(Skin.String(HomeButtonSelected),2)">Skin.SetString(OutlineHomeButton2,selected)</onclick>
				<onclick condition="StringCompare(Skin.String(HomeButtonSelected),3)">Skin.SetString(OutlineHomeButton3,selected)</onclick>
				<onclick condition="StringCompare(Skin.String(HomeButtonSelected),4)">Skin.SetString(OutlineHomeButton4,selected)</onclick>
				<onclick condition="StringCompare(Skin.String(HomeButtonSelected),5)">Skin.SetString(OutlineHomeButton5,selected)</onclick>
				<onclick condition="StringCompare(Skin.String(HomeButtonSelected),6)">Skin.SetString(OutlineHomeButton6,selected)</onclick>
				<onclick condition="StringCompare(Skin.String(HomeButtonSelected),7)">Skin.SetString(OutlineHomeButton7,selected)</onclick>
				<onclick condition="StringCompare(Skin.String(HomeButtonSelected),8)">Skin.SetString(OutlineHomeButton8,selected)</onclick>
				<onclick condition="StringCompare(Skin.String(HomeButtonSelected),98)">Skin.SetString(FutureClockHours,selected)</onclick>
				<onclick condition="StringCompare(Skin.String(HomeButtonSelected),99)">Skin.SetString(FutureClockMinutes,selected)</onclick>
				<onclick>Skin.SetString(HomeButtonSelected,)</onclick>
				<onclick>Dialog.Close(1122)</onclick>
			</control>
			<control type="button" id="102">
				<height>80</height>
				<width>734</width>
				<texturefocus colordiffuse="FFFFFFFF">white.png</texturefocus>
				<texturenofocus colordiffuse="FFFFFFFF">white.png</texturenofocus>
				<onclick condition="StringCompare(Skin.String(HomeButtonSelected),1)">Skin.SetString(OutlineHomeButton1,FFFFFFFF)</onclick>
				<onclick condition="StringCompare(Skin.String(HomeButtonSelected),2)">Skin.SetString(OutlineHomeButton2,FFFFFFFF)</onclick>
				<onclick condition="StringCompare(Skin.String(HomeButtonSelected),3)">Skin.SetString(OutlineHomeButton3,FFFFFFFF)</onclick>
				<onclick condition="StringCompare(Skin.String(HomeButtonSelected),4)">Skin.SetString(OutlineHomeButton4,FFFFFFFF)</onclick>
				<onclick condition="StringCompare(Skin.String(HomeButtonSelected),5)">Skin.SetString(OutlineHomeButton5,FFFFFFFF)</onclick>
				<onclick condition="StringCompare(Skin.String(HomeButtonSelected),6)">Skin.SetString(OutlineHomeButton6,FFFFFFFF)</onclick>
				<onclick condition="StringCompare(Skin.String(HomeButtonSelected),7)">Skin.SetString(OutlineHomeButton7,FFFFFFFF)</onclick>
				<onclick condition="StringCompare(Skin.String(HomeButtonSelected),8)">Skin.SetString(OutlineHomeButton8,FFFFFFFF)</onclick>
				<onclick condition="StringCompare(Skin.String(HomeButtonSelected),98)">Skin.SetString(FutureClockHours,FFFFFFFF)</onclick>
				<onclick condition="StringCompare(Skin.String(HomeButtonSelected),99)">Skin.SetString(FutureClockMinutes,FFFFFFFF)</onclick>
				<onclick>Skin.SetString(HomeButtonSelected,)</onclick>
				<onclick>Dialog.Close(1122)</onclick>
			</control>
			<control type="button" id="103">
				<height>80</height>
				<width>734</width>
				<texturefocus colordiffuse="FF000000">white.png</texturefocus>
				<texturenofocus colordiffuse="FF000000">white.png</texturenofocus>
				<onclick condition="StringCompare(Skin.String(HomeButtonSelected),1)">Skin.SetString(OutlineHomeButton1,FF000000)</onclick>
				<onclick condition="StringCompare(Skin.String(HomeButtonSelected),2)">Skin.SetString(OutlineHomeButton2,FF000000)</onclick>
				<onclick condition="StringCompare(Skin.String(HomeButtonSelected),3)">Skin.SetString(OutlineHomeButton3,FF000000)</onclick>
				<onclick condition="StringCompare(Skin.String(HomeButtonSelected),4)">Skin.SetString(OutlineHomeButton4,FF000000)</onclick>
				<onclick condition="StringCompare(Skin.String(HomeButtonSelected),5)">Skin.SetString(OutlineHomeButton5,FF000000)</onclick>
				<onclick condition="StringCompare(Skin.String(HomeButtonSelected),6)">Skin.SetString(OutlineHomeButton6,FF000000)</onclick>
				<onclick condition="StringCompare(Skin.String(HomeButtonSelected),7)">Skin.SetString(OutlineHomeButton7,FF000000)</onclick>
				<onclick condition="StringCompare(Skin.String(HomeButtonSelected),8)">Skin.SetString(OutlineHomeButton8,FF000000)</onclick>
				<onclick condition="StringCompare(Skin.String(HomeButtonSelected),98)">Skin.SetString(FutureClockHours,FF000000)</onclick>
				<onclick condition="StringCompare(Skin.String(HomeButtonSelected),99)">Skin.SetString(FutureClockMinutes,FF000000)</onclick>
				<onclick>Skin.SetString(HomeButtonSelected,)</onclick>
				<onclick>Dialog.Close(1122)</onclick>
			</control>
<!-- End base set -->

<!-- Start set 1 -->
			<control type="button" id="104">
				<height>80</height>
				<width>734</width>
				<texturefocus colordiffuse="FF990000">white.png</texturefocus>
				<texturenofocus colordiffuse="FF990000">white.png</texturenofocus>
				<onclick condition="StringCompare(Skin.String(HomeButtonSelected),1)">Skin.SetString(OutlineHomeButton1,FF990000)</onclick>
				<onclick condition="StringCompare(Skin.String(HomeButtonSelected),2)">Skin.SetString(OutlineHomeButton2,FF990000)</onclick>
				<onclick condition="StringCompare(Skin.String(HomeButtonSelected),3)">Skin.SetString(OutlineHomeButton3,FF990000)</onclick>
				<onclick condition="StringCompare(Skin.String(HomeButtonSelected),4)">Skin.SetString(OutlineHomeButton4,FF990000)</onclick>
				<onclick condition="StringCompare(Skin.String(HomeButtonSelected),5)">Skin.SetString(OutlineHomeButton5,FF990000)</onclick>
				<onclick condition="StringCompare(Skin.String(HomeButtonSelected),6)">Skin.SetString(OutlineHomeButton6,FF990000)</onclick>
				<onclick condition="StringCompare(Skin.String(HomeButtonSelected),7)">Skin.SetString(OutlineHomeButton7,FF990000)</onclick>
				<onclick condition="StringCompare(Skin.String(HomeButtonSelected),8)">Skin.SetString(OutlineHomeButton8,FF990000)</onclick>
				<onclick condition="StringCompare(Skin.String(HomeButtonSelected),98)">Skin.SetString(FutureClockHours,FF990000)</onclick>
				<onclick condition="StringCompare(Skin.String(HomeButtonSelected),99)">Skin.SetString(FutureClockMinutes,FF990000)</onclick>
				<onclick>Skin.SetString(HomeButtonSelected,)</onclick>
				<onclick>Dialog.Close(1122)</onclick>
			</control>
			<control type="button" id="105">
				<height>80</height>
				<width>734</width>
				<texturefocus colordiffuse="FF994C00">white.png</texturefocus>
				<texturenofocus colordiffuse="FF994C00">white.png</texturenofocus>
				<onclick condition="StringCompare(Skin.String(HomeButtonSelected),1)">Skin.SetString(OutlineHomeButton1,FF994C00)</onclick>
				<onclick condition="StringCompare(Skin.String(HomeButtonSelected),2)">Skin.SetString(OutlineHomeButton2,FF994C00)</onclick>
				<onclick condition="StringCompare(Skin.String(HomeButtonSelected),3)">Skin.SetString(OutlineHomeButton3,FF994C00)</onclick>
				<onclick condition="StringCompare(Skin.String(HomeButtonSelected),4)">Skin.SetString(OutlineHomeButton4,FF994C00)</onclick>
				<onclick condition="StringCompare(Skin.String(HomeButtonSelected),5)">Skin.SetString(OutlineHomeButton5,FF994C00)</onclick>
				<onclick condition="StringCompare(Skin.String(HomeButtonSelected),6)">Skin.SetString(OutlineHomeButton6,FF994C00)</onclick>
				<onclick condition="StringCompare(Skin.String(HomeButtonSelected),7)">Skin.SetString(OutlineHomeButton7,FF994C00)</onclick>
				<onclick condition="StringCompare(Skin.String(HomeButtonSelected),8)">Skin.SetString(OutlineHomeButton8,FF994C00)</onclick>
				<onclick condition="StringCompare(Skin.String(HomeButtonSelected),98)">Skin.SetString(FutureClockHours,FF994C00)</onclick>
				<onclick condition="StringCompare(Skin.String(HomeButtonSelected),99)">Skin.SetString(FutureClockMinutes,FF994C00)</onclick>
				<onclick>Skin.SetString(HomeButtonSelected,)</onclick>
				<onclick>Dialog.Close(1122)</onclick>
			</control>
			<control type="button" id="106">
				<height>80</height>
				<width>734</width>
				<texturefocus colordiffuse="FF999900">white.png</texturefocus>
				<texturenofocus colordiffuse="FF999900">white.png</texturenofocus>
				<onclick condition="StringCompare(Skin.String(HomeButtonSelected),1)">Skin.SetString(OutlineHomeButton1,FF999900)</onclick>
				<onclick condition="StringCompare(Skin.String(HomeButtonSelected),2)">Skin.SetString(OutlineHomeButton2,FF999900)</onclick>
				<onclick condition="StringCompare(Skin.String(HomeButtonSelected),3)">Skin.SetString(OutlineHomeButton3,FF999900)</onclick>
				<onclick condition="StringCompare(Skin.String(HomeButtonSelected),4)">Skin.SetString(OutlineHomeButton4,FF999900)</onclick>
				<onclick condition="StringCompare(Skin.String(HomeButtonSelected),5)">Skin.SetString(OutlineHomeButton5,FF999900)</onclick>
				<onclick condition="StringCompare(Skin.String(HomeButtonSelected),6)">Skin.SetString(OutlineHomeButton6,FF999900)</onclick>
				<onclick condition="StringCompare(Skin.String(HomeButtonSelected),7)">Skin.SetString(OutlineHomeButton7,FF999900)</onclick>
				<onclick condition="StringCompare(Skin.String(HomeButtonSelected),8)">Skin.SetString(OutlineHomeButton8,FF999900)</onclick>
				<onclick condition="StringCompare(Skin.String(HomeButtonSelected),98)">Skin.SetString(FutureClockHours,FF999900)</onclick>
				<onclick condition="StringCompare(Skin.String(HomeButtonSelected),99)">Skin.SetString(FutureClockMinutes,FF999900)</onclick>
				<onclick>Skin.SetString(HomeButtonSelected,)</onclick>
				<onclick>Dialog.Close(1122)</onclick>
			</control>
			<control type="button" id="107">
				<height>80</height>
				<width>734</width>
				<texturefocus colordiffuse="FF4C9900">white.png</texturefocus>
				<texturenofocus colordiffuse="FF4C9900">white.png</texturenofocus>
				<onclick condition="StringCompare(Skin.String(HomeButtonSelected),1)">Skin.SetString(OutlineHomeButton1,FF4C9900)</onclick>
				<onclick condition="StringCompare(Skin.String(HomeButtonSelected),2)">Skin.SetString(OutlineHomeButton2,FF4C9900)</onclick>
				<onclick condition="StringCompare(Skin.String(HomeButtonSelected),3)">Skin.SetString(OutlineHomeButton3,FF4C9900)</onclick>
				<onclick condition="StringCompare(Skin.String(HomeButtonSelected),4)">Skin.SetString(OutlineHomeButton4,FF4C9900)</onclick>
				<onclick condition="StringCompare(Skin.String(HomeButtonSelected),5)">Skin.SetString(OutlineHomeButton5,FF4C9900)</onclick>
				<onclick condition="StringCompare(Skin.String(HomeButtonSelected),6)">Skin.SetString(OutlineHomeButton6,FF4C9900)</onclick>
				<onclick condition="StringCompare(Skin.String(HomeButtonSelected),7)">Skin.SetString(OutlineHomeButton7,FF4C9900)</onclick>
				<onclick condition="StringCompare(Skin.String(HomeButtonSelected),8)">Skin.SetString(OutlineHomeButton8,FF4C9900)</onclick>
				<onclick condition="StringCompare(Skin.String(HomeButtonSelected),98)">Skin.SetString(FutureClockHours,FF4C9900)</onclick>
				<onclick condition="StringCompare(Skin.String(HomeButtonSelected),99)">Skin.SetString(FutureClockMinutes,FF4C9900)</onclick>
				<onclick>Skin.SetString(HomeButtonSelected,)</onclick>
				<onclick>Dialog.Close(1122)</onclick>
			</control>
			<control type="button" id="108">
				<height>80</height>
				<width>734</width>
				<texturefocus colordiffuse="FF009900">white.png</texturefocus>
				<texturenofocus colordiffuse="FF009900">white.png</texturenofocus>
				<onclick condition="StringCompare(Skin.String(HomeButtonSelected),1)">Skin.SetString(OutlineHomeButton1,FF009900)</onclick>
				<onclick condition="StringCompare(Skin.String(HomeButtonSelected),2)">Skin.SetString(OutlineHomeButton2,FF009900)</onclick>
				<onclick condition="StringCompare(Skin.String(HomeButtonSelected),3)">Skin.SetString(OutlineHomeButton3,FF009900)</onclick>
				<onclick condition="StringCompare(Skin.String(HomeButtonSelected),4)">Skin.SetString(OutlineHomeButton4,FF009900)</onclick>
				<onclick condition="StringCompare(Skin.String(HomeButtonSelected),5)">Skin.SetString(OutlineHomeButton5,FF009900)</onclick>
				<onclick condition="StringCompare(Skin.String(HomeButtonSelected),6)">Skin.SetString(OutlineHomeButton6,FF009900)</onclick>
				<onclick condition="StringCompare(Skin.String(HomeButtonSelected),7)">Skin.SetString(OutlineHomeButton7,FF009900)</onclick>
				<onclick condition="StringCompare(Skin.String(HomeButtonSelected),8)">Skin.SetString(OutlineHomeButton8,FF009900)</onclick>
				<onclick condition="StringCompare(Skin.String(HomeButtonSelected),98)">Skin.SetString(FutureClockHours,FF009900)</onclick>
				<onclick condition="StringCompare(Skin.String(HomeButtonSelected),99)">Skin.SetString(FutureClockMinutes,FF009900)</onclick>
				<onclick>Skin.SetString(HomeButtonSelected,)</onclick>
				<onclick>Dialog.Close(1122)</onclick>
			</control>
			<control type="button" id="109">
				<height>80</height>
				<width>734</width>
				<texturefocus colordiffuse="FF00994C">white.png</texturefocus>
				<texturenofocus colordiffuse="FF00994C">white.png</texturenofocus>
				<onclick condition="StringCompare(Skin.String(HomeButtonSelected),1)">Skin.SetString(OutlineHomeButton1,FF00994C)</onclick>
				<onclick condition="StringCompare(Skin.String(HomeButtonSelected),2)">Skin.SetString(OutlineHomeButton2,FF00994C)</onclick>
				<onclick condition="StringCompare(Skin.String(HomeButtonSelected),3)">Skin.SetString(OutlineHomeButton3,FF00994C)</onclick>
				<onclick condition="StringCompare(Skin.String(HomeButtonSelected),4)">Skin.SetString(OutlineHomeButton4,FF00994C)</onclick>
				<onclick condition="StringCompare(Skin.String(HomeButtonSelected),5)">Skin.SetString(OutlineHomeButton5,FF00994C)</onclick>
				<onclick condition="StringCompare(Skin.String(HomeButtonSelected),6)">Skin.SetString(OutlineHomeButton6,FF00994C)</onclick>
				<onclick condition="StringCompare(Skin.String(HomeButtonSelected),7)">Skin.SetString(OutlineHomeButton7,FF00994C)</onclick>
				<onclick condition="StringCompare(Skin.String(HomeButtonSelected),8)">Skin.SetString(OutlineHomeButton8,FF00994C)</onclick>
				<onclick condition="StringCompare(Skin.String(HomeButtonSelected),98)">Skin.SetString(FutureClockHours,FF00994C)</onclick>
				<onclick condition="StringCompare(Skin.String(HomeButtonSelected),99)">Skin.SetString(FutureClockMinutes,FF00994C)</onclick>
				<onclick>Skin.SetString(HomeButtonSelected,)</onclick>
				<onclick>Dialog.Close(1122)</onclick>
			</control>
			<control type="button" id="110">
				<height>80</height>
				<width>734</width>
				<texturefocus colordiffuse="FF009999">white.png</texturefocus>
				<texturenofocus colordiffuse="FF009999">white.png</texturenofocus>
				<onclick condition="StringCompare(Skin.String(HomeButtonSelected),1)">Skin.SetString(OutlineHomeButton1,FF009999)</onclick>
				<onclick condition="StringCompare(Skin.String(HomeButtonSelected),2)">Skin.SetString(OutlineHomeButton2,FF009999)</onclick>
				<onclick condition="StringCompare(Skin.String(HomeButtonSelected),3)">Skin.SetString(OutlineHomeButton3,FF009999)</onclick>
				<onclick condition="StringCompare(Skin.String(HomeButtonSelected),4)">Skin.SetString(OutlineHomeButton4,FF009999)</onclick>
				<onclick condition="StringCompare(Skin.String(HomeButtonSelected),5)">Skin.SetString(OutlineHomeButton5,FF009999)</onclick>
				<onclick condition="StringCompare(Skin.String(HomeButtonSelected),6)">Skin.SetString(OutlineHomeButton6,FF009999)</onclick>
				<onclick condition="StringCompare(Skin.String(HomeButtonSelected),7)">Skin.SetString(OutlineHomeButton7,FF009999)</onclick>
				<onclick condition="StringCompare(Skin.String(HomeButtonSelected),8)">Skin.SetString(OutlineHomeButton8,FF009999)</onclick>
				<onclick condition="StringCompare(Skin.String(HomeButtonSelected),98)">Skin.SetString(FutureClockHours,FF009999)</onclick>
				<onclick condition="StringCompare(Skin.String(HomeButtonSelected),99)">Skin.SetString(FutureClockMinutes,FF009999)</onclick>
				<onclick>Skin.SetString(HomeButtonSelected,)</onclick>
				<onclick>Dialog.Close(1122)</onclick>
			</control>
			<control type="button" id="111">
				<height>80</height>
				<width>734</width>
				<texturefocus colordiffuse="FF004C99">white.png</texturefocus>
				<texturenofocus colordiffuse="FF004C99">white.png</texturenofocus>
				<onclick condition="StringCompare(Skin.String(HomeButtonSelected),1)">Skin.SetString(OutlineHomeButton1,FF004C99)</onclick>
				<onclick condition="StringCompare(Skin.String(HomeButtonSelected),2)">Skin.SetString(OutlineHomeButton2,FF004C99)</onclick>
				<onclick condition="StringCompare(Skin.String(HomeButtonSelected),3)">Skin.SetString(OutlineHomeButton3,FF004C99)</onclick>
				<onclick condition="StringCompare(Skin.String(HomeButtonSelected),4)">Skin.SetString(OutlineHomeButton4,FF004C99)</onclick>
				<onclick condition="StringCompare(Skin.String(HomeButtonSelected),5)">Skin.SetString(OutlineHomeButton5,FF004C99)</onclick>
				<onclick condition="StringCompare(Skin.String(HomeButtonSelected),6)">Skin.SetString(OutlineHomeButton6,FF004C99)</onclick>
				<onclick condition="StringCompare(Skin.String(HomeButtonSelected),7)">Skin.SetString(OutlineHomeButton7,FF004C99)</onclick>
				<onclick condition="StringCompare(Skin.String(HomeButtonSelected),8)">Skin.SetString(OutlineHomeButton8,FF004C99)</onclick>
				<onclick condition="StringCompare(Skin.String(HomeButtonSelected),98)">Skin.SetString(FutureClockHours,FF004C99)</onclick>
				<onclick condition="StringCompare(Skin.String(HomeButtonSelected),99)">Skin.SetString(FutureClockMinutes,FF004C99)</onclick>
				<onclick>Skin.SetString(HomeButtonSelected,)</onclick>
				<onclick>Dialog.Close(1122)</onclick>
			</control>
			<control type="button" id="112">
				<height>80</height>
				<width>734</width>
				<texturefocus colordiffuse="FF000099">white.png</texturefocus>
				<texturenofocus colordiffuse="FF000099">white.png</texturenofocus>
				<onclick condition="StringCompare(Skin.String(HomeButtonSelected),1)">Skin.SetString(OutlineHomeButton1,FF000099)</onclick>
				<onclick condition="StringCompare(Skin.String(HomeButtonSelected),2)">Skin.SetString(OutlineHomeButton2,FF000099)</onclick>
				<onclick condition="StringCompare(Skin.String(HomeButtonSelected),3)">Skin.SetString(OutlineHomeButton3,FF000099)</onclick>
				<onclick condition="StringCompare(Skin.String(HomeButtonSelected),4)">Skin.SetString(OutlineHomeButton4,FF000099)</onclick>
				<onclick condition="StringCompare(Skin.String(HomeButtonSelected),5)">Skin.SetString(OutlineHomeButton5,FF000099)</onclick>
				<onclick condition="StringCompare(Skin.String(HomeButtonSelected),6)">Skin.SetString(OutlineHomeButton6,FF000099)</onclick>
				<onclick condition="StringCompare(Skin.String(HomeButtonSelected),7)">Skin.SetString(OutlineHomeButton7,FF000099)</onclick>
				<onclick condition="StringCompare(Skin.String(HomeButtonSelected),8)">Skin.SetString(OutlineHomeButton8,FF000099)</onclick>
				<onclick condition="StringCompare(Skin.String(HomeButtonSelected),98)">Skin.SetString(FutureClockHours,FF000099)</onclick>
				<onclick condition="StringCompare(Skin.String(HomeButtonSelected),99)">Skin.SetString(FutureClockMinutes,FF000099)</onclick>
				<onclick>Skin.SetString(HomeButtonSelected,)</onclick>
				<onclick>Dialog.Close(1122)</onclick>
			</control>
			<control type="button" id="113">
				<height>80</height>
				<width>734</width>
				<texturefocus colordiffuse="FF4C0099">white.png</texturefocus>
				<texturenofocus colordiffuse="FF4C0099">white.png</texturenofocus>
				<onclick condition="StringCompare(Skin.String(HomeButtonSelected),1)">Skin.SetString(OutlineHomeButton1,FF4C0099)</onclick>
				<onclick condition="StringCompare(Skin.String(HomeButtonSelected),2)">Skin.SetString(OutlineHomeButton2,FF4C0099)</onclick>
				<onclick condition="StringCompare(Skin.String(HomeButtonSelected),3)">Skin.SetString(OutlineHomeButton3,FF4C0099)</onclick>
				<onclick condition="StringCompare(Skin.String(HomeButtonSelected),4)">Skin.SetString(OutlineHomeButton4,FF4C0099)</onclick>
				<onclick condition="StringCompare(Skin.String(HomeButtonSelected),5)">Skin.SetString(OutlineHomeButton5,FF4C0099)</onclick>
				<onclick condition="StringCompare(Skin.String(HomeButtonSelected),6)">Skin.SetString(OutlineHomeButton6,FF4C0099)</onclick>
				<onclick condition="StringCompare(Skin.String(HomeButtonSelected),7)">Skin.SetString(OutlineHomeButton7,FF4C0099)</onclick>
				<onclick condition="StringCompare(Skin.String(HomeButtonSelected),8)">Skin.SetString(OutlineHomeButton8,FF4C0099)</onclick>
				<onclick condition="StringCompare(Skin.String(HomeButtonSelected),98)">Skin.SetString(FutureClockHours,FF4C0099)</onclick>
				<onclick condition="StringCompare(Skin.String(HomeButtonSelected),99)">Skin.SetString(FutureClockMinutes,FF4C0099)</onclick>
				<onclick>Skin.SetString(HomeButtonSelected,)</onclick>
				<onclick>Dialog.Close(1122)</onclick>
			</control>
			<control type="button" id="114">
				<height>80</height>
				<width>734</width>
				<texturefocus colordiffuse="FF990099">white.png</texturefocus>
				<texturenofocus colordiffuse="FF990099">white.png</texturenofocus>
				<onclick condition="StringCompare(Skin.String(HomeButtonSelected),1)">Skin.SetString(OutlineHomeButton1,FF990099)</onclick>
				<onclick condition="StringCompare(Skin.String(HomeButtonSelected),2)">Skin.SetString(OutlineHomeButton2,FF990099)</onclick>
				<onclick condition="StringCompare(Skin.String(HomeButtonSelected),3)">Skin.SetString(OutlineHomeButton3,FF990099)</onclick>
				<onclick condition="StringCompare(Skin.String(HomeButtonSelected),4)">Skin.SetString(OutlineHomeButton4,FF990099)</onclick>
				<onclick condition="StringCompare(Skin.String(HomeButtonSelected),5)">Skin.SetString(OutlineHomeButton5,FF990099)</onclick>
				<onclick condition="StringCompare(Skin.String(HomeButtonSelected),6)">Skin.SetString(OutlineHomeButton6,FF990099)</onclick>
				<onclick condition="StringCompare(Skin.String(HomeButtonSelected),7)">Skin.SetString(OutlineHomeButton7,FF990099)</onclick>
				<onclick condition="StringCompare(Skin.String(HomeButtonSelected),8)">Skin.SetString(OutlineHomeButton8,FF990099)</onclick>
				<onclick condition="StringCompare(Skin.String(HomeButtonSelected),98)">Skin.SetString(FutureClockHours,FF990099)</onclick>
				<onclick condition="StringCompare(Skin.String(HomeButtonSelected),99)">Skin.SetString(FutureClockMinutes,FF990099)</onclick>
				<onclick>Skin.SetString(HomeButtonSelected,)</onclick>
				<onclick>Dialog.Close(1122)</onclick>
			</control>
			<control type="button" id="115">
				<height>80</height>
				<width>734</width>
				<texturefocus colordiffuse="FF99004C">white.png</texturefocus>
				<texturenofocus colordiffuse="FF99004C">white.png</texturenofocus>
				<onclick condition="StringCompare(Skin.String(HomeButtonSelected),1)">Skin.SetString(OutlineHomeButton1,FF99004C)</onclick>
				<onclick condition="StringCompare(Skin.String(HomeButtonSelected),2)">Skin.SetString(OutlineHomeButton2,FF99004C)</onclick>
				<onclick condition="StringCompare(Skin.String(HomeButtonSelected),3)">Skin.SetString(OutlineHomeButton3,FF99004C)</onclick>
				<onclick condition="StringCompare(Skin.String(HomeButtonSelected),4)">Skin.SetString(OutlineHomeButton4,FF99004C)</onclick>
				<onclick condition="StringCompare(Skin.String(HomeButtonSelected),5)">Skin.SetString(OutlineHomeButton5,FF99004C)</onclick>
				<onclick condition="StringCompare(Skin.String(HomeButtonSelected),6)">Skin.SetString(OutlineHomeButton6,FF99004C)</onclick>
				<onclick condition="StringCompare(Skin.String(HomeButtonSelected),7)">Skin.SetString(OutlineHomeButton7,FF99004C)</onclick>
				<onclick condition="StringCompare(Skin.String(HomeButtonSelected),8)">Skin.SetString(OutlineHomeButton8,FF99004C)</onclick>
				<onclick condition="StringCompare(Skin.String(HomeButtonSelected),98)">Skin.SetString(FutureClockHours,FF99004C)</onclick>
				<onclick condition="StringCompare(Skin.String(HomeButtonSelected),99)">Skin.SetString(FutureClockMinutes,FF99004C)</onclick>
				<onclick>Skin.SetString(HomeButtonSelected,)</onclick>
				<onclick>Dialog.Close(1122)</onclick>
			</control>
			<control type="button" id="116">
				<height>80</height>
				<width>734</width>
				<texturefocus colordiffuse="FF404040">white.png</texturefocus>
				<texturenofocus colordiffuse="FF404040">white.png</texturenofocus>
				<onclick condition="StringCompare(Skin.String(HomeButtonSelected),1)">Skin.SetString(OutlineHomeButton1,FF404040)</onclick>
				<onclick condition="StringCompare(Skin.String(HomeButtonSelected),2)">Skin.SetString(OutlineHomeButton2,FF404040)</onclick>
				<onclick condition="StringCompare(Skin.String(HomeButtonSelected),3)">Skin.SetString(OutlineHomeButton3,FF404040)</onclick>
				<onclick condition="StringCompare(Skin.String(HomeButtonSelected),4)">Skin.SetString(OutlineHomeButton4,FF404040)</onclick>
				<onclick condition="StringCompare(Skin.String(HomeButtonSelected),5)">Skin.SetString(OutlineHomeButton5,FF404040)</onclick>
				<onclick condition="StringCompare(Skin.String(HomeButtonSelected),6)">Skin.SetString(OutlineHomeButton6,FF404040)</onclick>
				<onclick condition="StringCompare(Skin.String(HomeButtonSelected),7)">Skin.SetString(OutlineHomeButton7,FF404040)</onclick>
				<onclick condition="StringCompare(Skin.String(HomeButtonSelected),8)">Skin.SetString(OutlineHomeButton8,FF404040)</onclick>
				<onclick condition="StringCompare(Skin.String(HomeButtonSelected),98)">Skin.SetString(FutureClockHours,FF404040)</onclick>
				<onclick condition="StringCompare(Skin.String(HomeButtonSelected),99)">Skin.SetString(FutureClockMinutes,FF404040)</onclick>
				<onclick>Skin.SetString(HomeButtonSelected,)</onclick>
				<onclick>Dialog.Close(1122)</onclick>
			</control>
<!-- End set 1 -->
<!-- Start set 2 -->
			<control type="button" id="117">
				<height>80</height>
				<width>734</width>
				<texturefocus colordiffuse="FFFF0000">white.png</texturefocus>
				<texturenofocus colordiffuse="FFFF0000">white.png</texturenofocus>
				<onclick condition="StringCompare(Skin.String(HomeButtonSelected),1)">Skin.SetString(OutlineHomeButton1,FFFF0000)</onclick>
				<onclick condition="StringCompare(Skin.String(HomeButtonSelected),2)">Skin.SetString(OutlineHomeButton2,FFFF0000)</onclick>
				<onclick condition="StringCompare(Skin.String(HomeButtonSelected),3)">Skin.SetString(OutlineHomeButton3,FFFF0000)</onclick>
				<onclick condition="StringCompare(Skin.String(HomeButtonSelected),4)">Skin.SetString(OutlineHomeButton4,FFFF0000)</onclick>
				<onclick condition="StringCompare(Skin.String(HomeButtonSelected),5)">Skin.SetString(OutlineHomeButton5,FFFF0000)</onclick>
				<onclick condition="StringCompare(Skin.String(HomeButtonSelected),6)">Skin.SetString(OutlineHomeButton6,FFFF0000)</onclick>
				<onclick condition="StringCompare(Skin.String(HomeButtonSelected),7)">Skin.SetString(OutlineHomeButton7,FFFF0000)</onclick>
				<onclick condition="StringCompare(Skin.String(HomeButtonSelected),8)">Skin.SetString(OutlineHomeButton8,FFFF0000)</onclick>
				<onclick condition="StringCompare(Skin.String(HomeButtonSelected),98)">Skin.SetString(FutureClockHours,FFFF0000)</onclick>
				<onclick condition="StringCompare(Skin.String(HomeButtonSelected),99)">Skin.SetString(FutureClockMinutes,FFFF0000)</onclick>
				<onclick>Skin.SetString(HomeButtonSelected,)</onclick>
				<onclick>Dialog.Close(1122)</onclick>
			</control>
			<control type="button" id="118">
				<height>80</height>
				<width>734</width>
				<texturefocus colordiffuse="FFFF8000">white.png</texturefocus>
				<texturenofocus colordiffuse="FFFF8000">white.png</texturenofocus>
				<onclick condition="StringCompare(Skin.String(HomeButtonSelected),1)">Skin.SetString(OutlineHomeButton1,FFFF8000)</onclick>
				<onclick condition="StringCompare(Skin.String(HomeButtonSelected),2)">Skin.SetString(OutlineHomeButton2,FFFF8000)</onclick>
				<onclick condition="StringCompare(Skin.String(HomeButtonSelected),3)">Skin.SetString(OutlineHomeButton3,FFFF8000)</onclick>
				<onclick condition="StringCompare(Skin.String(HomeButtonSelected),4)">Skin.SetString(OutlineHomeButton4,FFFF8000)</onclick>
				<onclick condition="StringCompare(Skin.String(HomeButtonSelected),5)">Skin.SetString(OutlineHomeButton5,FFFF8000)</onclick>
				<onclick condition="StringCompare(Skin.String(HomeButtonSelected),6)">Skin.SetString(OutlineHomeButton6,FFFF8000)</onclick>
				<onclick condition="StringCompare(Skin.String(HomeButtonSelected),7)">Skin.SetString(OutlineHomeButton7,FFFF8000)</onclick>
				<onclick condition="StringCompare(Skin.String(HomeButtonSelected),8)">Skin.SetString(OutlineHomeButton8,FFFF8000)</onclick>
				<onclick condition="StringCompare(Skin.String(HomeButtonSelected),98)">Skin.SetString(FutureClockHours,FFFF8000)</onclick>
				<onclick condition="StringCompare(Skin.String(HomeButtonSelected),99)">Skin.SetString(FutureClockMinutes,FFFF8000)</onclick>
				<onclick>Skin.SetString(HomeButtonSelected,)</onclick>
				<onclick>Dialog.Close(1122)</onclick>
			</control>
			<control type="button" id="119">
				<height>80</height>
				<width>734</width>
				<texturefocus colordiffuse="FFFFFF00">white.png</texturefocus>
				<texturenofocus colordiffuse="FFFFFF00">white.png</texturenofocus>
				<onclick condition="StringCompare(Skin.String(HomeButtonSelected),1)">Skin.SetString(OutlineHomeButton1,FFFFFF00)</onclick>
				<onclick condition="StringCompare(Skin.String(HomeButtonSelected),2)">Skin.SetString(OutlineHomeButton2,FFFFFF00)</onclick>
				<onclick condition="StringCompare(Skin.String(HomeButtonSelected),3)">Skin.SetString(OutlineHomeButton3,FFFFFF00)</onclick>
				<onclick condition="StringCompare(Skin.String(HomeButtonSelected),4)">Skin.SetString(OutlineHomeButton4,FFFFFF00)</onclick>
				<onclick condition="StringCompare(Skin.String(HomeButtonSelected),5)">Skin.SetString(OutlineHomeButton5,FFFFFF00)</onclick>
				<onclick condition="StringCompare(Skin.String(HomeButtonSelected),6)">Skin.SetString(OutlineHomeButton6,FFFFFF00)</onclick>
				<onclick condition="StringCompare(Skin.String(HomeButtonSelected),7)">Skin.SetString(OutlineHomeButton7,FFFFFF00)</onclick>
				<onclick condition="StringCompare(Skin.String(HomeButtonSelected),8)">Skin.SetString(OutlineHomeButton8,FFFFFF00)</onclick>
				<onclick condition="StringCompare(Skin.String(HomeButtonSelected),98)">Skin.SetString(FutureClockHours,FFFFFF00)</onclick>
				<onclick condition="StringCompare(Skin.String(HomeButtonSelected),99)">Skin.SetString(FutureClockMinutes,FFFFFF00)</onclick>
				<onclick>Skin.SetString(HomeButtonSelected,)</onclick>
				<onclick>Dialog.Close(1122)</onclick>
			</control>
			<control type="button" id="120">
				<height>80</height>
				<width>734</width>
				<texturefocus colordiffuse="FF80FF00">white.png</texturefocus>
				<texturenofocus colordiffuse="FF80FF00">white.png</texturenofocus>
				<onclick condition="StringCompare(Skin.String(HomeButtonSelected),1)">Skin.SetString(OutlineHomeButton1,FF80FF00)</onclick>
				<onclick condition="StringCompare(Skin.String(HomeButtonSelected),2)">Skin.SetString(OutlineHomeButton2,FF80FF00)</onclick>
				<onclick condition="StringCompare(Skin.String(HomeButtonSelected),3)">Skin.SetString(OutlineHomeButton3,FF80FF00)</onclick>
				<onclick condition="StringCompare(Skin.String(HomeButtonSelected),4)">Skin.SetString(OutlineHomeButton4,FF80FF00)</onclick>
				<onclick condition="StringCompare(Skin.String(HomeButtonSelected),5)">Skin.SetString(OutlineHomeButton5,FF80FF00)</onclick>
				<onclick condition="StringCompare(Skin.String(HomeButtonSelected),6)">Skin.SetString(OutlineHomeButton6,FF80FF00)</onclick>
				<onclick condition="StringCompare(Skin.String(HomeButtonSelected),7)">Skin.SetString(OutlineHomeButton7,FF80FF00)</onclick>
				<onclick condition="StringCompare(Skin.String(HomeButtonSelected),8)">Skin.SetString(OutlineHomeButton8,FF80FF00)</onclick>
				<onclick condition="StringCompare(Skin.String(HomeButtonSelected),98)">Skin.SetString(FutureClockHours,FF80FF00)</onclick>
				<onclick condition="StringCompare(Skin.String(HomeButtonSelected),99)">Skin.SetString(FutureClockMinutes,FF80FF00)</onclick>
				<onclick>Skin.SetString(HomeButtonSelected,)</onclick>
				<onclick>Dialog.Close(1122)</onclick>
			</control>
			<control type="button" id="121">
				<height>80</height>
				<width>734</width>
				<texturefocus colordiffuse="FF00FF00">white.png</texturefocus>
				<texturenofocus colordiffuse="FF00FF00">white.png</texturenofocus>
				<onclick condition="StringCompare(Skin.String(HomeButtonSelected),1)">Skin.SetString(OutlineHomeButton1,FF00FF00)</onclick>
				<onclick condition="StringCompare(Skin.String(HomeButtonSelected),2)">Skin.SetString(OutlineHomeButton2,FF00FF00)</onclick>
				<onclick condition="StringCompare(Skin.String(HomeButtonSelected),3)">Skin.SetString(OutlineHomeButton3,FF00FF00)</onclick>
				<onclick condition="StringCompare(Skin.String(HomeButtonSelected),4)">Skin.SetString(OutlineHomeButton4,FF00FF00)</onclick>
				<onclick condition="StringCompare(Skin.String(HomeButtonSelected),5)">Skin.SetString(OutlineHomeButton5,FF00FF00)</onclick>
				<onclick condition="StringCompare(Skin.String(HomeButtonSelected),6)">Skin.SetString(OutlineHomeButton6,FF00FF00)</onclick>
				<onclick condition="StringCompare(Skin.String(HomeButtonSelected),7)">Skin.SetString(OutlineHomeButton7,FF00FF00)</onclick>
				<onclick condition="StringCompare(Skin.String(HomeButtonSelected),8)">Skin.SetString(OutlineHomeButton8,FF00FF00)</onclick>
				<onclick condition="StringCompare(Skin.String(HomeButtonSelected),98)">Skin.SetString(FutureClockHours,FF00FF00)</onclick>
				<onclick condition="StringCompare(Skin.String(HomeButtonSelected),99)">Skin.SetString(FutureClockMinutes,FF00FF00)</onclick>
				<onclick>Skin.SetString(HomeButtonSelected,)</onclick>
				<onclick>Dialog.Close(1122)</onclick>
			</control>
			<control type="button" id="122">
				<height>80</height>
				<width>734</width>
				<texturefocus colordiffuse="FF00FF80">white.png</texturefocus>
				<texturenofocus colordiffuse="FF00FF80">white.png</texturenofocus>
				<onclick condition="StringCompare(Skin.String(HomeButtonSelected),1)">Skin.SetString(OutlineHomeButton1,FF00FF80)</onclick>
				<onclick condition="StringCompare(Skin.String(HomeButtonSelected),2)">Skin.SetString(OutlineHomeButton2,FF00FF80)</onclick>
				<onclick condition="StringCompare(Skin.String(HomeButtonSelected),3)">Skin.SetString(OutlineHomeButton3,FF00FF80)</onclick>
				<onclick condition="StringCompare(Skin.String(HomeButtonSelected),4)">Skin.SetString(OutlineHomeButton4,FF00FF80)</onclick>
				<onclick condition="StringCompare(Skin.String(HomeButtonSelected),5)">Skin.SetString(OutlineHomeButton5,FF00FF80)</onclick>
				<onclick condition="StringCompare(Skin.String(HomeButtonSelected),6)">Skin.SetString(OutlineHomeButton6,FF00FF80)</onclick>
				<onclick condition="StringCompare(Skin.String(HomeButtonSelected),7)">Skin.SetString(OutlineHomeButton7,FF00FF80)</onclick>
				<onclick condition="StringCompare(Skin.String(HomeButtonSelected),8)">Skin.SetString(OutlineHomeButton8,FF00FF80)</onclick>
				<onclick condition="StringCompare(Skin.String(HomeButtonSelected),98)">Skin.SetString(FutureClockHours,FF00FF80)</onclick>
				<onclick condition="StringCompare(Skin.String(HomeButtonSelected),99)">Skin.SetString(FutureClockMinutes,FF00FF80)</onclick>
				<onclick>Skin.SetString(HomeButtonSelected,)</onclick>
				<onclick>Dialog.Close(1122)</onclick>
			</control>
			<control type="button" id="123">
				<height>80</height>
				<width>734</width>
				<texturefocus colordiffuse="FF00FFFF">white.png</texturefocus>
				<texturenofocus colordiffuse="FF00FFFF">white.png</texturenofocus>
				<onclick condition="StringCompare(Skin.String(HomeButtonSelected),1)">Skin.SetString(OutlineHomeButton1,FF00FFFF)</onclick>
				<onclick condition="StringCompare(Skin.String(HomeButtonSelected),2)">Skin.SetString(OutlineHomeButton2,FF00FFFF)</onclick>
				<onclick condition="StringCompare(Skin.String(HomeButtonSelected),3)">Skin.SetString(OutlineHomeButton3,FF00FFFF)</onclick>
				<onclick condition="StringCompare(Skin.String(HomeButtonSelected),4)">Skin.SetString(OutlineHomeButton4,FF00FFFF)</onclick>
				<onclick condition="StringCompare(Skin.String(HomeButtonSelected),5)">Skin.SetString(OutlineHomeButton5,FF00FFFF)</onclick>
				<onclick condition="StringCompare(Skin.String(HomeButtonSelected),6)">Skin.SetString(OutlineHomeButton6,FF00FFFF)</onclick>
				<onclick condition="StringCompare(Skin.String(HomeButtonSelected),7)">Skin.SetString(OutlineHomeButton7,FF00FFFF)</onclick>
				<onclick condition="StringCompare(Skin.String(HomeButtonSelected),8)">Skin.SetString(OutlineHomeButton8,FF00FFFF)</onclick>
				<onclick condition="StringCompare(Skin.String(HomeButtonSelected),98)">Skin.SetString(FutureClockHours,FF00FFFF)</onclick>
				<onclick condition="StringCompare(Skin.String(HomeButtonSelected),99)">Skin.SetString(FutureClockMinutes,FF00FFFF)</onclick>
				<onclick>Skin.SetString(HomeButtonSelected,)</onclick>
				<onclick>Dialog.Close(1122)</onclick>
			</control>
			<control type="button" id="124">
				<height>80</height>
				<width>734</width>
				<texturefocus colordiffuse="FF0080FF">white.png</texturefocus>
				<texturenofocus colordiffuse="FF0080FF">white.png</texturenofocus>
				<onclick condition="StringCompare(Skin.String(HomeButtonSelected),1)">Skin.SetString(OutlineHomeButton1,FF0080FF)</onclick>
				<onclick condition="StringCompare(Skin.String(HomeButtonSelected),2)">Skin.SetString(OutlineHomeButton2,FF0080FF)</onclick>
				<onclick condition="StringCompare(Skin.String(HomeButtonSelected),3)">Skin.SetString(OutlineHomeButton3,FF0080FF)</onclick>
				<onclick condition="StringCompare(Skin.String(HomeButtonSelected),4)">Skin.SetString(OutlineHomeButton4,FF0080FF)</onclick>
				<onclick condition="StringCompare(Skin.String(HomeButtonSelected),5)">Skin.SetString(OutlineHomeButton5,FF0080FF)</onclick>
				<onclick condition="StringCompare(Skin.String(HomeButtonSelected),6)">Skin.SetString(OutlineHomeButton6,FF0080FF)</onclick>
				<onclick condition="StringCompare(Skin.String(HomeButtonSelected),7)">Skin.SetString(OutlineHomeButton7,FF0080FF)</onclick>
				<onclick condition="StringCompare(Skin.String(HomeButtonSelected),8)">Skin.SetString(OutlineHomeButton8,FF0080FF)</onclick>
				<onclick condition="StringCompare(Skin.String(HomeButtonSelected),98)">Skin.SetString(FutureClockHours,FF0080FF)</onclick>
				<onclick condition="StringCompare(Skin.String(HomeButtonSelected),99)">Skin.SetString(FutureClockMinutes,FF0080FF)</onclick>
				<onclick>Skin.SetString(HomeButtonSelected,)</onclick>
				<onclick>Dialog.Close(1122)</onclick>
			</control>
			<control type="button" id="125">
				<height>80</height>
				<width>734</width>
				<texturefocus colordiffuse="FF0000FF">white.png</texturefocus>
				<texturenofocus colordiffuse="FF0000FF">white.png</texturenofocus>
				<onclick condition="StringCompare(Skin.String(HomeButtonSelected),1)">Skin.SetString(OutlineHomeButton1,FF0000FF)</onclick>
				<onclick condition="StringCompare(Skin.String(HomeButtonSelected),2)">Skin.SetString(OutlineHomeButton2,FF0000FF)</onclick>
				<onclick condition="StringCompare(Skin.String(HomeButtonSelected),3)">Skin.SetString(OutlineHomeButton3,FF0000FF)</onclick>
				<onclick condition="StringCompare(Skin.String(HomeButtonSelected),4)">Skin.SetString(OutlineHomeButton4,FF0000FF)</onclick>
				<onclick condition="StringCompare(Skin.String(HomeButtonSelected),5)">Skin.SetString(OutlineHomeButton5,FF0000FF)</onclick>
				<onclick condition="StringCompare(Skin.String(HomeButtonSelected),6)">Skin.SetString(OutlineHomeButton6,FF0000FF)</onclick>
				<onclick condition="StringCompare(Skin.String(HomeButtonSelected),7)">Skin.SetString(OutlineHomeButton7,FF0000FF)</onclick>
				<onclick condition="StringCompare(Skin.String(HomeButtonSelected),8)">Skin.SetString(OutlineHomeButton8,FF0000FF)</onclick>
				<onclick condition="StringCompare(Skin.String(HomeButtonSelected),98)">Skin.SetString(FutureClockHours,FF0000FF)</onclick>
				<onclick condition="StringCompare(Skin.String(HomeButtonSelected),99)">Skin.SetString(FutureClockMinutes,FF0000FF)</onclick>
				<onclick>Skin.SetString(HomeButtonSelected,)</onclick>
				<onclick>Dialog.Close(1122)</onclick>
			</control>
			<control type="button" id="126">
				<height>80</height>
				<width>734</width>
				<texturefocus colordiffuse="FF7F00FF">white.png</texturefocus>
				<texturenofocus colordiffuse="FF7F00FF">white.png</texturenofocus>
				<onclick condition="StringCompare(Skin.String(HomeButtonSelected),1)">Skin.SetString(OutlineHomeButton1,FF7F00FF)</onclick>
				<onclick condition="StringCompare(Skin.String(HomeButtonSelected),2)">Skin.SetString(OutlineHomeButton2,FF7F00FF)</onclick>
				<onclick condition="StringCompare(Skin.String(HomeButtonSelected),3)">Skin.SetString(OutlineHomeButton3,FF7F00FF)</onclick>
				<onclick condition="StringCompare(Skin.String(HomeButtonSelected),4)">Skin.SetString(OutlineHomeButton4,FF7F00FF)</onclick>
				<onclick condition="StringCompare(Skin.String(HomeButtonSelected),5)">Skin.SetString(OutlineHomeButton5,FF7F00FF)</onclick>
				<onclick condition="StringCompare(Skin.String(HomeButtonSelected),6)">Skin.SetString(OutlineHomeButton6,FF7F00FF)</onclick>
				<onclick condition="StringCompare(Skin.String(HomeButtonSelected),7)">Skin.SetString(OutlineHomeButton7,FF7F00FF)</onclick>
				<onclick condition="StringCompare(Skin.String(HomeButtonSelected),8)">Skin.SetString(OutlineHomeButton8,FF7F00FF)</onclick>
				<onclick condition="StringCompare(Skin.String(HomeButtonSelected),98)">Skin.SetString(FutureClockHours,FF7F00FF)</onclick>
				<onclick condition="StringCompare(Skin.String(HomeButtonSelected),99)">Skin.SetString(FutureClockMinutes,FF7F00FF)</onclick>
				<onclick>Skin.SetString(HomeButtonSelected,)</onclick>
				<onclick>Dialog.Close(1122)</onclick>
			</control>
			<control type="button" id="127">
				<height>80</height>
				<width>734</width>
				<texturefocus colordiffuse="FFFF00FF">white.png</texturefocus>
				<texturenofocus colordiffuse="FFFF00FF">white.png</texturenofocus>
				<onclick condition="StringCompare(Skin.String(HomeButtonSelected),1)">Skin.SetString(OutlineHomeButton1,FFFF00FF)</onclick>
				<onclick condition="StringCompare(Skin.String(HomeButtonSelected),2)">Skin.SetString(OutlineHomeButton2,FFFF00FF)</onclick>
				<onclick condition="StringCompare(Skin.String(HomeButtonSelected),3)">Skin.SetString(OutlineHomeButton3,FFFF00FF)</onclick>
				<onclick condition="StringCompare(Skin.String(HomeButtonSelected),4)">Skin.SetString(OutlineHomeButton4,FFFF00FF)</onclick>
				<onclick condition="StringCompare(Skin.String(HomeButtonSelected),5)">Skin.SetString(OutlineHomeButton5,FFFF00FF)</onclick>
				<onclick condition="StringCompare(Skin.String(HomeButtonSelected),6)">Skin.SetString(OutlineHomeButton6,FFFF00FF)</onclick>
				<onclick condition="StringCompare(Skin.String(HomeButtonSelected),7)">Skin.SetString(OutlineHomeButton7,FFFF00FF)</onclick>
				<onclick condition="StringCompare(Skin.String(HomeButtonSelected),8)">Skin.SetString(OutlineHomeButton8,FFFF00FF)</onclick>
				<onclick condition="StringCompare(Skin.String(HomeButtonSelected),98)">Skin.SetString(FutureClockHours,FFFF00FF)</onclick>
				<onclick condition="StringCompare(Skin.String(HomeButtonSelected),99)">Skin.SetString(FutureClockMinutes,FFFF00FF)</onclick>
				<onclick>Skin.SetString(HomeButtonSelected,)</onclick>
				<onclick>Dialog.Close(1122)</onclick>
			</control>
			<control type="button" id="101">
				<height>80</height>
				<width>734</width>
				<texturefocus colordiffuse="FFFF007F">white.png</texturefocus>
				<texturenofocus colordiffuse="FFFF007F">white.png</texturenofocus>
				<onclick condition="StringCompare(Skin.String(HomeButtonSelected),1)">Skin.SetString(OutlineHomeButton1,FFFF007F)</onclick>
				<onclick condition="StringCompare(Skin.String(HomeButtonSelected),2)">Skin.SetString(OutlineHomeButton2,FFFF007F)</onclick>
				<onclick condition="StringCompare(Skin.String(HomeButtonSelected),3)">Skin.SetString(OutlineHomeButton3,FFFF007F)</onclick>
				<onclick condition="StringCompare(Skin.String(HomeButtonSelected),4)">Skin.SetString(OutlineHomeButton4,FFFF007F)</onclick>
				<onclick condition="StringCompare(Skin.String(HomeButtonSelected),5)">Skin.SetString(OutlineHomeButton5,FFFF007F)</onclick>
				<onclick condition="StringCompare(Skin.String(HomeButtonSelected),6)">Skin.SetString(OutlineHomeButton6,FFFF007F)</onclick>
				<onclick condition="StringCompare(Skin.String(HomeButtonSelected),7)">Skin.SetString(OutlineHomeButton7,FFFF007F)</onclick>
				<onclick condition="StringCompare(Skin.String(HomeButtonSelected),8)">Skin.SetString(OutlineHomeButton8,FFFF007F)</onclick>
				<onclick condition="StringCompare(Skin.String(HomeButtonSelected),98)">Skin.SetString(FutureClockHours,FFFF007F)</onclick>
				<onclick condition="StringCompare(Skin.String(HomeButtonSelected),99)">Skin.SetString(FutureClockMinutes,FFFF007F)</onclick>
				<onclick>Skin.SetString(HomeButtonSelected,)</onclick>
				<onclick>Dialog.Close(1122)</onclick>
			</control>
			<control type="button" id="128">
				<height>80</height>
				<width>734</width>
				<texturefocus colordiffuse="FF808080">white.png</texturefocus>
				<texturenofocus colordiffuse="FF808080">white.png</texturenofocus>
				<onclick condition="StringCompare(Skin.String(HomeButtonSelected),1)">Skin.SetString(OutlineHomeButton1,FF808080)</onclick>
				<onclick condition="StringCompare(Skin.String(HomeButtonSelected),2)">Skin.SetString(OutlineHomeButton2,FF808080)</onclick>
				<onclick condition="StringCompare(Skin.String(HomeButtonSelected),3)">Skin.SetString(OutlineHomeButton3,FF808080)</onclick>
				<onclick condition="StringCompare(Skin.String(HomeButtonSelected),4)">Skin.SetString(OutlineHomeButton4,FF808080)</onclick>
				<onclick condition="StringCompare(Skin.String(HomeButtonSelected),5)">Skin.SetString(OutlineHomeButton5,FF808080)</onclick>
				<onclick condition="StringCompare(Skin.String(HomeButtonSelected),6)">Skin.SetString(OutlineHomeButton6,FF808080)</onclick>
				<onclick condition="StringCompare(Skin.String(HomeButtonSelected),7)">Skin.SetString(OutlineHomeButton7,FF808080)</onclick>
				<onclick condition="StringCompare(Skin.String(HomeButtonSelected),8)">Skin.SetString(OutlineHomeButton8,FF808080)</onclick>
				<onclick condition="StringCompare(Skin.String(HomeButtonSelected),98)">Skin.SetString(FutureClockHours,FF808080)</onclick>
				<onclick condition="StringCompare(Skin.String(HomeButtonSelected),99)">Skin.SetString(FutureClockMinutes,FF808080)</onclick>
				<onclick>Skin.SetString(HomeButtonSelected,)</onclick>
				<onclick>Dialog.Close(1122)</onclick>
			</control>
<!-- End set 2 -->
<!-- Start set 3 -->
			<control type="button" id="129">
				<height>80</height>
				<width>734</width>
				<texturefocus colordiffuse="FFFF6666">white.png</texturefocus>
				<texturenofocus colordiffuse="FFFF6666">white.png</texturenofocus>
				<onclick condition="StringCompare(Skin.String(HomeButtonSelected),1)">Skin.SetString(OutlineHomeButton1,FFFF6666)</onclick>
				<onclick condition="StringCompare(Skin.String(HomeButtonSelected),2)">Skin.SetString(OutlineHomeButton2,FFFF6666)</onclick>
				<onclick condition="StringCompare(Skin.String(HomeButtonSelected),3)">Skin.SetString(OutlineHomeButton3,FFFF6666)</onclick>
				<onclick condition="StringCompare(Skin.String(HomeButtonSelected),4)">Skin.SetString(OutlineHomeButton4,FFFF6666)</onclick>
				<onclick condition="StringCompare(Skin.String(HomeButtonSelected),5)">Skin.SetString(OutlineHomeButton5,FFFF6666)</onclick>
				<onclick condition="StringCompare(Skin.String(HomeButtonSelected),6)">Skin.SetString(OutlineHomeButton6,FFFF6666)</onclick>
				<onclick condition="StringCompare(Skin.String(HomeButtonSelected),7)">Skin.SetString(OutlineHomeButton7,FFFF6666)</onclick>
				<onclick condition="StringCompare(Skin.String(HomeButtonSelected),8)">Skin.SetString(OutlineHomeButton8,FFFF6666)</onclick>
				<onclick condition="StringCompare(Skin.String(HomeButtonSelected),98)">Skin.SetString(FutureClockHours,FFFF6666)</onclick>
				<onclick condition="StringCompare(Skin.String(HomeButtonSelected),99)">Skin.SetString(FutureClockMinutes,FFFF6666)</onclick>
				<onclick>Skin.SetString(HomeButtonSelected,)</onclick>
				<onclick>Dialog.Close(1122)</onclick>
			</control>
			<control type="button" id="130">
				<height>80</height>
				<width>734</width>
				<texturefocus colordiffuse="FFFFB266">white.png</texturefocus>
				<texturenofocus colordiffuse="FFFFB266">white.png</texturenofocus>
				<onclick condition="StringCompare(Skin.String(HomeButtonSelected),1)">Skin.SetString(OutlineHomeButton1,FFFFB266)</onclick>
				<onclick condition="StringCompare(Skin.String(HomeButtonSelected),2)">Skin.SetString(OutlineHomeButton2,FFFFB266)</onclick>
				<onclick condition="StringCompare(Skin.String(HomeButtonSelected),3)">Skin.SetString(OutlineHomeButton3,FFFFB266)</onclick>
				<onclick condition="StringCompare(Skin.String(HomeButtonSelected),4)">Skin.SetString(OutlineHomeButton4,FFFFB266)</onclick>
				<onclick condition="StringCompare(Skin.String(HomeButtonSelected),5)">Skin.SetString(OutlineHomeButton5,FFFFB266)</onclick>
				<onclick condition="StringCompare(Skin.String(HomeButtonSelected),6)">Skin.SetString(OutlineHomeButton6,FFFFB266)</onclick>
				<onclick condition="StringCompare(Skin.String(HomeButtonSelected),7)">Skin.SetString(OutlineHomeButton7,FFFFB266)</onclick>
				<onclick condition="StringCompare(Skin.String(HomeButtonSelected),8)">Skin.SetString(OutlineHomeButton8,FFFFB266)</onclick>
				<onclick condition="StringCompare(Skin.String(HomeButtonSelected),98)">Skin.SetString(FutureClockHours,FFFFB266)</onclick>
				<onclick condition="StringCompare(Skin.String(HomeButtonSelected),99)">Skin.SetString(FutureClockMinutes,FFFFB266)</onclick>
				<onclick>Skin.SetString(HomeButtonSelected,)</onclick>
				<onclick>Dialog.Close(1122)</onclick>
			</control>
			<control type="button" id="131">
				<height>80</height>
				<width>734</width>
				<texturefocus colordiffuse="FFFFFF66">white.png</texturefocus>
				<texturenofocus colordiffuse="FFFFFF66">white.png</texturenofocus>
				<onclick condition="StringCompare(Skin.String(HomeButtonSelected),1)">Skin.SetString(OutlineHomeButton1,FFFFFF66)</onclick>
				<onclick condition="StringCompare(Skin.String(HomeButtonSelected),2)">Skin.SetString(OutlineHomeButton2,FFFFFF66)</onclick>
				<onclick condition="StringCompare(Skin.String(HomeButtonSelected),3)">Skin.SetString(OutlineHomeButton3,FFFFFF66)</onclick>
				<onclick condition="StringCompare(Skin.String(HomeButtonSelected),4)">Skin.SetString(OutlineHomeButton4,FFFFFF66)</onclick>
				<onclick condition="StringCompare(Skin.String(HomeButtonSelected),5)">Skin.SetString(OutlineHomeButton5,FFFFFF66)</onclick>
				<onclick condition="StringCompare(Skin.String(HomeButtonSelected),6)">Skin.SetString(OutlineHomeButton6,FFFFFF66)</onclick>
				<onclick condition="StringCompare(Skin.String(HomeButtonSelected),7)">Skin.SetString(OutlineHomeButton7,FFFFFF66)</onclick>
				<onclick condition="StringCompare(Skin.String(HomeButtonSelected),8)">Skin.SetString(OutlineHomeButton8,FFFFFF66)</onclick>
				<onclick condition="StringCompare(Skin.String(HomeButtonSelected),98)">Skin.SetString(FutureClockHours,FFFFFF66)</onclick>
				<onclick condition="StringCompare(Skin.String(HomeButtonSelected),99)">Skin.SetString(FutureClockMinutes,FFFFFF66)</onclick>
				<onclick>Skin.SetString(HomeButtonSelected,)</onclick>
				<onclick>Dialog.Close(1122)</onclick>
			</control>
			<control type="button" id="132">
				<height>80</height>
				<width>734</width>
				<texturefocus colordiffuse="FFB2FF66">white.png</texturefocus>
				<texturenofocus colordiffuse="FFB2FF66">white.png</texturenofocus>
				<onclick condition="StringCompare(Skin.String(HomeButtonSelected),1)">Skin.SetString(OutlineHomeButton1,FFB2FF66)</onclick>
				<onclick condition="StringCompare(Skin.String(HomeButtonSelected),2)">Skin.SetString(OutlineHomeButton2,FFB2FF66)</onclick>
				<onclick condition="StringCompare(Skin.String(HomeButtonSelected),3)">Skin.SetString(OutlineHomeButton3,FFB2FF66)</onclick>
				<onclick condition="StringCompare(Skin.String(HomeButtonSelected),4)">Skin.SetString(OutlineHomeButton4,FFB2FF66)</onclick>
				<onclick condition="StringCompare(Skin.String(HomeButtonSelected),5)">Skin.SetString(OutlineHomeButton5,FFB2FF66)</onclick>
				<onclick condition="StringCompare(Skin.String(HomeButtonSelected),6)">Skin.SetString(OutlineHomeButton6,FFB2FF66)</onclick>
				<onclick condition="StringCompare(Skin.String(HomeButtonSelected),7)">Skin.SetString(OutlineHomeButton7,FFB2FF66)</onclick>
				<onclick condition="StringCompare(Skin.String(HomeButtonSelected),8)">Skin.SetString(OutlineHomeButton8,FFB2FF66)</onclick>
				<onclick condition="StringCompare(Skin.String(HomeButtonSelected),98)">Skin.SetString(FutureClockHours,FFB2FF66)</onclick>
				<onclick condition="StringCompare(Skin.String(HomeButtonSelected),99)">Skin.SetString(FutureClockMinutes,FFB2FF66)</onclick>
				<onclick>Skin.SetString(HomeButtonSelected,)</onclick>
				<onclick>Dialog.Close(1122)</onclick>
			</control>
			<control type="button" id="133">
				<height>80</height>
				<width>734</width>
				<texturefocus colordiffuse="FF66FF66">white.png</texturefocus>
				<texturenofocus colordiffuse="FF66FF66">white.png</texturenofocus>
				<onclick condition="StringCompare(Skin.String(HomeButtonSelected),1)">Skin.SetString(OutlineHomeButton1,FF66FF66)</onclick>
				<onclick condition="StringCompare(Skin.String(HomeButtonSelected),2)">Skin.SetString(OutlineHomeButton2,FF66FF66)</onclick>
				<onclick condition="StringCompare(Skin.String(HomeButtonSelected),3)">Skin.SetString(OutlineHomeButton3,FF66FF66)</onclick>
				<onclick condition="StringCompare(Skin.String(HomeButtonSelected),4)">Skin.SetString(OutlineHomeButton4,FF66FF66)</onclick>
				<onclick condition="StringCompare(Skin.String(HomeButtonSelected),5)">Skin.SetString(OutlineHomeButton5,FF66FF66)</onclick>
				<onclick condition="StringCompare(Skin.String(HomeButtonSelected),6)">Skin.SetString(OutlineHomeButton6,FF66FF66)</onclick>
				<onclick condition="StringCompare(Skin.String(HomeButtonSelected),7)">Skin.SetString(OutlineHomeButton7,FF66FF66)</onclick>
				<onclick condition="StringCompare(Skin.String(HomeButtonSelected),8)">Skin.SetString(OutlineHomeButton8,FF66FF66)</onclick>
				<onclick condition="StringCompare(Skin.String(HomeButtonSelected),98)">Skin.SetString(FutureClockHours,FF66FF66)</onclick>
				<onclick condition="StringCompare(Skin.String(HomeButtonSelected),99)">Skin.SetString(FutureClockMinutes,FF66FF66)</onclick>
				<onclick>Skin.SetString(HomeButtonSelected,)</onclick>
				<onclick>Dialog.Close(1122)</onclick>
			</control>
			<control type="button" id="134">
				<height>80</height>
				<width>734</width>
				<texturefocus colordiffuse="FF66FFB2">white.png</texturefocus>
				<texturenofocus colordiffuse="FF66FFB2">white.png</texturenofocus>
				<onclick condition="StringCompare(Skin.String(HomeButtonSelected),1)">Skin.SetString(OutlineHomeButton1,FF66FFB2)</onclick>
				<onclick condition="StringCompare(Skin.String(HomeButtonSelected),2)">Skin.SetString(OutlineHomeButton2,FF66FFB2)</onclick>
				<onclick condition="StringCompare(Skin.String(HomeButtonSelected),3)">Skin.SetString(OutlineHomeButton3,FF66FFB2)</onclick>
				<onclick condition="StringCompare(Skin.String(HomeButtonSelected),4)">Skin.SetString(OutlineHomeButton4,FF66FFB2)</onclick>
				<onclick condition="StringCompare(Skin.String(HomeButtonSelected),5)">Skin.SetString(OutlineHomeButton5,FF66FFB2)</onclick>
				<onclick condition="StringCompare(Skin.String(HomeButtonSelected),6)">Skin.SetString(OutlineHomeButton6,FF66FFB2)</onclick>
				<onclick condition="StringCompare(Skin.String(HomeButtonSelected),7)">Skin.SetString(OutlineHomeButton7,FF66FFB2)</onclick>
				<onclick condition="StringCompare(Skin.String(HomeButtonSelected),8)">Skin.SetString(OutlineHomeButton8,FF66FFB2)</onclick>
				<onclick condition="StringCompare(Skin.String(HomeButtonSelected),98)">Skin.SetString(FutureClockHours,FF66FFB2)</onclick>
				<onclick condition="StringCompare(Skin.String(HomeButtonSelected),99)">Skin.SetString(FutureClockMinutes,FF66FFB2)</onclick>
				<onclick>Skin.SetString(HomeButtonSelected,)</onclick>
				<onclick>Dialog.Close(1122)</onclick>
			</control>
			<control type="button" id="135">
				<height>80</height>
				<width>734</width>
				<texturefocus colordiffuse="FF66FFFF">white.png</texturefocus>
				<texturenofocus colordiffuse="FF66FFFF">white.png</texturenofocus>
				<onclick condition="StringCompare(Skin.String(HomeButtonSelected),1)">Skin.SetString(OutlineHomeButton1,FF66FFFF)</onclick>
				<onclick condition="StringCompare(Skin.String(HomeButtonSelected),2)">Skin.SetString(OutlineHomeButton2,FF66FFFF)</onclick>
				<onclick condition="StringCompare(Skin.String(HomeButtonSelected),3)">Skin.SetString(OutlineHomeButton3,FF66FFFF)</onclick>
				<onclick condition="StringCompare(Skin.String(HomeButtonSelected),4)">Skin.SetString(OutlineHomeButton4,FF66FFFF)</onclick>
				<onclick condition="StringCompare(Skin.String(HomeButtonSelected),5)">Skin.SetString(OutlineHomeButton5,FF66FFFF)</onclick>
				<onclick condition="StringCompare(Skin.String(HomeButtonSelected),6)">Skin.SetString(OutlineHomeButton6,FF66FFFF)</onclick>
				<onclick condition="StringCompare(Skin.String(HomeButtonSelected),7)">Skin.SetString(OutlineHomeButton7,FF66FFFF)</onclick>
				<onclick condition="StringCompare(Skin.String(HomeButtonSelected),8)">Skin.SetString(OutlineHomeButton8,FF66FFFF)</onclick>
				<onclick condition="StringCompare(Skin.String(HomeButtonSelected),98)">Skin.SetString(FutureClockHours,FF66FFFF)</onclick>
				<onclick condition="StringCompare(Skin.String(HomeButtonSelected),99)">Skin.SetString(FutureClockMinutes,FF66FFFF)</onclick>
				<onclick>Skin.SetString(HomeButtonSelected,)</onclick>
				<onclick>Dialog.Close(1122)</onclick>
			</control>
			<control type="button" id="136">
				<height>80</height>
				<width>734</width>
				<texturefocus colordiffuse="FF66B2FF">white.png</texturefocus>
				<texturenofocus colordiffuse="FF66B2FF">white.png</texturenofocus>
				<onclick condition="StringCompare(Skin.String(HomeButtonSelected),1)">Skin.SetString(OutlineHomeButton1,FF66B2FF)</onclick>
				<onclick condition="StringCompare(Skin.String(HomeButtonSelected),2)">Skin.SetString(OutlineHomeButton2,FF66B2FF)</onclick>
				<onclick condition="StringCompare(Skin.String(HomeButtonSelected),3)">Skin.SetString(OutlineHomeButton3,FF66B2FF)</onclick>
				<onclick condition="StringCompare(Skin.String(HomeButtonSelected),4)">Skin.SetString(OutlineHomeButton4,FF66B2FF)</onclick>
				<onclick condition="StringCompare(Skin.String(HomeButtonSelected),5)">Skin.SetString(OutlineHomeButton5,FF66B2FF)</onclick>
				<onclick condition="StringCompare(Skin.String(HomeButtonSelected),6)">Skin.SetString(OutlineHomeButton6,FF66B2FF)</onclick>
				<onclick condition="StringCompare(Skin.String(HomeButtonSelected),7)">Skin.SetString(OutlineHomeButton7,FF66B2FF)</onclick>
				<onclick condition="StringCompare(Skin.String(HomeButtonSelected),8)">Skin.SetString(OutlineHomeButton8,FF66B2FF)</onclick>
				<onclick condition="StringCompare(Skin.String(HomeButtonSelected),98)">Skin.SetString(FutureClockHours,FF66B2FF)</onclick>
				<onclick condition="StringCompare(Skin.String(HomeButtonSelected),99)">Skin.SetString(FutureClockMinutes,FF66B2FF)</onclick>
				<onclick>Skin.SetString(HomeButtonSelected,)</onclick>
				<onclick>Dialog.Close(1122)</onclick>
			</control>
			<control type="button" id="137">
				<height>80</height>
				<width>734</width>
				<texturefocus colordiffuse="FF6666FF">white.png</texturefocus>
				<texturenofocus colordiffuse="FF6666FF">white.png</texturenofocus>
				<onclick condition="StringCompare(Skin.String(HomeButtonSelected),1)">Skin.SetString(OutlineHomeButton1,FF6666FF)</onclick>
				<onclick condition="StringCompare(Skin.String(HomeButtonSelected),2)">Skin.SetString(OutlineHomeButton2,FF6666FF)</onclick>
				<onclick condition="StringCompare(Skin.String(HomeButtonSelected),3)">Skin.SetString(OutlineHomeButton3,FF6666FF)</onclick>
				<onclick condition="StringCompare(Skin.String(HomeButtonSelected),4)">Skin.SetString(OutlineHomeButton4,FF6666FF)</onclick>
				<onclick condition="StringCompare(Skin.String(HomeButtonSelected),5)">Skin.SetString(OutlineHomeButton5,FF6666FF)</onclick>
				<onclick condition="StringCompare(Skin.String(HomeButtonSelected),6)">Skin.SetString(OutlineHomeButton6,FF6666FF)</onclick>
				<onclick condition="StringCompare(Skin.String(HomeButtonSelected),7)">Skin.SetString(OutlineHomeButton7,FF6666FF)</onclick>
				<onclick condition="StringCompare(Skin.String(HomeButtonSelected),8)">Skin.SetString(OutlineHomeButton8,FF6666FF)</onclick>
				<onclick condition="StringCompare(Skin.String(HomeButtonSelected),98)">Skin.SetString(FutureClockHours,FF6666FF)</onclick>
				<onclick condition="StringCompare(Skin.String(HomeButtonSelected),99)">Skin.SetString(FutureClockMinutes,FF6666FF)</onclick>
				<onclick>Skin.SetString(HomeButtonSelected,)</onclick>
				<onclick>Dialog.Close(1122)</onclick>
			</control>
			<control type="button" id="138">
				<height>80</height>
				<width>734</width>
				<texturefocus colordiffuse="FFB266FF">white.png</texturefocus>
				<texturenofocus colordiffuse="FFB266FF">white.png</texturenofocus>
				<onclick condition="StringCompare(Skin.String(HomeButtonSelected),1)">Skin.SetString(OutlineHomeButton1,FFB266FF)</onclick>
				<onclick condition="StringCompare(Skin.String(HomeButtonSelected),2)">Skin.SetString(OutlineHomeButton2,FFB266FF)</onclick>
				<onclick condition="StringCompare(Skin.String(HomeButtonSelected),3)">Skin.SetString(OutlineHomeButton3,FFB266FF)</onclick>
				<onclick condition="StringCompare(Skin.String(HomeButtonSelected),4)">Skin.SetString(OutlineHomeButton4,FFB266FF)</onclick>
				<onclick condition="StringCompare(Skin.String(HomeButtonSelected),5)">Skin.SetString(OutlineHomeButton5,FFB266FF)</onclick>
				<onclick condition="StringCompare(Skin.String(HomeButtonSelected),6)">Skin.SetString(OutlineHomeButton6,FFB266FF)</onclick>
				<onclick condition="StringCompare(Skin.String(HomeButtonSelected),7)">Skin.SetString(OutlineHomeButton7,FFB266FF)</onclick>
				<onclick condition="StringCompare(Skin.String(HomeButtonSelected),8)">Skin.SetString(OutlineHomeButton8,FFB266FF)</onclick>
				<onclick condition="StringCompare(Skin.String(HomeButtonSelected),98)">Skin.SetString(FutureClockHours,FFB266FF)</onclick>
				<onclick condition="StringCompare(Skin.String(HomeButtonSelected),99)">Skin.SetString(FutureClockMinutes,FFB266FF)</onclick>
				<onclick>Skin.SetString(HomeButtonSelected,)</onclick>
				<onclick>Dialog.Close(1122)</onclick>
			</control>
			<control type="button" id="139">
				<height>80</height>
				<width>734</width>
				<texturefocus colordiffuse="FFFF66FF">white.png</texturefocus>
				<texturenofocus colordiffuse="FFFF66FF">white.png</texturenofocus>
				<onclick condition="StringCompare(Skin.String(HomeButtonSelected),1)">Skin.SetString(OutlineHomeButton1,FFFF66FF)</onclick>
				<onclick condition="StringCompare(Skin.String(HomeButtonSelected),2)">Skin.SetString(OutlineHomeButton2,FFFF66FF)</onclick>
				<onclick condition="StringCompare(Skin.String(HomeButtonSelected),3)">Skin.SetString(OutlineHomeButton3,FFFF66FF)</onclick>
				<onclick condition="StringCompare(Skin.String(HomeButtonSelected),4)">Skin.SetString(OutlineHomeButton4,FFFF66FF)</onclick>
				<onclick condition="StringCompare(Skin.String(HomeButtonSelected),5)">Skin.SetString(OutlineHomeButton5,FFFF66FF)</onclick>
				<onclick condition="StringCompare(Skin.String(HomeButtonSelected),6)">Skin.SetString(OutlineHomeButton6,FFFF66FF)</onclick>
				<onclick condition="StringCompare(Skin.String(HomeButtonSelected),7)">Skin.SetString(OutlineHomeButton7,FFFF66FF)</onclick>
				<onclick condition="StringCompare(Skin.String(HomeButtonSelected),8)">Skin.SetString(OutlineHomeButton8,FFFF66FF)</onclick>
				<onclick condition="StringCompare(Skin.String(HomeButtonSelected),98)">Skin.SetString(FutureClockHours,FFFF66FF)</onclick>
				<onclick condition="StringCompare(Skin.String(HomeButtonSelected),99)">Skin.SetString(FutureClockMinutes,FFFF66FF)</onclick>
				<onclick>Skin.SetString(HomeButtonSelected,)</onclick>
				<onclick>Dialog.Close(1122)</onclick>
			</control>
			<control type="button" id="140">
				<height>80</height>
				<width>734</width>
				<texturefocus colordiffuse="FFFF66B2">white.png</texturefocus>
				<texturenofocus colordiffuse="FFFF66B2">white.png</texturenofocus>
				<onclick condition="StringCompare(Skin.String(HomeButtonSelected),1)">Skin.SetString(OutlineHomeButton1,FFFF66B2)</onclick>
				<onclick condition="StringCompare(Skin.String(HomeButtonSelected),2)">Skin.SetString(OutlineHomeButton2,FFFF66B2)</onclick>
				<onclick condition="StringCompare(Skin.String(HomeButtonSelected),3)">Skin.SetString(OutlineHomeButton3,FFFF66B2)</onclick>
				<onclick condition="StringCompare(Skin.String(HomeButtonSelected),4)">Skin.SetString(OutlineHomeButton4,FFFF66B2)</onclick>
				<onclick condition="StringCompare(Skin.String(HomeButtonSelected),5)">Skin.SetString(OutlineHomeButton5,FFFF66B2)</onclick>
				<onclick condition="StringCompare(Skin.String(HomeButtonSelected),6)">Skin.SetString(OutlineHomeButton6,FFFF66B2)</onclick>
				<onclick condition="StringCompare(Skin.String(HomeButtonSelected),7)">Skin.SetString(OutlineHomeButton7,FFFF66B2)</onclick>
				<onclick condition="StringCompare(Skin.String(HomeButtonSelected),8)">Skin.SetString(OutlineHomeButton8,FFFF66B2)</onclick>
				<onclick condition="StringCompare(Skin.String(HomeButtonSelected),98)">Skin.SetString(FutureClockHours,FFFF66B2)</onclick>
				<onclick condition="StringCompare(Skin.String(HomeButtonSelected),99)">Skin.SetString(FutureClockMinutes,FFFF66B2)</onclick>
				<onclick>Skin.SetString(HomeButtonSelected,)</onclick>
				<onclick>Dialog.Close(1122)</onclick>
			</control>
			<control type="button" id="141">
				<height>80</height>
				<width>734</width>
				<texturefocus colordiffuse="FFC0C0C0">white.png</texturefocus>
				<texturenofocus colordiffuse="FFC0C0C0">white.png</texturenofocus>
				<onclick condition="StringCompare(Skin.String(HomeButtonSelected),1)">Skin.SetString(OutlineHomeButton1,FFC0C0C0)</onclick>
				<onclick condition="StringCompare(Skin.String(HomeButtonSelected),2)">Skin.SetString(OutlineHomeButton2,FFC0C0C0)</onclick>
				<onclick condition="StringCompare(Skin.String(HomeButtonSelected),3)">Skin.SetString(OutlineHomeButton3,FFC0C0C0)</onclick>
				<onclick condition="StringCompare(Skin.String(HomeButtonSelected),4)">Skin.SetString(OutlineHomeButton4,FFC0C0C0)</onclick>
				<onclick condition="StringCompare(Skin.String(HomeButtonSelected),5)">Skin.SetString(OutlineHomeButton5,FFC0C0C0)</onclick>
				<onclick condition="StringCompare(Skin.String(HomeButtonSelected),6)">Skin.SetString(OutlineHomeButton6,FFC0C0C0)</onclick>
				<onclick condition="StringCompare(Skin.String(HomeButtonSelected),7)">Skin.SetString(OutlineHomeButton7,FFC0C0C0)</onclick>
				<onclick condition="StringCompare(Skin.String(HomeButtonSelected),8)">Skin.SetString(OutlineHomeButton8,FFC0C0C0)</onclick>
				<onclick condition="StringCompare(Skin.String(HomeButtonSelected),98)">Skin.SetString(FutureClockHours,FFC0C0C0)</onclick>
				<onclick condition="StringCompare(Skin.String(HomeButtonSelected),99)">Skin.SetString(FutureClockMinutes,FFC0C0C0)</onclick>
				<onclick>Skin.SetString(HomeButtonSelected,)</onclick>
				<onclick>Dialog.Close(1122)</onclick>
			</control>
<!-- End set 3 -->

		</control>
		<control type="scrollbar" id="60">
			<posx>734</posx>
			<posy>80</posy>
			<width>66</width>
			<height>720</height>
			<texturesliderbackground colordiffuse="30FFFFFF">white.png</texturesliderbackground>
			<texturesliderbar colordiffuse="grey">white.png</texturesliderbar>
			<texturesliderbarfocus colordiffuse="selected">white.png</texturesliderbarfocus>
			<textureslidernib>blank.png</textureslidernib>
			<textureslidernibfocus>blank.png</textureslidernibfocus>
			<ondown>60</ondown>
			<onup>60</onup>
			<showonepage>false</showonepage>
			<orientation>vertical</orientation>
			<animation effect="fade" time="150">Visible</animation>
			<animation effect="fade" time="150">Hidden</animation>
			<visible>Control.IsVisible(100)</visible>
		</control>
	</controls>
</window>
