<?xml version="1.0" encoding="UTF-8"?>
<window id="1115" type="dialog">
	<include>dialogeffect</include>
	<controls>
		<control type="button">
			<description>Hidden button to close the window when its focused</description>
			<posx>0</posx>
			<posy>0</posy>
			<width>ScreenWidth</width>
			<height>960</height>
			<texturenofocus></texturenofocus>
			<texturefocus></texturefocus>
			<onclick>Back</onclick>
		</control>

		<control type="group">
		    <visible>!Skin.HasSetting(Use6ButtonLayout)</visible>
		    <control type="group">
			<visible>!Window.IsVisible(1113)</visible>
			<control type="image">
				<description>dialog bg</description>
				<posx>0</posx>
				<posy>-2</posy>
				<width>ScreenWidth</width>
				<height>960</height>
				<texture fallback="special://skin/background/SKINDEFAULT.jpg" diffuse="dialog_volume_diffuse.png">special://skin/background/$INFO[Skin.CurrentTheme].jpg</texture>
			</control>
			<control type="image">
				<description>dialog bg</description>
				<posx>0</posx>
				<posy>-2</posy>
				<width>ScreenWidth</width>
				<height>960</height>
				<texture colordiffuse="selected">dialog_volume.png</texture>
			</control>
		    </control>
		    <control type="group">
			<visible>Window.IsVisible(1113)</visible>
			<control type="image">
				<description>dialog bg</description>
				<posx>0</posx>
				<posy>-6</posy>
				<width>ScreenWidth</width>
				<height>960</height>
				<texture fallback="special://skin/background/SKINDEFAULT.jpg" diffuse="dialog_volume_diffuse.png">special://skin/background/$INFO[Skin.CurrentTheme].jpg</texture>
			</control>
			<control type="image">
				<description>dialog bg</description>
				<posx>0</posx>
				<posy>-6</posy>
				<width>ScreenWidth</width>
				<height>960</height>
				<texture colordiffuse="selected">dialog_volume.png</texture>
			</control>
		    </control>
		</control>

		<control type="group">
		    <visible>Skin.HasSetting(Use6ButtonLayout)</visible>
		    <control type="group">
			<visible>!Window.IsVisible(1113)</visible>
			<control type="image">
				<description>dialog bg</description>
				<posx>0</posx>
				<posy>-6</posy>
				<width>ScreenWidth</width>
				<height>960</height>
				<texture fallback="special://skin/background/SKINDEFAULT.jpg" diffuse="6buttons/dialog_volume_diffuse.png">special://skin/background/$INFO[Skin.CurrentTheme].jpg</texture>
			</control>
			<control type="image">
				<description>dialog bg</description>
				<posx>0</posx>
				<posy>-6</posy>
				<width>ScreenWidth</width>
				<height>960</height>
				<texture colordiffuse="selected">6buttons/dialog_volume.png</texture>
			</control>
		    </control>
		    <control type="group">
			<visible>Window.IsVisible(1113)</visible>
			<control type="image">
				<description>dialog bg</description>
				<posx>0</posx>
				<posy>-6</posy>
				<width>ScreenWidth</width>
				<height>960</height>
				<texture fallback="special://skin/background/SKINDEFAULT.jpg" diffuse="dialog_volume_diffuse.png">special://skin/background/$INFO[Skin.CurrentTheme].jpg</texture>
			</control>
			<control type="image">
				<description>dialog bg</description>
				<posx>0</posx>
				<posy>-6</posy>
				<width>ScreenWidth</width>
				<height>960</height>
				<texture colordiffuse="selected">dialog_volume.png</texture>
			</control>
		    </control>
		</control>

		<control type="group">
			<posx>243</posx>
			<posy>400</posy>
			<width>1220</width>
			<height>78</height>
			<control type="label">
				<description>label</description>
				<posx>0</posx>
				<posy>10</posy>
				<height>58</height>
				<width>1200</width>
				<textcolor>selected</textcolor>
				<label>13376</label>
				<font>font30_title</font>
				<aligny>center</aligny>
			</control>
			<control type="label">
				<description>Volumelabel</description>
				<posx>1220</posx>
				<posy>10</posy>
				<height>58</height>
				<width>1200</width>
				<textcolor>selected</textcolor>
				<label>$INFO[Control.GetLabel(1)]</label>
				<font>font30_title</font>
				<align>right</align>
				<aligny>center</aligny>
			</control>
			<control type="progress" id="2">
				<description>Volume</description>
				<posx>0</posx>
				<posy>68</posy>
				<width>1220</width>
				<height>66</height>
				<texturebg colordiffuse="grey3">white.png</texturebg>
				<midtexture colordiffuse="selected">white.png</midtexture>
				<info>Player.Volume</info>
			</control>
			<control type="slider" id="1">
				<description>Volume Slider</description>
				<posx>0</posx>
				<posy>10</posy>
				<width>1220</width>
				<height>80</height>
 				<info>Player.Volume</info>
				<action>Volume</action>
				<texturesliderbar></texturesliderbar>
				<textureslidernib></textureslidernib>
				<textureslidernibfocus></textureslidernibfocus>
			</control>
		</control>
	</controls>
</window>


