<?xml version="1.0" encoding="UTF-8"?>
<window>
<!-- 	<menucontrol>9000</menucontrol>
 -->	<defaultcontrol>9000</defaultcontrol>
	<!-- 	<onload condition="ControlGroup(700).HasFocus">SetFocus(9000,0)</onload>
	 -->
	<backgroundcolor>background</backgroundcolor>
	<controls>
		<control type="button" id="20000">
			<include>HiddenObject</include>
			<animation effect="fade" time="300" start="100" end="0">Focus</animation>
			<onfocus>SetFocus(2000)</onfocus>
			<onclick>noop</onclick>
			<visible allowhiddenfocus="true">Control.HasFocus(20000)</visible>
		</control>
		<control type="button" id="20001">
			<include>HiddenObject</include>
			<animation effect="fade" time="300" start="100" end="0">Focus</animation>
			<onfocus>SetFocus(2000)</onfocus>
			<onclick>noop</onclick>
			<visible allowhiddenfocus="true">Control.HasFocus(20001)</visible>
		</control>
		<include>DefaultBackground</include>
		<control type="multiimage">
			<depth>DepthBackground</depth>
			<include>FullScreenDimensions</include>
			<aspectratio>scale</aspectratio>
			<fadetime>600</fadetime>
			<animation effect="zoom" center="auto" end="102,102" time="0" condition="Integer.IsGreater(System.StereoscopicMode,0)">conditional</animation>
			<animation effect="fade" start="0" end="100" time="400">WindowOpen</animation>
			<animation effect="fade" start="100" end="0" time="300">WindowClose</animation>
			<animation effect="fade" time="400">VisibleChange</animation>
			<imagepath background="true" colordiffuse="35FFFFFF">$VAR[HomeFanartVar]</imagepath>
			<visible>!Player.HasMedia</visible>
		</control>
		<control type="group">
			<animation effect="fade" start="100" end="0" time="200" tween="sine" condition="$EXP[infodialog_active]">Conditional</animation>
			<control type="group" id="2000">
				<animation type="Conditional" condition="Control.IsVisible(20000)" reversible="false">
					<effect type="slide" end="0,20" time="60" tween="sine" />
					<effect type="slide" end="0,-20" time="180" tween="sine" delay="80" />
				</animation>
				<animation type="Conditional" condition="Control.IsVisible(20001)" reversible="false">
					<effect type="slide" end="0,-20" time="60" tween="sine" />
					<effect type="slide" end="0,20" time="180" tween="sine" delay="80" />
				</animation>
				<top>78</top>
				<left>20</left>
				<include>OpenClose_Right</include>
				<control type="group" id="5000">
					<visible>String.IsEqual(Container(9000).ListItem.Property(id),movies)</visible>
					<include>Visible_Right_Delayed</include>
					<control type="button" id="5888">
						<width>1</width>
						<height>1</height>
						<label></label>
						<onfocus>SetFocus(5001)</onfocus>
						<onfocus condition="Integer.IsGreater(Container(5200).NumItems,0)">SetFocus(5200)</onfocus>
						<onfocus condition="Integer.IsGreater(Container(5100).NumItems,0)">SetFocus(5100)</onfocus>
						<onclick>noop</onclick>
						<texturefocus></texturefocus>
						<texturenofocus></texturenofocus>
					</control>
					<control type="grouplist" id="5001">
						<orientation>vertical</orientation>
						<height>922</height>
						<scrolltime tween="cubic" easing="out">500</scrolltime>
						<itemgap>-2</itemgap>
						<include content="SubMenu">
							<param name="list_id" value="5900"/>
							<param name="ondown_id" value="5100"/>
							<param name="visible" value="Library.HasContent(movies)"/>
							<param name="item1_onclick" value="ActivateWindow(videos,videodb://recentlyaddedmovies/,return)" />
							<param name="item1_icon" value="recentlyadded.png" />
							<param name="item1_label" value="$LOCALIZE[20386]" />
							<param name="item2_onclick" value="ActivateWindow(videos,videodb://movies/years/,return)" />
							<param name="item2_icon" value="years.png" />
							<param name="item2_label" value="$LOCALIZE[652]" />
							<param name="item3_onclick" value="ActivateWindow(videos,videodb://movies/sets/,return)" />
							<param name="item3_icon" value="sets.png" />
							<param name="item3_label" value="$LOCALIZE[31075]" />
							<param name="item4_onclick" value="ActivateWindow(videos,videodb://movies/genres/,return)" />
							<param name="item4_icon" value="genres.png" />
							<param name="item4_label" value="$LOCALIZE[135]" />
							<param name="item5_onclick" value="ActivateWindow(videos,videodb://movies/actors/,return)" />
							<param name="item5_icon" value="actors.png" />
							<param name="item5_label" value="$LOCALIZE[344]" />
							<param name="item6_onclick" value="ActivateWindow(videos,videodb://movies/tags/,return)" />
							<param name="item6_icon" value="tags.png" />
							<param name="item6_label" value="$LOCALIZE[20459]" />
							<param name="item7_onclick" value="ActivateWindow(videos,library://video/movies/,return)" />
							<param name="item7_icon" value="media.png" />
							<param name="item7_label" value="$LOCALIZE[31074]" />
							<param name="item8_onclick" value="UpdateLibrary(video)" />
							<param name="item8_icon" value="updatelibrary.png" />
							<param name="item8_label" value="$VAR[VideoLibraryScanLabel]" />
						</include>
						<include content="WidgetListMovies">
							<param name="content_path" value="special://skin/playlists/inprogress_movies.xsp"/>
							<param name="widget_header" value="$LOCALIZE[31010]"/>
							<param name="widget_target" value="videos"/>
							<param name="list_id" value="5100"/>
							<param name="onup_id" value="5900"/>
							<param name="ondown_id" value="5200"/>
						</include>
						<include content="WidgetListMovies">
							<param name="content_path" value="videodb://recentlyaddedmovies/"/>
							<param name="widget_header" value="$LOCALIZE[20386]"/>
							<param name="widget_target" value="videos"/>
							<param name="list_id" value="5200"/>
							<param name="onup_id" value="5100"/>
							<param name="ondown_id" value="5300"/>
						</include>
						<include content="WidgetListMovies">
							<param name="content_path" value="special://skin/playlists/unwatched_movies.xsp"/>
							<param name="widget_header" value="$LOCALIZE[31007]"/>
							<param name="widget_target" value="videos"/>
							<param name="list_id" value="5300"/>
							<param name="onup_id" value="5200"/>
							<param name="ondown_id" value="5400"/>
						</include>
						<include content="WidgetListMovies">
							<param name="content_path" value="special://skin/playlists/random_movies.xsp"/>
							<param name="widget_header" value="$LOCALIZE[31006]"/>
							<param name="widget_target" value="videos"/>
							<param name="list_id" value="5400"/>
							<param name="onup_id" value="5300"/>
							<param name="ondown_id" value="20001"/>
						</include>
						<include content="ImageWidgetHeader">
							<param name="widget_header" value="$LOCALIZE[342]" />
							<param name="visible" value="!Library.HasContent(movies)"/>
						</include>
						<include content="ImageWidget">
							<param name="image_path" value="special://skin/extras/home-images/movie.jpg"/>
							<param name="text_label" value="$LOCALIZE[31104]" />
							<param name="button_label" value="$LOCALIZE[31110]" />
							<param name="button_onclick" value="ActivateWindow(videos,files,return)"/>
							<param name="button_id" value="5500"/>
							<param name="visible" value="!Library.HasContent(movies)"/>
							<param name="button2_onclick" value="Skin.SetBool(HomeMenuNoMovieButton)"/>
						</include>
					</control>
				</control>
				<control type="group" id="6000">
					<visible>String.IsEqual(Container(9000).ListItem.Property(id),tvshows)</visible>
					<include>Visible_Right_Delayed</include>
					<control type="button" id="6888">
						<width>1</width>
						<height>1</height>
						<label></label>
						<onfocus>SetFocus(6001)</onfocus>
						<onfocus condition="Integer.IsGreater(Container(6200).NumItems,0)">SetFocus(6200)</onfocus>
						<onfocus condition="Integer.IsGreater(Container(6100).NumItems,0)">SetFocus(6100)</onfocus>
						<onclick>noop</onclick>
						<texturefocus></texturefocus>
						<texturenofocus></texturenofocus>
					</control>
					<control type="grouplist" id="6001">
						<orientation>vertical</orientation>
						<height>922</height>
						<scrolltime tween="cubic" easing="out">500</scrolltime>
						<include content="SubMenu">
							<param name="list_id" value="6900"/>
							<param name="ondown_id" value="6100"/>
							<param name="visible" value="Library.HasContent(tvshows)"/>
							<param name="item1_onclick" value="ActivateWindow(Videos,videodb://recentlyaddedepisodes/,return)" />
							<param name="item1_icon" value="recentlyadded.png" />
							<param name="item1_label" value="$LOCALIZE[20387]" />
							<param name="item2_onclick" value="ActivateWindow(Videos,videodb://tvshows/years/,return)" />
							<param name="item2_icon" value="years.png" />
							<param name="item2_label" value="$LOCALIZE[652]" />
							<param name="item3_onclick" value="ActivateWindow(Videos,videodb://tvshows/titles/,return)" />
							<param name="item3_icon" value="title.png" />
							<param name="item3_label" value="$LOCALIZE[31073]" />
							<param name="item4_onclick" value="ActivateWindow(Videos,videodb://tvshows/genres/,return)" />
							<param name="item4_icon" value="genres.png" />
							<param name="item4_label" value="$LOCALIZE[135]" />
							<param name="item5_onclick" value="ActivateWindow(Videos,videodb://tvshows/actors/,return)" />
							<param name="item5_icon" value="actors.png" />
							<param name="item5_label" value="$LOCALIZE[344]" />
							<param name="item6_onclick" value="ActivateWindow(Videos,videodb://tvshows/tags/,return)" />
							<param name="item6_icon" value="tags.png" />
							<param name="item6_label" value="$LOCALIZE[20459]" />
							<param name="item7_onclick" value="ActivateWindow(videos,library://video/tvshows/)" />
							<param name="item7_icon" value="media.png" />
							<param name="item7_label" value="$LOCALIZE[31074]" />
							<param name="item8_onclick" value="UpdateLibrary(video)" />
							<param name="item8_icon" value="updatelibrary.png" />
							<param name="item8_label" value="$VAR[VideoLibraryScanLabel]" />
						</include>
						<include content="WidgetListEpisodes">
							<param name="content_path" value="videodb://inprogresstvshows"/>
							<param name="sortby" value="lastplayed"/>
							<param name="sortorder" value="descending"/>
							<param name="widget_header" value="$LOCALIZE[626]"/>
							<param name="item_image" value="$VAR[TVShowWidgetImageVar]" />
							<param name="widget_target" value="videos"/>
							<param name="second_label" value="$LOCALIZE[16102]: $INFO[ListItem.Property(WatchedEpisodes)]$INFO[ListItem.Property(TotalEpisodes), / ]" />
							<param name="list_id" value="6100"/>
							<param name="onup_id" value="6900"/>
							<param name="ondown_id" value="6200"/>
						</include>
						<include content="WidgetListEpisodes">
							<param name="content_path" value="videodb://recentlyaddedepisodes/"/>
							<param name="widget_header" value="$LOCALIZE[20387]"/>
							<param name="item_image" value="$INFO[ListItem.Art(thumb)]" />
							<param name="widget_target" value="videos"/>
							<param name="second_label" value="[COLOR button_focus]$INFO[ListItem.Season,,x]$INFO[ListItem.Episode][/COLOR] $INFO[ListItem.Title]" />
							<param name="list_id" value="6200"/>
							<param name="onup_id" value="6100"/>
							<param name="ondown_id" value="6300"/>
						</include>
						<include content="WidgetListEpisodes">
							<param name="content_path" value="special://skin/playlists/unwatched_tvshows.xsp"/>
							<param name="widget_header" value="$LOCALIZE[31122]"/>
							<param name="item_image" value="$VAR[TVShowWidgetImageVar]" />
							<param name="widget_target" value="videos"/>
							<param name="second_label" value="$LOCALIZE[20360]: $INFO[ListItem.Property(TotalEpisodes)]" />
							<param name="list_id" value="6300"/>
							<param name="onup_id" value="6200"/>
							<param name="ondown_id" value="20001"/>
						</include>
						<include content="ImageWidgetHeader">
							<param name="widget_header" value="$LOCALIZE[20343]" />
							<param name="visible" value="!Library.HasContent(tvshows)"/>
						</include>
						<include content="ImageWidget">
							<param name="image_path" value="special://skin/extras/home-images/tv.jpg"/>
							<param name="text_label" value="$LOCALIZE[31104]" />
							<param name="button_label" value="$LOCALIZE[31110]" />
							<param name="button_onclick" value="ActivateWindow(videos,files,return)"/>
							<param name="button_id" value="6400"/>
							<param name="visible" value="!Library.HasContent(tvshows)"/>
							<param name="button2_onclick" value="Skin.SetBool(HomeMenuNoTVShowButton)"/>
						</include>
					</control>
				</control>
				<control type="group" id="7000">
					<visible>String.IsEqual(Container(9000).ListItem.Property(id),music)</visible>
					<include>Visible_Right_Delayed</include>
					<control type="button" id="7888">
						<width>1</width>
						<height>1</height>
						<label></label>
						<onfocus>SetFocus(7001)</onfocus>
						<onfocus condition="Integer.IsGreater(Container(7100).NumItems,0)">SetFocus(7100)</onfocus>
						<onclick>noop</onclick>
						<texturefocus></texturefocus>
						<texturenofocus></texturenofocus>
					</control>
					<control type="grouplist" id="7001">
						<orientation>vertical</orientation>
						<height>922</height>
						<scrolltime tween="cubic" easing="out">500</scrolltime>
						<include content="SubMenu">
							<param name="list_id" value="7900"/>
							<param name="ondown_id" value="7100"/>
							<param name="item1_onclick" value="ActivateWindow(Music,RecentlyAddedAlbums,return)" />
							<param name="item1_icon" value="recentlyadded.png" />
							<param name="item1_label" value="$LOCALIZE[359]" />
							<param name="item1_vis" value="Library.HasContent(music)" />
							<param name="item2_onclick" value="ActivateWindow(Music,Artists,return)" />
							<param name="item2_icon" value="artists.png" />
							<param name="item2_label" value="$LOCALIZE[133]" />
							<param name="item2_vis" value="Library.HasContent(music)" />
							<param name="item3_onclick" value="ActivateWindow(Music,Albums,return)" />
							<param name="item3_icon" value="albums.png" />
							<param name="item3_label" value="$LOCALIZE[132]" />
							<param name="item3_vis" value="Library.HasContent(music)" />
							<param name="item4_onclick" value="ActivateWindow(Music,Top100,return)" />
							<param name="item4_icon" value="top100.png" />
							<param name="item4_label" value="$LOCALIZE[271]" />
							<param name="item4_vis" value="Library.HasContent(music)" />
							<param name="item5_onclick" value="ActivateWindow(Music,Files,return)" />
							<param name="item5_icon" value="files.png" />
							<param name="item5_label" value="$LOCALIZE[744]" />
							<param name="item6_onclick" value="ActivateWindow(music,Playlists,return)" />
							<param name="item6_icon" value="playlists.png" />
							<param name="item6_label" value="$LOCALIZE[136]" />
							<param name="item7_onclick" value="ActivateWindow(Music,root)" />
							<param name="item7_icon" value="media.png" />
							<param name="item7_label" value="$LOCALIZE[31074]" />
							<param name="item8_onclick" value="UpdateLibrary(music)" />
							<param name="item8_icon" value="updatelibrary.png" />
							<param name="item8_label" value="$VAR[MusicLibraryScanLabel]" />
							<param name="item8_vis" value="Library.HasContent(music)" />
						</include>
						<include content="WidgetListSquare">
							<param name="content_path" value="musicdb://recentlyplayedalbums"/>
							<param name="widget_header" value="$LOCALIZE[517]"/>
							<param name="widget_target" value="music"/>
							<param name="list_id" value="7100"/>
							<param name="onup_id" value="7900"/>
							<param name="ondown_id" value="7200"/>
							<param name="widget_limit" value="10"/>
						</include>
						<include content="WidgetListSquare">
							<param name="content_path" value="musicdb://recentlyaddedalbums/"/>
							<param name="widget_header" value="$LOCALIZE[359]"/>
							<param name="widget_target" value="music"/>
							<param name="list_id" value="7200"/>
							<param name="onup_id" value="7100"/>
							<param name="ondown_id" value="7300"/>
							<param name="widget_limit" value="10"/>
						</include>
						<include content="WidgetListSquare">
							<param name="content_path" value="special://skin/playlists/random_albums.xsp"/>
							<param name="widget_header" value="$LOCALIZE[31012]"/>
							<param name="widget_target" value="music"/>
							<param name="list_id" value="7300"/>
							<param name="onup_id" value="7200"/>
							<param name="ondown_id" value="7400"/>
							<param name="widget_limit" value="10"/>
						</include>
						<include content="WidgetListSquare">
							<param name="content_path" value="special://skin/playlists/random_artists.xsp"/>
							<param name="widget_header" value="$LOCALIZE[31013]"/>
							<param name="widget_target" value="music"/>
							<param name="list_id" value="7400"/>
							<param name="onup_id" value="7300"/>
							<param name="ondown_id" value="7500"/>
							<param name="single_label" value="$INFO[ListItem.Label]"/>
							<param name="main_label" value=""/>
							<param name="sub_label" value=""/>
							<param name="widget_limit" value="10"/>
						</include>
						<include content="WidgetListSquare">
							<param name="content_path" value="special://skin/playlists/unplayed_albums.xsp"/>
							<param name="widget_header" value="$LOCALIZE[31014]"/>
							<param name="widget_target" value="music"/>
							<param name="list_id" value="7500"/>
							<param name="onup_id" value="7400"/>
							<param name="ondown_id" value="7600"/>
							<param name="widget_limit" value="10"/>
						</include>
						<include content="WidgetListSquare">
							<param name="content_path" value="special://skin/playlists/mostplayed_albums.xsp"/>
							<param name="widget_header" value="$LOCALIZE[31011]"/>
							<param name="widget_target" value="music"/>
							<param name="list_id" value="7600"/>
							<param name="onup_id" value="7500"/>
							<param name="ondown_id" value="20001"/>
							<param name="sortby" value="playcount"/>
							<param name="sortorder" value="descending"/>
							<param name="widget_limit" value="10"/>
						</include>
						<include content="ImageWidget">
							<param name="image_path" value="special://skin/extras/home-images/music.jpg"/>
							<param name="text_label" value="$LOCALIZE[31104]" />
							<param name="button_label" value="$LOCALIZE[31110]" />
							<param name="button_onclick" value="ActivateWindow(music,files)"/>
							<param name="button_id" value="7600"/>
							<param name="onup_id" value="7500"/>
							<param name="visible" value="!Library.HasContent(music)"/>
							<param name="button2_onclick" value="Skin.SetBool(HomeMenuNoMusicButton)"/>
						</include>
					</control>
				</control>
				<control type="group" id="8000">
					<visible>String.IsEqual(Container(9000).ListItem.Property(id),addons)</visible>
					<include>Visible_Right_Delayed</include>
					<control type="button" id="8888">
						<width>1</width>
						<height>1</height>
						<label></label>
						<onfocus>SetFocus(8001)</onfocus>
						<onfocus condition="Integer.IsGreater(Container(8100).NumItems,0)">SetFocus(8100)</onfocus>
						<onclick>noop</onclick>
						<texturefocus></texturefocus>
						<texturenofocus></texturenofocus>
					</control>
					<control type="grouplist" id="8001">
						<orientation>vertical</orientation>
						<height>922</height>
						<scrolltime tween="cubic" easing="out">500</scrolltime>
						<include content="SubMenu">
							<param name="list_id" value="8900"/>
							<param name="ondown_id" value="8100"/>
							<param name="item1_onclick" value="ActivateWindow(addonbrowser,addons://user/,return)" />
							<param name="item1_icon" value="recordings.png" />
							<param name="item1_label" value="$LOCALIZE[31146]" />
							<param name="item2_onclick" value="ActivateWindow(addonbrowser,addons://repos/,return)" />
							<param name="item2_icon" value="add-ons.png" />
							<param name="item2_label" value="$LOCALIZE[31147]" />
							<param name="item3_onclick" value="ActivateWindow(addonbrowser,addons://search/,return)" />
							<param name="item3_icon" value="tv-search.png" />
							<param name="item3_label" value="$LOCALIZE[137]" />
							<param name="item3_vis" value="true" />
							<param name="item4_onclick" value="ActivateWindow(systemsettings,addons)" />
							<param name="item4_icon" value="settings.png" />
							<param name="item4_label" value="$LOCALIZE[5]" />
							<param name="item4_vis" value="true" />
							<param name="item5_vis" value="False" />
							<param name="item6_vis" value="False" />
							<param name="item7_vis" value="False" />
							<param name="item8_vis" value="False" />
						</include>
						<include content="WidgetListSquare">
							<param name="content_path" value="addons://sources/video/"/>
							<param name="widget_header" value="$LOCALIZE[1037]"/>
							<param name="widget_target" value="videos"/>
							<param name="sortby" value="lastused"/>
							<param name="sortorder" value="descending"/>
							<param name="list_id" value="8100"/>
							<param name="onup_id" value="8900"/>
							<param name="ondown_id" value="8200"/>
							<param name="single_label" value="$INFO[ListItem.Label]"/>
							<param name="main_label" value=""/>
							<param name="sub_label" value=""/>
						</include>
						<include content="WidgetListSquare">
							<param name="content_path" value="addons://sources/audio/"/>
							<param name="widget_header" value="$LOCALIZE[1038]"/>
							<param name="widget_target" value="music"/>
							<param name="sortby" value="lastused"/>
							<param name="sortorder" value="descending"/>
							<param name="list_id" value="8200"/>
							<param name="onup_id" value="8100"/>
							<param name="ondown_id" value="8300"/>
							<param name="single_label" value="$INFO[ListItem.Label]"/>
							<param name="main_label" value=""/>
							<param name="sub_label" value=""/>
						</include>
						<include content="WidgetListSquare">
							<param name="content_path" value="addons://sources/executable/"/>
							<param name="widget_header" value="$LOCALIZE[1043]"/>
							<param name="widget_target" value="programs"/>
							<param name="sortby" value="lastused"/>
							<param name="sortorder" value="descending"/>
							<param name="list_id" value="8300"/>
							<param name="onup_id" value="8200"/>
							<param name="ondown_id" value="8400"/>
							<param name="single_label" value="$INFO[ListItem.Label]"/>
							<param name="main_label" value=""/>
							<param name="sub_label" value=""/>
						</include>
						<include content="WidgetListSquare">
							<param name="content_path" value="$VAR[AndroidAppPathVar]"/>
							<param name="widget_header" value="$LOCALIZE[20244]"/>
							<param name="widget_target" value="programs"/>
							<param name="sortby" value="lastused"/>
							<param name="sortorder" value="descending"/>
							<param name="list_id" value="8400"/>
							<param name="onup_id" value="8300"/>
							<param name="ondown_id" value="8500"/>
							<param name="single_label" value="$INFO[ListItem.Label]"/>
							<param name="main_label" value=""/>
							<param name="sub_label" value=""/>
						</include>
						<include content="WidgetListSquare">
							<param name="content_path" value="addons://sources/image/"/>
							<param name="widget_header" value="$LOCALIZE[1039]"/>
							<param name="widget_target" value="pictures"/>
							<param name="sortby" value="lastused"/>
							<param name="sortorder" value="descending"/>
							<param name="list_id" value="8500"/>
							<param name="onup_id" value="8400"/>
							<param name="ondown_id" value="20001"/>
							<param name="single_label" value="$INFO[ListItem.Label]"/>
							<param name="main_label" value=""/>
							<param name="sub_label" value=""/>
						</include>
						<include content="ImageWidget">
							<param name="image_path" value="special://skin/extras/home-images/add-ons.jpg"/>
							<param name="text_label" value="$LOCALIZE[31119]" />
							<param name="button_label" value="$LOCALIZE[31118]" />
							<param name="button_onclick" value="ActivateWindow(addonbrowser)"/>
							<param name="button_id" value="8600"/>
							<param name="onup_id" value="8100"/>
							<param name="visible" value="!Integer.IsGreater(Container(8100).NumItems,0) + !Integer.IsGreater(Container(8200).NumItems,0) + !Integer.IsGreater(Container(8300).NumItems,0) + !Integer.IsGreater(Container(8400).NumItems,0) + !Integer.IsGreater(Container(8500).NumItems,0)"/>
							<param name="button2_onclick" value="Skin.SetBool(HomeMenuNoProgramsButton)"/>
						</include>
					</control>
				</control>
				<control type="group" id="11000">
					<visible>String.IsEqual(Container(9000).ListItem.Property(id),video)</visible>
					<include>Visible_Right_Delayed</include>
					<control type="button" id="11888">
						<width>1</width>
						<height>1</height>
						<label></label>
						<onfocus>SetFocus(11001)</onfocus>
						<onfocus condition="Integer.IsGreater(Container(11100).NumItems,0)">SetFocus(11100)</onfocus>
						<onclick>noop</onclick>
						<texturefocus></texturefocus>
						<texturenofocus></texturenofocus>
					</control>
					<control type="grouplist" id="11001">
						<orientation>vertical</orientation>
						<height>922</height>
						<scrolltime tween="cubic" easing="out">500</scrolltime>
						<include content="SubMenu">
							<param name="list_id" value="11900"/>
							<param name="ondown_id" value="11100"/>
							<param name="item1_onclick" value="ActivateWindow(Videos,Files,return)" />
							<param name="item1_icon" value="files.png" />
							<param name="item1_label" value="$LOCALIZE[744]" />
							<param name="item2_onclick" value="ActivateWindow(Videos,special://videoplaylists/,return)" />
							<param name="item2_icon" value="playlists.png" />
							<param name="item2_label" value="$LOCALIZE[136]" />
							<param name="item3_onclick" value="PlayDVD" />
							<param name="item3_icon" value="dvd.png" />
							<param name="item3_label" value="$LOCALIZE[31076]" />
							<param name="item3_vis" value="System.HasMediadvd" />
							<param name="item4_onclick" value="ActivateWindow(videos,root,return)" />
							<param name="item4_icon" value="videos.png" />
							<param name="item4_label" value="$LOCALIZE[31074]" />
							<param name="item5_vis" value="False" />
							<param name="item6_vis" value="False" />
							<param name="item7_vis" value="False" />
							<param name="item8_vis" value="False" />
						</include>
						<include content="WidgetListText">
							<param name="content_path" value="sources://video/"/>
							<param name="widget_header" value="$LOCALIZE[20094]"/>
							<param name="widget_target" value="videos"/>
							<param name="list_id" value="11100"/>
							<param name="onup_id" value="11900"/>
							<param name="ondown_id" value="11200"/>
						</include>
						<include content="WidgetListText">
							<param name="content_path" value="special://videoplaylists/"/>
							<param name="widget_header" value="$LOCALIZE[136]"/>
							<param name="widget_target" value="videos"/>
							<param name="list_id" value="11200"/>
							<param name="onup_id" value="11100"/>
							<param name="ondown_id" value="20001"/>
							<param name="icon" value="DefaultPlaylist.png"/>
						</include>
						<include content="ImageWidget">
							<param name="image_path" value="special://skin/extras/home-images/tv.jpg"/>
							<param name="text_label" value="$LOCALIZE[31105]" />
							<param name="button_label" value="$LOCALIZE[31110]" />
							<param name="button_onclick" value="ActivateWindow(videos,root)"/>
							<param name="button_id" value="11300"/>
							<param name="onup_id" value="11200"/>
							<param name="visible" value="!Control.IsVisible(111000) + !Control.IsVisible(112000)"/>
							<param name="button2_onclick" value="Skin.SetBool(HomeMenuNoVideosButton)"/>
						</include>
					</control>
				</control>
				<control type="group" id="12000">
					<visible>String.IsEqual(Container(9000).ListItem.Property(id),livetv)</visible>
					<include>Visible_Right_Delayed</include>
					<control type="button" id="12888">
						<width>1</width>
						<height>1</height>
						<label></label>
						<onfocus>SetFocus(12001)</onfocus>
						<onfocus condition="Integer.IsGreater(Container(12100).NumItems,0)">SetFocus(12100)</onfocus>
						<onclick>noop</onclick>
						<texturefocus></texturefocus>
						<texturenofocus></texturenofocus>
					</control>
					<control type="grouplist" id="12001">
						<orientation>vertical</orientation>
						<height>922</height>
						<scrolltime tween="cubic" easing="out">500</scrolltime>
						<usecontrolcoords>true</usecontrolcoords>
						<include content="SubMenu">
							<param name="list_id" value="12900"/>
							<param name="ondown_id" value="12200"/>
							<param name="item1_onclick" value="ActivateWindow(TVChannels)" />
							<param name="item1_icon" value="channels.png" />
							<param name="item1_label" value="$LOCALIZE[19019]" />
							<param name="item2_onclick" value="ActivateWindow(TVGuide)" />
							<param name="item2_icon" value="guide.png" />
							<param name="item2_label" value="$LOCALIZE[19069]" />
							<param name="item3_onclick" value="ActivateWindow(TVRecordings)" />
							<param name="item3_icon" value="recordings.png" />
							<param name="item3_label" value="$LOCALIZE[19017]" />
							<param name="item4_onclick" value="ActivateWindow(TVTimers)" />
							<param name="item4_icon" value="timers.png" />
							<param name="item4_label" value="$LOCALIZE[19040]" />
							<param name="item5_onclick" value="ActivateWindow(TVTimerRules)" />
							<param name="item5_icon" value="timer-rules.png" />
							<param name="item5_label" value="$LOCALIZE[19138]" />
							<param name="item6_onclick" value="ActivateWindow(TVSearch)" />
							<param name="item6_icon" value="tv-search.png" />
							<param name="item6_label" value="$LOCALIZE[137]" />
							<param name="item7_vis" value="False" />
							<param name="item8_vis" value="False" />
							<param name="visible" value="System.HasPVRAddon"/>
						</include>
						<include content="ImageWidgetHeader">
							<param name="widget_header" value="$LOCALIZE[19020]" />
							<param name="visible" value="!System.HasPVRAddon"/>
						</include>
						<control type="grouplist">
							<height>218</height>
							<left>478</left>
							<top>36</top>
							<orientation>horizontal</orientation>
							<visible>PVR.IsRecordingTV | PVR.HasNonRecordingTVTimer</visible>
							<align>right</align>
							<width>1360</width>
							<control type="group">
								<width>680</width>
								<visible>PVR.IsRecordingTV</visible>
								<include content="PVRWidget">
									<param name="icon" value="$INFO[PVR.TVNowRecordingChannelIcon]" />
									<param name="header" value="$LOCALIZE[19158]" />
									<param name="label1" value="$INFO[PVR.TVNowRecordingDateTime,$LOCALIZE[19126] - ]" />
									<param name="label2" value="$INFO[PVR.TVNowRecordingTitle][CR][COLOR=grey]$INFO[PVR.TVNowRecordingChannel][/COLOR]" />
								</include>
							</control>
							<control type="group">
								<visible>PVR.HasNonRecordingTVTimer</visible>
								<width>680</width>
								<include content="PVRWidget">
									<param name="icon" value="$INFO[PVR.TVNextRecordingChannelIcon]" />
									<param name="header" value="$LOCALIZE[19157]" />
									<param name="label1" value="$INFO[PVR.TVNextRecordingDateTime,$LOCALIZE[19126] - ]" />
									<param name="label2" value="$INFO[PVR.TVNextRecordingTitle][CR][COLOR=grey]$INFO[PVR.TVNextRecordingChannel][/COLOR]" />
								</include>
							</control>
						</control>
						<include content="ImageWidget">
							<param name="image_path" value="special://skin/extras/home-images/tv.jpg"/>
							<param name="text_label" value="$LOCALIZE[31143]" />
							<param name="button_label" value="$LOCALIZE[31144]" />
							<param name="button_onclick" value="ActivateWindow(addonbrowser,addons://user/xbmc.pvrclient,return)"/>
							<param name="button_id" value="12400"/>
							<param name="visible" value="!System.HasPVRAddon"/>
							<param name="button2_onclick" value="Skin.SetBool(HomeMenuNoTVButton)"/>
						</include>
						<include content="WidgetListChannels">
							<param name="content_path" value="pvr://channels/tv/*?view=lastplayed"/>
							<param name="sortby" value="lastplayed"/>
							<param name="sortorder" value="descending"/>
							<param name="widget_header" value="$LOCALIZE[31016]"/>
							<param name="widget_target" value="pvr"/>
							<param name="list_id" value="12200"/>
							<param name="onup_id" value="12900"/>
							<param name="ondown_id" value="12300"/>
							<param name="height" value="550"/>
							<param name="visible" value="System.HasPVRAddon"/>
						</include>
						<include content="WidgetListRecordings">
							<param name="content_path" value="pvr://recordings/tv/active?view=flat"/>
							<param name="sortby" value="date"/>
							<param name="sortorder" value="descending"/>
							<param name="widget_header" value="$LOCALIZE[31015]"/>
							<param name="widget_target" value="pvr"/>
							<param name="list_id" value="12300"/>
							<param name="onup_id" value="12200"/>
							<param name="ondown_id" value="20001"/>
							<param name="height" value="550"/>
							<param name="visible" value="System.HasPVRAddon"/>
						</include>
					</control>
				</control>
				<control type="group" id="13000">
					<visible>String.IsEqual(Container(9000).ListItem.Property(id),radio)</visible>
					<include>Visible_Right_Delayed</include>
					<control type="button" id="13888">
						<width>1</width>
						<height>1</height>
						<label></label>
						<onfocus>SetFocus(13001)</onfocus>
						<onfocus condition="Integer.IsGreater(Container(13100).NumItems,0)">SetFocus(13100)</onfocus>
						<onclick>noop</onclick>
						<texturefocus></texturefocus>
						<texturenofocus></texturenofocus>
					</control>
					<control type="grouplist" id="13001">
						<orientation>vertical</orientation>
						<height>922</height>
						<scrolltime tween="cubic" easing="out">500</scrolltime>
						<usecontrolcoords>true</usecontrolcoords>
						<include content="SubMenu">
							<param name="list_id" value="13900"/>
							<param name="ondown_id" value="13200"/>
							<param name="item1_onclick" value="ActivateWindow(RadioChannels)" />
							<param name="item1_icon" value="channels.png" />
							<param name="item1_label" value="$LOCALIZE[19019]" />
							<param name="item2_onclick" value="ActivateWindow(RadioGuide)" />
							<param name="item2_icon" value="guide.png" />
							<param name="item2_label" value="$LOCALIZE[19069]" />
							<param name="item3_onclick" value="ActivateWindow(RadioRecordings)" />
							<param name="item3_icon" value="recordings.png" />
							<param name="item3_label" value="$LOCALIZE[19017]" />
							<param name="item4_onclick" value="ActivateWindow(RadioTimers)" />
							<param name="item4_icon" value="timers.png" />
							<param name="item4_label" value="$LOCALIZE[19040]" />
							<param name="item5_onclick" value="ActivateWindow(RadioTimerRules)" />
							<param name="item5_icon" value="timer-rules.png" />
							<param name="item5_label" value="$LOCALIZE[19138]" />
							<param name="item6_onclick" value="ActivateWindow(RadioSearch)" />
							<param name="item6_icon" value="tv-search.png" />
							<param name="item6_label" value="$LOCALIZE[137]" />
							<param name="item7_vis" value="False" />
							<param name="item8_vis" value="False" />
							<param name="visible" value="System.HasPVRAddon"/>
						</include>
						<include content="ImageWidgetHeader">
							<param name="widget_header" value="$LOCALIZE[19021]" />
							<param name="visible" value="!System.HasPVRAddon"/>
						</include>
						<control type="grouplist">
							<height>218</height>
							<left>478</left>
							<top>36</top>
							<orientation>horizontal</orientation>
							<align>right</align>
							<width>1360</width>
							<visible>PVR.IsRecordingRadio | PVR.HasNonRecordingRadioTimer</visible>
							<control type="group">
								<width>680</width>
								<visible>PVR.IsRecordingRadio</visible>
								<include content="PVRWidget">
									<param name="icon" value="$INFO[PVR.RadioNowRecordingChannelIcon]" />
									<param name="header" value="$LOCALIZE[19158]" />
									<param name="label1" value="$INFO[PVR.RadioNowRecordingDateTime,$LOCALIZE[19126] - ]" />
									<param name="label2" value="$INFO[PVR.RadioNowRecordingTitle][CR][COLOR=grey]$INFO[PVR.RadioNowRecordingChannel][/COLOR]" />
								</include>
							</control>
							<control type="group">
								<visible>PVR.HasNonRecordingRadioTimer</visible>
								<width>680</width>
								<include content="PVRWidget">
									<param name="icon" value="$INFO[PVR.RadioNextRecordingChannelIcon]" />
									<param name="header" value="$LOCALIZE[19157]" />
									<param name="label1" value="$INFO[PVR.RadioNextRecordingDateTime,$LOCALIZE[19126] - ]" />
									<param name="label2" value="$INFO[PVR.RadioNextRecordingTitle][CR][COLOR=grey]$INFO[PVR.RadioNextRecordingChannel][/COLOR]" />
								</include>
							</control>
						</control>
						<include content="ImageWidget">
							<param name="image_path" value="special://skin/extras/home-images/tv.jpg"/>
							<param name="text_label" value="$LOCALIZE[31143]" />
							<param name="button_label" value="$LOCALIZE[31144]" />
							<param name="button_onclick" value="ActivateWindow(addonbrowser,addons://user/xbmc.pvrclient,return)"/>
							<param name="button_id" value="13400"/>
							<param name="visible" value="!System.HasPVRAddon"/>
							<param name="button2_onclick" value="Skin.SetBool(HomeMenuNoRadioButton)"/>
						</include>
						<include content="WidgetListChannels">
							<param name="content_path" value="pvr://channels/radio/*?view=lastplayed"/>
							<param name="sortby" value="lastplayed"/>
							<param name="sortorder" value="descending"/>
							<param name="widget_header" value="$LOCALIZE[31018]"/>
							<param name="widget_target" value="files"/>
							<param name="list_id" value="13200"/>
							<param name="onup_id" value="13900"/>
							<param name="ondown_id" value="13300"/>
							<param name="height" value="550"/>
							<param name="visible" value="System.HasPVRAddon"/>
						</include>
						<include content="WidgetListRecordings">
							<param name="content_path" value="pvr://recordings/radio/active?view=flat"/>
							<param name="sortby" value="date"/>
							<param name="sortorder" value="descending"/>
							<param name="widget_header" value="$LOCALIZE[31015]"/>
							<param name="widget_target" value="pvr"/>
							<param name="list_id" value="13300"/>
							<param name="onup_id" value="13200"/>
							<param name="ondown_id" value="20001"/>
							<param name="height" value="550"/>
							<param name="visible" value="System.HasPVRAddon"/>
						</include>
					</control>
				</control>
				<control type="group" id="15000">
					<visible>String.IsEqual(Container(9000).ListItem.Property(id),weather)</visible>
					<include>Visible_Right_Delayed</include>
					<control type="button" id="15888">
						<width>1</width>
						<height>1</height>
						<label></label>
						<onfocus>SetFocus(15001)</onfocus>
						<onfocus condition="Integer.IsGreater(Container(15100).NumItems,0)">SetFocus(15100)</onfocus>
						<onfocus condition="String.IsEmpty(Weather.Plugin)">SetFocus(15300)</onfocus>
						<onclick>noop</onclick>
						<texturefocus></texturefocus>
						<texturenofocus></texturenofocus>
					</control>
					<control type="grouplist" id="15001">
						<orientation>vertical</orientation>
						<height>922</height>
						<scrolltime tween="cubic" easing="out">500</scrolltime>
						<include content="SubMenu">
							<param name="list_id" value="15900"/>
							<param name="ondown_id" value="15100"/>
							<param name="item1_onclick" value="Weather.Refresh" />
							<param name="item1_icon" value="updatelibrary.png" />
							<param name="item1_label" value="$LOCALIZE[184]" />
							<param name="item2_onclick" value="Weather.LocationPrevious" />
							<param name="item2_icon" value="location-previous.png" />
							<param name="item2_label" value="$LOCALIZE[31077]" />
							<param name="item3_onclick" value="Weather.LocationNext" />
							<param name="item3_icon" value="location-next.png" />
							<param name="item3_label" value="$LOCALIZE[31078]" />
							<param name="item4_onclick" value="ActivateWindow(servicesettings,weather)" />
							<param name="item4_icon" value="weather-settings.png" />
							<param name="item4_label" value="$LOCALIZE[1390]" />
							<param name="item5_vis" value="False" />
							<param name="item6_vis" value="False" />
							<param name="item7_vis" value="False" />
							<param name="item8_vis" value="False" />
							<param name="visible" value="!String.IsEmpty(Weather.plugin)"/>
						</include>
						<control type="group" id="16678">
							<description>Weather info</description>
							<height>380</height>
							<visible>!String.IsEmpty(Weather.plugin)</visible>
							<control type="image">
								<top>2</top>
								<left>480</left>
								<width>1360</width>
								<height>380</height>
								<texture border="22">dialogs/dialog-bg.png</texture>
							</control>
							<control type="image">
								<top>20</top>
								<left>530</left>
								<width>150</width>
								<height>150</height>
								<texture>$INFO[Weather.conditions]</texture>
							</control>
							<control type="label">
								<left>990</left>
								<top>110</top>
								<aligny>center</aligny>
								<height>24</height>
								<width>800</width>
								<align>right</align>
								<font>font14</font>
								<label>$INFO[Weather.Conditions] ∙ $INFO[Weather.Temperature]</label>
							</control>
							<control type="label">
								<left>990</left>
								<top>50</top>
								<aligny>center</aligny>
								<height>24</height>
								<width>800</width>
								<align>right</align>
								<font>font35_title</font>
								<label>$INFO[Weather.Location]</label>
							</control>
							<control type="grouplist">
								<top>215</top>
								<left>540</left>
								<width>1330</width>
								<orientation>horizontal</orientation>
								<align>justify</align>
								<itemgap>-50</itemgap>
								<include content="WeatherIcon">
									<param name="label" value="Window(weather).Property(Current.Wind)" />
									<param name="texture" value="icons/weather/wind.png" />
									<param name="header" value="404" />
								</include>
								<include content="WeatherIcon">
									<param name="label" value="Window(weather).Property(Current.Humidity)" />
									<param name="texture" value="icons/weather/humidity.png" />
									<param name="header" value="406" />
								</include>
								<include content="WeatherIcon">
									<param name="label" value="Window(weather).Property(Current.Precipitation)" />
									<param name="texture" value="icons/weather/rain.png" />
									<param name="header" value="33021" />
								</include>
								<include content="WeatherIcon">
									<param name="label" value="Window(weather).Property(Today.Sunrise)" />
									<param name="texture" value="icons/weather/sunrise.png" />
									<param name="header" value="405" />
								</include>
								<include content="WeatherIcon">
									<param name="label" value="Window(weather).Property(Today.Sunset)" />
									<param name="texture" value="icons/weather/sunset.png" />
									<param name="header" value="403" />
								</include>
							</control>
						</control>
						<include content="WeatherWidget">
							<param name="content_include" value="HourlyItems" />
							<param name="list_id" value="15100" />
							<param name="onup_id" value="15900" />
							<param name="ondown_id" value="15200" />
							<param name="widget_header" value="$LOCALIZE[33036]"/>
							<param name="visible" value="!String.IsEmpty(Window(weather).Property(Hourly.IsFetched))" />
						</include>
						<include content="WeatherWidget">
							<param name="content_include" value="DailyItems" />
							<param name="list_id" value="15200" />
							<param name="onup_id" value="15100" />
							<param name="ondown_id" value="20001" />
							<param name="widget_header" value="$LOCALIZE[31019]"/>
							<param name="visible" value="!String.IsEmpty(Window(weather).Property(Daily.IsFetched))" />
						</include>
						<include content="ImageWidgetHeader">
							<param name="widget_header" value="$LOCALIZE[12600]" />
							<param name="visible" value="String.IsEmpty(Weather.plugin)"/>
						</include>
						<include content="ImageWidget">
							<param name="image_path" value="special://skin/extras/home-images/weather.jpg"/>
							<param name="text_label" value="$LOCALIZE[31120]" />
							<param name="button_label" value="$LOCALIZE[31121]" />
							<param name="button_onclick" value="ActivateWindow(servicesettings,weather)"/>
							<param name="button_id" value="15300"/>
							<param name="visible" value="String.IsEmpty(Weather.plugin)"/>
							<param name="button2_onclick" value="Skin.SetBool(HomeMenuNoWeatherButton)"/>
						</include>
					</control>
				</control>
				<control type="group" id="4000">
					<visible>String.IsEqual(Container(9000).ListItem.Property(id),pictures)</visible>
					<include>Visible_Right_Delayed</include>
					<control type="grouplist" id="4001">
						<orientation>vertical</orientation>
						<include content="ImageWidgetHeader">
							<param name="widget_header" value="$LOCALIZE[1]" />
							<param name="visible" value="true"/>
						</include>
						<include content="ImageWidget">
							<param name="image_path" value="special://skin/extras/home-images/pictures.jpg"/>
							<param name="text_label" value="$LOCALIZE[31111]" />
							<param name="button_label" value="" />
							<param name="button_onclick" value="ActivateWindow(pictures)"/>
							<param name="button_id" value="4100"/>
							<param name="visible" value="true"/>
							<param name="visible_1" value="False"/>
							<param name="visible_2" value="False"/>
						</include>
					</control>
				</control>
			</control>
			<include content="TopBar">
				<param name="breadcrumbs_label" value="" />
				<param name="breadcrumbs_icon" value="" />
			</include>
			<control type="group">
				<animation effect="slide" end="0,-90" time="300" tween="sine" easing="inout" condition="$EXP[infodialog_active]">conditional</animation>
				<animation effect="fade" start="0" end="100" time="300">WindowOpen</animation>
				<animation effect="fade" start="100" end="0" time="200">WindowClose</animation>
				<control type="image">
					<left>20</left>
					<top>10</top>
					<aspectratio>keep</aspectratio>
					<width>56</width>
					<height>56</height>
					<texture colordiffuse="button_focus">icons/logo.png</texture>
				</control>
				<control type="image">
					<left>60</left>
					<top>20</top>
					<aspectratio>keep</aspectratio>
					<width>192</width>
					<height>36</height>
					<texture>icons/logo-text.png</texture>
				</control>
			</control>
			<include>BottomBar</include>
			<control type="group">
				<include>OpenClose_Left</include>
				<control type="radiobutton" id="900">
					<left>33</left>
					<top>94</top>
					<width>424</width>
					<height>110</height>
					<onup>14200</onup>
					<ondown>SetFocus(9000,0)</ondown>
					<ondown>9000</ondown>
					<onright>2000</onright>
					<aligny>center</aligny>
					<onclick>ActivateWindow(1107)</onclick>
					<font>font14</font>
					<label>$LOCALIZE[31001]</label>
					<textwidth>300</textwidth>
					<radioposx>338</radioposx>
					<textoffsetx>40</textoffsetx>
					<radioposy>0</radioposy>
					<radiowidth>40</radiowidth>
					<radioheight>40</radioheight>
					<textureradioonfocus>icons/search.png</textureradioonfocus>
					<textureradioonnofocus>icons/search.png</textureradioonnofocus>
					<textureradioofffocus>icons/search.png</textureradioofffocus>
					<textureradiooffnofocus>icons/search.png</textureradiooffnofocus>
				</control>
				<control type="group">
					<left>53</left>
					<top>204</top>
					<control type="image">
						<left>-20</left>
						<top>-20</top>
						<width>424</width>
						<height>711</height>
						<texture border="22">dialogs/dialog-bg.png</texture>
					</control>
					<control type="list" id="9000">
						<left>1</left>
						<top>1</top>
						<width>382</width>
						<height>671</height>
						<pagecontrol>70</pagecontrol>
						<onfocus>ClearProperty(listposition,home)</onfocus>
						<onright condition="String.IsEqual(Container(9000).ListItem.Property(id),movies) + Control.IsVisible(5000)">5000</onright>
						<onright condition="String.IsEqual(Container(9000).ListItem.Property(id),tvshows) + Control.IsVisible(6000)">6000</onright>
						<onright condition="String.IsEqual(Container(9000).ListItem.Property(id),music) + Control.IsVisible(7000)">7000</onright>
						<onright condition="String.IsEqual(Container(9000).ListItem.Property(id),addons) + Control.IsVisible(8000)">8000</onright>
						<onright condition="String.IsEqual(Container(9000).ListItem.Property(id),video) + Control.IsVisible(11000)">11000</onright>
						<onright condition="String.IsEqual(Container(9000).ListItem.Property(id),livetv) + Control.IsVisible(12000)">12000</onright>
						<onright condition="String.IsEqual(Container(9000).ListItem.Property(id),radio) + Control.IsVisible(13000)">13000</onright>
						<onright condition="String.IsEqual(Container(9000).ListItem.Property(id),weather) + Control.IsVisible(15000)">15000</onright>
						<onup>900</onup>
						<ondown>700</ondown>
						<scrolltime tween="cubic" easing="out">500</scrolltime>
						<focusedlayout height="74">
							<control type="image">
								<left>0</left>
								<top>0</top>
								<width>390</width>
								<height>75</height>
								<texture border="90,3,90,3">lists/separator.png</texture>
							</control>
							<control type="group">
								<animation effect="fade" start="100" end="0" time="0">UnFocus</animation>
								<control type="image">
									<left>0</left>
									<top>0</top>
									<width>390</width>
									<height>73</height>
									<texture colordiffuse="button_focus">lists/focus.png</texture>
									<animation effect="fade" start="100" end="0" time="0" condition="!Control.HasFocus(9000) + !Control.HasFocus(900) + !ControlGroup(700).HasFocus + !Control.HasFocus(14200)">Conditional</animation>
								</control>
								<control type="image">
									<left>-3</left>
									<top>1</top>
									<width>70</width>
									<height>70</height>
									<texture colordiffuse="button_focus">$INFO[ListItem.Art(thumb)]</texture>
									<animation effect="fade" start="0" end="100" time="300" reversible="false">Focus</animation>
								</control>
								<control type="image">
									<left>-5</left>
									<top>0</top>
									<width>68</width>
									<height>74</height>
									<texture colordiffuse="51FFFFFF">colors/black.png</texture>
									<animation effect="fade" start="100" end="0" time="0" condition="!Control.HasFocus(9000) + !Control.HasFocus(900) + !ControlGroup(700).HasFocus + !Control.HasFocus(14200)">Conditional</animation>
								</control>
							</control>
							<control type="image">
								<left>-3</left>
								<top>1</top>
								<width>70</width>
								<height>70</height>
								<texture>$INFO[ListItem.Art(thumb)]</texture>
							</control>
							<control type="image">
								<left>-3</left>
								<top>1</top>
								<width>70</width>
								<height>70</height>
								<animation effect="fade" start="0" end="100" time="200" delay="200" condition="!System.HasModalDialog">Conditional</animation>
								<animation effect="fade" start="100" end="0" time="0" condition="System.HasModalDialog">Conditional</animation>
								<texture colordiffuse="button_focus">$INFO[ListItem.Art(thumb)]</texture>
								<animation effect="fade" start="0" end="100" time="300" reversible="false">Focus</animation>
								<visible>!Control.HasFocus(9000) + !Control.HasFocus(900) + !ControlGroup(700).HasFocus + !Control.HasFocus(14200)</visible>
							</control>
							<control type="label">
								<left>74</left>
								<top>0</top>
								<height>70</height>
								<width>560</width>
								<aligny>center</aligny>
								<font>font14</font>
								<label>$INFO[ListItem.Label]</label>
								<shadowcolor>text_shadow</shadowcolor>
								<visible>!String.IsEmpty(ListItem.Label2)</visible>
								<animation effect="slide" start="0,0" end="0,-13" time="150" delay="400">Focus</animation>
								<animation effect="slide" start="0,-13" end="0,0" time="300" delay="200">UnFocus</animation>
							</control>
							<control type="label">
								<left>74</left>
								<top>0</top>
								<height>70</height>
								<width>560</width>
								<aligny>center</aligny>
								<font>font14</font>
								<label>$INFO[ListItem.Label]</label>
								<shadowcolor>text_shadow</shadowcolor>
								<visible>String.IsEmpty(ListItem.Label2)</visible>
							</control>
							<control type="label">
								<left>74</left>
								<top>17</top>
								<height>70</height>
								<width>560</width>
								<aligny>center</aligny>
								<font>font10</font>
								<label>$INFO[ListItem.Label2]</label>
								<shadowcolor>text_shadow</shadowcolor>
								<visible>Control.HasFocus(9000)</visible>
								<animation effect="fade" time="300">VisibleChange</animation>
								<animation effect="fade" start="0" end="100" time="150" delay="500">Focus</animation>
								<animation effect="fade" start="100" end="0" time="300">UnFocus</animation>
							</control>
						</focusedlayout>
						<itemlayout height="74">
							<control type="image">
								<left>0</left>
								<top>0</top>
								<width>390</width>
								<height>75</height>
								<texture border="90,3,90,3">lists/separator.png</texture>
							</control>
							<control type="label">
								<left>74</left>
								<top>0</top>
								<height>70</height>
								<width>560</width>
								<aligny>center</aligny>
								<font>font14</font>
								<label>$INFO[ListItem.Label]</label>
								<shadowcolor>text_shadow</shadowcolor>
							</control>
							<control type="image">
								<left>-3</left>
								<top>1</top>
								<width>70</width>
								<height>70</height>
								<texture>$INFO[ListItem.Art(thumb)]</texture>
							</control>
						</itemlayout>
						<content>
							<item>
								<label>$LOCALIZE[342]</label>
								<label2>$LOCALIZE[16102]: $INFO[Window(home).Property(movies.watched)]$INFO[Window(home).Property(movies.Count), / ]</label2>
								<onclick condition="Library.HasContent(movies)">ActivateWindow(Videos,videodb://movies/titles/,return)</onclick>
								<onclick condition="!Library.HasContent(movies)">ActivateWindow(Videos,sources://video/,return)</onclick>
								<thumb>icons/home/movies.png</thumb>
								<property name="id">movies</property>
								<visible>!Skin.HasSetting(HomeMenuNoMovieButton)</visible>
							</item>
							<item>
								<label>$LOCALIZE[20343]</label>
								<label2>$LOCALIZE[16102]: $INFO[Window(home).Property(episodes.watched)]$INFO[Window(home).Property(episodes.Count), / ]</label2>
								<onclick condition="Library.HasContent(tvshows)">ActivateWindow(Videos,videodb://tvshows/titles/,return)</onclick>
								<onclick condition="!Library.HasContent(tvshows)">ActivateWindow(Videos,sources://video/,return)</onclick>
								<thumb>icons/home/tv.png</thumb>
								<property name="id">tvshows</property>
								<visible>!Skin.HasSetting(HomeMenuNoTVShowButton)</visible>
							</item>
							<item>
								<label>$LOCALIZE[2]</label>
								<label2>$LOCALIZE[133]: $INFO[Window(Home).Property(Music.ArtistsCount)]</label2>
								<onclick>ActivateWindow(Music,root,return)</onclick>
								<thumb>icons/home/music.png</thumb>
								<property name="id">music</property>
								<visible>!Skin.HasSetting(HomeMenuNoMusicButton)</visible>
							</item>
							<item>
								<label>$LOCALIZE[19020]</label>
								<onclick>ActivateWindow(TVChannels)</onclick>
								<thumb>icons/home/livetv.png</thumb>
								<property name="id">livetv</property>
								<visible>!Skin.HasSetting(HomeMenuNoTVButton)</visible>
							</item>
							<item>
								<label>$LOCALIZE[19021]</label>
								<onclick>ActivateWindow(RadioChannels)</onclick>
								<thumb>icons/home/radio.png</thumb>
								<property name="id">radio</property>
								<visible>!Skin.HasSetting(HomeMenuNoRadioButton)</visible>
							</item>
							<item>
								<label>$LOCALIZE[24001]</label>
								<onclick>ActivateWindow(1100)</onclick>
								<thumb>icons/home/addons.png</thumb>
								<property name="id">addons</property>
								<visible>!Skin.HasSetting(HomeMenuNoProgramsButton)</visible>
							</item>
							<item>
								<label>$LOCALIZE[1]</label>
								<onclick>ActivateWindow(Pictures)</onclick>
								<thumb>icons/home/pictures.png</thumb>
								<property name="id">pictures</property>
								<visible>!Skin.HasSetting(HomeMenuNoPicturesButton)</visible>
							</item>
							<item>
								<label>$LOCALIZE[3]</label>
								<onclick>ActivateWindow(Videos,root)</onclick>
								<thumb>icons/home/videos.png</thumb>
								<property name="id">video</property>
								<visible>!Skin.HasSetting(HomeMenuNoVideosButton)</visible>
							</item>
							<item>
								<label>$LOCALIZE[8]</label>
								<onclick condition="!String.IsEmpty(Weather.Plugin)">ActivateWindow(Weather)</onclick>
								<onclick condition="String.IsEmpty(Weather.Plugin)">ReplaceWindow(servicesettings,weather)</onclick>
								<thumb>icons/home/weather.png</thumb>
								<property name="id">weather</property>
								<visible>!Skin.HasSetting(HomeMenuNoWeatherButton)</visible>
							</item>
						</content>
					</control>
				</control>
				<control type="grouplist" id="700">
					<orientation>horizontal</orientation>
					<itemgap>-16</itemgap>
					<left>33</left>
					<top>878</top>
					<onup>SetFocus(9000,99)</onup>
					<onup>9000</onup>
					<ondown>14200</ondown>
					<onright>2000</onright>
					<include content="BottomMainMenuItem">
						<param name="control_id" value="804" />
						<param name="onclick" value="ActivateWindow(shutdownmenu)" />
						<param name="icon" value="icons/power.png" />
						<param name="label" value="$LOCALIZE[33060]" />
					</include>
					<include content="BottomMainMenuItem">
						<param name="control_id" value="802" />
						<param name="onclick" value="ActivateWindow(settings)" />
						<param name="icon" value="icons/settings.png" />
						<param name="label" value="$LOCALIZE[21417]" />
					</include>
					<include content="BottomMainMenuItem">
						<param name="control_id" value="803" />
						<param name="onclick" value="ActivateWindow(favourites)" />
						<param name="icon" value="icons/favourites.png" />
						<param name="label" value="$LOCALIZE[10134]" />
					</include>
					<include content="BottomMainMenuItem">
						<param name="control_id" value="801" />
						<param name="onclick" value="ActivateWindow(filemanager)" />
						<param name="icon" value="icons/filemanager.png" />
						<param name="label" value="$LOCALIZE[10003]" />
					</include>
				</control>
			</control>
			<control type="group">
				<animation effect="slide" end="0,90" time="300" tween="sine" easing="inout" condition="$EXP[infodialog_active]">conditional</animation>
				<animation effect="fade" start="0" end="100" time="400">WindowOpen</animation>
				<animation effect="fade" start="100" end="0" time="300">WindowClose</animation>
				<control type="radiobutton" id="14200">
					<top>995</top>
					<left>35</left>
					<width>420</width>
					<height>95</height>
					<align>left</align>
					<aligny>center</aligny>
					<onclick>FullScreen</onclick>
					<label>$LOCALIZE[244]</label>
					<ondown>900</ondown>
					<onup>700</onup>
					<radioposx>338</radioposx>
					<textoffsetx>40</textoffsetx>
					<radioposy>0</radioposy>
					<radiowidth>34</radiowidth>
					<radioheight>34</radioheight>
					<texturefocus border="40" colordiffuse="button_focus">buttons/dialogbutton-fo.png</texturefocus>
					<texturenofocus border="40">buttons/dialogbutton-nofo.png</texturenofocus>
					<textureradioonfocus>icons/now-playing/fullscreen.png</textureradioonfocus>
					<textureradioonnofocus>icons/now-playing/fullscreen.png</textureradioonnofocus>
					<textureradioofffocus>icons/now-playing/fullscreen.png</textureradioofffocus>
					<textureradiooffnofocus>icons/now-playing/fullscreen.png</textureradiooffnofocus>
					<selected>!Player.Paused</selected>
					<visible>Player.hasMedia</visible>
				</control>
				<control type="rss">
					<left>0</left>
					<top>1041</top>
					<height>30</height>
					<width>100%</width>
					<font>font12</font>
					<urlset>1</urlset>
					<titlecolor>button_focus</titlecolor>
					<shadowcolor>text_shadow</shadowcolor>
					<headlinecolor>FFC0C0C0</headlinecolor>
					<textcolor>white</textcolor>
					<visible>!Player.hasMedia</visible>
				</control>
			</control>
		</control>
	</controls>
</window>
