<?xml version="1.0" encoding="utf-8"?>
<includes>
	<include name="ChannelManagerList">
		<control type="grouplist">
			<orientation>horizontal</orientation>
			<left>0</left>
			<top>0</top>
			<align>center</align>
			<width>510</width>
			<control type="label" id="$PARAM[header_id]">
				<width>auto</width>
				<height>70</height>
				<align>center</align>
				<aligny>center</aligny>
				<font>font12</font>
				<textcolor>button_focus</textcolor>
			</control>
			<control type="label">
				<width>auto</width>
				<height>70</height>
				<align>center</align>
				<aligny>center</aligny>
				<font>font12</font>
				<textcolor>button_focus</textcolor>
				<label>: [COLOR white]$INFO[Container($PARAM[list_id]).Numitems][/COLOR]</label>
			</control>
		</control>
		<control type="image">
			<left>0</left>
			<top>55</top>
			<width>510</width>
			<height>740</height>
			<texture border="40">buttons/dialogbutton-nofo.png</texture>
		</control>
		<control type="list" id="$PARAM[list_id]">
			<left>20</left>
			<top>75</top>
			<width>470</width>
			<height>700</height>
			<onup>$PARAM[list_id]</onup>
			<ondown>$PARAM[list_id]</ondown>
			<onleft>$PARAM[onleft]</onleft>
			<onright>$PARAM[scrollbar_id]</onright>
			<pagecontrol>$PARAM[scrollbar_id]</pagecontrol>
			<scrolltime>200</scrolltime>
			<itemlayout height="70">
				<control type="image">
					<left>0</left>
					<top>0</top>
					<width>470</width>
					<height>70</height>
					<texture border="40">lists/separator.png</texture>
				</control>
				<control type="image">
					<width>60</width>
					<height>60</height>
					<left>405</left>
					<top>4</top>
					<texture border="2">$INFO[ListItem.ActualIcon]</texture>
					<bordertexture colordiffuse="border_alpha">colors/black.png</bordertexture>
					<bordersize>2</bordersize>
					<aspectratio>keep</aspectratio>
				</control>
				<control type="label">
					<left>20</left>
					<top>0</top>
					<width>390</width>
					<height>70</height>
					<aligny>center</aligny>
					<font>fontContextMenu</font>
					<textcolor>grey</textcolor>
					<label>$INFO[ListItem.ChannelNumberLabel,[B],[/B] - ]$INFO[ListItem.ChannelName]</label>
				</control>
			</itemlayout>
			<focusedlayout height="70">
				<control type="image">
					<left>0</left>
					<top>0</top>
					<width>470</width>
					<height>70</height>
					<texture border="40">lists/separator.png</texture>
					<visible>!Control.HasFocus($PARAM[list_id])</visible>
				</control>
				<control type="image">
					<left>0</left>
					<top>0</top>
					<width>470</width>
					<height>70</height>
					<texture colordiffuse="button_focus">lists/focus.png</texture>
					<visible>Control.HasFocus($PARAM[list_id])</visible>
				</control>
				<control type="image">
					<width>60</width>
					<height>60</height>
					<left>405</left>
					<top>4</top>
					<texture border="2">$INFO[ListItem.ActualIcon]</texture>
					<bordertexture colordiffuse="border_alpha">colors/black.png</bordertexture>
					<bordersize>2</bordersize>
					<aspectratio>keep</aspectratio>
				</control>
				<control type="label">
					<left>20</left>
					<top>0</top>
					<width>390</width>
					<height>70</height>
					<font>fontContextMenu</font>
					<aligny>center</aligny>
					<label>$INFO[ListItem.ChannelNumberLabel,[B],[/B] - ]$INFO[ListItem.ChannelName]</label>
				</control>
			</focusedlayout>
		</control>
		<control type="scrollbar" id="$PARAM[scrollbar_id]">
			<left>495</left>
			<top>75</top>
			<width>12</width>
			<height>700</height>
			<onleft>$PARAM[list_id]</onleft>
			<onright>$PARAM[onright]</onright>
			<ondown>$PARAM[scrollbar_id]</ondown>
			<onup>$PARAM[scrollbar_id]</onup>
			<orientation>vertical</orientation>
		</control>
	</include>
	<include name="PVRInfoPanel">
		<control type="image">
			<left>-40</left>
			<top>-20</top>
			<width>644</width>
			<height>170</height>
			<texture border="22">dialogs/dialog-bg.png</texture>
		</control>
		<control type="image">
			<left>-40</left>
			<top>130</top>
			<width>644</width>
			<height>596</height>
			<texture border="22">dialogs/dialog-bg.png</texture>
		</control>
		<control type="group">
			<left>150</left>
			<top>40</top>
			<control type="progress">
				<top>60</top>
				<width>360</width>
				<height>12</height>
				<colordiffuse>88FFFFFF</colordiffuse>
				<visible>ListItem.HasEpg</visible>
				<info>ListItem.Progress</info>
			</control>
			<control type="label">
				<top>24</top>
				<width>560</width>
				<height>262</height>
				<font>font12</font>
				<visible>!String.IsEqual(ListItem.StartTime,ListItem.EndTime)</visible>
				<label>$INFO[ListItem.StartTime]</label>
			</control>
			<control type="label">
				<top>24</top>
				<width>360</width>
				<height>262</height>
				<align>right</align>
				<font>font12</font>
				<visible>!String.IsEqual(ListItem.StartTime,ListItem.EndTime)</visible>
				<label>$INFO[ListItem.EndTime]</label>
			</control>
			<control type="label">
				<top>-30</top>
				<width>430</width>
				<height>262</height>
				<textcolor>button_focus</textcolor>
				<font>font24_title</font>
				<label>$INFO[ListItem.ChannelName]</label>
			</control>
		</control>
		<control type="image">
			<left>-20</left>
			<top>15</top>
			<width>150</width>
			<height>100</height>
			<aspectratio>keep</aspectratio>
			<texture fallback="DefaultTVShowsSquare.png">$INFO[Listitem.Icon]</texture>
			<fadetime>200</fadetime>
		</control>
		<control type="label">
			<top>154</top>
			<width>560</width>
			<height>262</height>
			<textcolor>button_focus</textcolor>
			<font>font24_title</font>
			<label>$INFO[ListItem.EpgEventTitle]</label>
		</control>
		<control type="label">
			<top>210</top>
			<width>560</width>
			<height>262</height>
			<font>font12</font>
			<label>$INFO[ListItem.EpisodeName]</label>
		</control>
		<control type="label">
			<top>254</top>
			<width>560</width>
			<height>262</height>
			<font>font12</font>
			<label>$INFO[ListItem.Genre,[COLOR button_focus]$LOCALIZE[515]:[/COLOR] ]</label>
		</control>
		<control type="label">
			<top>660</top>
			<width>500</width>
			<height>262</height>
			<font>font12</font>
			<label>$PARAM[bottom_label1]</label>
		</control>
		<control type="label">
			<top>660</top>
			<width>560</width>
			<height>262</height>
			<align>right</align>
			<font>font12</font>
			<label>$PARAM[bottom_label2]</label>
		</control>
		<control type="textbox">
			<top>298</top>
			<width>560</width>
			<height>330</height>
			<align>left</align>
			<font>font12</font>
			<label>$INFO[ListItem.Plot]</label>
		</control>
		<control type="textbox">
			<top>330</top>
			<width>560</width>
			<height>362</height>
			<align>center</align>
			<font>font24_title</font>
			<label>$LOCALIZE[19055]</label>
			<visible>String.IsEmpty(Listitem.Plot) + String.IsEmpty(Listitem.Genre)</visible>
		</control>
	</include>
</includes>
