<?xml version="1.0" encoding="UTF-8" standalone="yes"?>
<addon id="service.radiofm" name="RadioFM-Backend" version="0.0.3" provider-name="Marc Hillesheim">
    <requires>
        <import addon="xbmc.python" version="2.1.0"/>
    </requires>
    <extension point="xbmc.service" library="service.py">
	<provides>executable</provides>
    </extension>
    <extension point="xbmc.addon.metadata">
        <platform>linux</platform>
        <summary lang="en">RadioFM-Backend - Mod from Hawkeyexp based on work of Andrei Istodorescu</summary>
        <description lang="en">Radio-Backend to control SI4703 module</description>
        <license>GNU GENERAL PUBLIC LICENSE. Version 2, June 1991</license>
        <forum>www.raspicarprojekte.de/showthread.php?tid=860</forum>
        <email>hawkeyexp@gmail.com</email>
    </extension>
</addon>
