<window id="1998">
	<defaultcontrol always="true">5001</defaultcontrol>
	<allowoverlay>no</allowoverlay>
        <controls>
		<include>CommonBackground</include>
		<include>Header</include>
		<include>Footer</include>
		<include>CommonNowPlaying</include>
		<include>ShutdownCenter</include>
		<include>ShutdownMessage</include>		
		<include>ShutdownButton1</include>
		<include>ShutdownButton2</include>
		<include>ShutdownButton3</include>
		<include>ShutdownButton4</include>

		<control type="label">
			<include>Window_OpenClose_Animation_Slide_Up</include>
			<description>Window label</description>
			<include>MediaWindowTitleCommons</include>
			<label>$LOCALIZE[40021]</label>
		</control>
		<control type="panel" id="9002">
			<include>Window_OpenClose_Animation_Slide_Up</include>
			<include>BottomMenuLayout</include>
			<content>
				<item>
					<label>31200</label>
					<onclick>Back</onclick>
					<icon>icon_button_back.png</icon>
				</item>
			</content>
		</control>
		<include>NightMode</include>
   </controls>      
</window>

