<?xml version="1.0" encoding="UTF-8"?>
<window>
	<defaultcontrol>20</defaultcontrol>
	<controls>
		<include>CommonBackground</include>
		<include>Header</include>
		<include>CommonNowPlaying</include>
		<include>Footer</include>
		<control type="label">
			<description>Window label</description>
			<include>Window_OpenClose_Animation_Slide_Up</include>
			<include>MediaWindowTitleCommons</include>
			<label>$LOCALIZE[7]</label>
		</control>
		<control type="group">
			<!--<include>16x9_xPos_Relocation</include>-->
			<posx>35</posx>
			<posy>80</posy>
			<include>Window_OpenClose_Animation_Slide_Left</include>
			<control type="label" id="101">
				<description>current directory text label</description>
				<posx>0</posx>
				<posy>0</posy>
				<width>750</width>
				<height>40</height>
				<font>font20_title</font>
				<align>left</align>
				<shadowcolor>black</shadowcolor>
				<scroll>true</scroll>
				<aligny>center</aligny>
			</control>
			<control type="image">
				<posx>0</posx>
				<posy>40</posy>
				<width>750</width>
				<height>720</height>
				<texture>panel.png</texture>
			</control>
			<control type="panel" id="20">
				<posx>0</posx>
				<posy>40</posy>
				<width>750</width>
				<height>720</height>
				<onleft>21</onleft>
				<onright>21</onright>
				<onup>20</onup>
				<ondown>20</ondown>
				<viewtype label="">list</viewtype>
				<pagecontrol>60</pagecontrol>
				<scrolltime>200</scrolltime>
				<itemlayout height="80" width="570">
					<control type="image">
						<posx>0</posx>
						<posy>0</posy>
						<width>750</width>
						<height>80</height>
						<texture border="40,0,40,5">list_nofocus.png</texture>
					</control>
					<control type="image">
						<posx>5</posx>
						<posy>5</posy>
						<width>70</width>
						<height>70</height>
						<texture background="true">$INFO[ListItem.Icon]</texture>
						<aspectratio>keep</aspectratio>
					</control>
					<control type="label">
						<posx>85</posx>
						<posy>0</posy>
						<width>655</width>
						<height>80</height>
						<font>font20</font>
						<selectedcolor>selected</selectedcolor>
						<align>left</align>
						<aligny>center</aligny>
						<label>$INFO[ListItem.Label]</label>
					</control>
					<control type="label">
						<posx>85</posx>
						<posy>0</posy>
						<width>655</width>
						<height>80</height>
						<font>font20</font>
						<selectedcolor>selected</selectedcolor>
						<align>right</align>
						<aligny>center</aligny>
						<label>$INFO[ListItem.Label2]</label>
					</control>
				</itemlayout>
				<focusedlayout height="80" width="570">
					<control type="image">
						<posx>0</posx>
						<posy>0</posy>
						<width>770</width>
						<height>80</height>
						<texture>list_focus.png</texture>
						<include>VisibleFadeEffect</include>
					</control>
					<control type="image">
						<posx>5</posx>
						<posy>5</posy>
						<width>70</width>
						<height>70</height>
						<texture background="true">$INFO[ListItem.Icon]</texture>
						<aspectratio>keep</aspectratio>
					</control>
					<control type="label">
						<posx>85</posx>
						<posy>0</posy>
						<width>655</width>
						<height>80</height>
						<font>font20</font>
						<selectedcolor>selected</selectedcolor>
						<align>left</align>
						<aligny>center</aligny>
						<label>$INFO[ListItem.Label]</label>
					</control>
					<control type="label">
						<posx>85</posx>
						<posy>0</posy>
						<width>655</width>
						<height>80</height>
						<font>font20</font>
						<selectedcolor>selected</selectedcolor>
						<align>right</align>
						<aligny>center</aligny>
						<label>$INFO[ListItem.Label2]</label>
					</control>
				</focusedlayout>
			</control>
			<control type="scrollbar" id="60">
				<posx>759</posx>
				<posy>0</posy>
				<width>74</width>
				<height>778</height>
				<texturesliderbackground colordiffuse="30FFFFFF">white.png</texturesliderbackground>
				<texturesliderbar colordiffuse="grey">white.png</texturesliderbar>
				<texturesliderbarfocus colordiffuse="blue">white.png</texturesliderbarfocus>
				<textureslidernib>blank.png</textureslidernib>
				<textureslidernibfocus>blank.png</textureslidernibfocus>
				<onleft>3</onleft>
				<onright>3</onright>
				<ondown>60</ondown>
				<onup>60</onup>
				<showonepage>false</showonepage>
				<orientation>vertical</orientation>
			</control>
		</control>
		<control type="group">
			<!--<include>16x9_xPos_Relocation</include>-->
			<include>Window_OpenClose_Animation_Slide_Right</include>
			<posx>871</posx>
			<posy>80</posy>
			<control type="label" id="102">
				<description>current directory text label</description>
				<posx>750</posx>
				<posy>0</posy>
				<width>750</width>
				<height>40</height>
				<font>font20_title</font>
				<align>right</align>
				<shadowcolor>black</shadowcolor>
				<scroll>true</scroll>
				<aligny>center</aligny>
			</control>
			<control type="image">
				<posx>0</posx>
				<posy>40</posy>
				<width>750</width>
				<height>720</height>
				<texture>panel.png</texture>
			</control>
			<control type="panel" id="21">
				<posx>0</posx>
				<posy>40</posy>
				<width>750</width>
				<height>720</height>
				<onleft>20</onleft>
				<onright>20</onright>
				<onup>21</onup>
				<ondown>21</ondown>
				<viewtype label="">list</viewtype>
				<pagecontrol>61</pagecontrol>
				<scrolltime>200</scrolltime>
				<itemlayout height="80" width="570">
					<control type="image">
						<posx>0</posx>
						<posy>0</posy>
						<width>750</width>
						<height>80</height>
						<texture border="40,0,40,5">list_nofocus.png</texture>
					</control>
					<control type="image">
						<posx>5</posx>
						<posy>5</posy>
						<width>70</width>
						<height>70</height>
						<texture background="true">$INFO[ListItem.Icon]</texture>
						<aspectratio>keep</aspectratio>
					</control>
					<control type="label">
						<posx>85</posx>
						<posy>0</posy>
						<width>655</width>
						<height>80</height>
						<font>font20</font>
						<selectedcolor>selected</selectedcolor>
						<align>left</align>
						<aligny>center</aligny>
						<label>$INFO[ListItem.Label]</label>
					</control>
					<control type="label">
						<posx>85</posx>
						<posy>0</posy>
						<width>655</width>
						<height>80</height>
						<font>font20</font>
						<selectedcolor>selected</selectedcolor>
						<align>right</align>
						<aligny>center</aligny>
						<label>$INFO[ListItem.Label2]</label>
					</control>
				</itemlayout>
				<focusedlayout height="80" width="570">
					<control type="image">
						<posx>0</posx>
						<posy>0</posy>
						<width>750</width>
						<height>80</height>
						<texture>list_focus.png</texture>
						<include>VisibleFadeEffect</include>
					</control>
					<control type="image">
						<posx>5</posx>
						<posy>5</posy>
						<width>70</width>
						<height>70</height>
						<texture background="true">$INFO[ListItem.Icon]</texture>
						<aspectratio>keep</aspectratio>
					</control>
					<control type="label">
						<posx>85</posx>
						<posy>0</posy>
						<width>655</width>
						<height>80</height>
						<font>font20</font>
						<selectedcolor>selected</selectedcolor>
						<align>left</align>
						<aligny>center</aligny>
						<label>$INFO[ListItem.Label]</label>
					</control>
					<control type="label">
						<posx>85</posx>
						<posy>0</posy>
						<width>655</width>
						<height>80</height>
						<font>font20</font>
						<selectedcolor>selected</selectedcolor>
						<align>right</align>
						<aligny>center</aligny>
						<label>$INFO[ListItem.Label2]</label>
					</control>
				</focusedlayout>
			</control>
			<control type="scrollbar" id="61">
				<posx>759</posx>
				<posy>0</posy>
				<width>74</width>
				<height>778</height>
				<texturesliderbackground colordiffuse="30FFFFFF">white.png</texturesliderbackground>
				<texturesliderbar colordiffuse="grey">white.png</texturesliderbar>
				<texturesliderbarfocus colordiffuse="blue">white.png</texturesliderbarfocus>
				<textureslidernib>blank.png</textureslidernib>
				<textureslidernibfocus>blank.png</textureslidernibfocus>
				<onleft>3</onleft>
				<onright>3</onright>
				<ondown>60</ondown>
				<onup>60</onup>
				<showonepage>false</showonepage>
				<orientation>vertical</orientation>
			</control>
		</control>
		<control type="panel" id="9002">
			<visible>!Window.IsActive(PlayerControls)</visible>
			<include>Window_OpenClose_Animation_Slide_Up</include>
			<include>BottomMenuLayout</include>
			<content>
				<item>
					<label>1036</label>
					<onclick>ActivateWindow(Favourites)</onclick>
					<icon>icon_button_favourites.png</icon>
				</item>
				<item>
					<label>31200</label>
					<onclick>ParentDir</onclick>
					<icon>icon_button_back.png</icon>
				</item>
			</content>
		</control>
		<include>NightMode</include>
	</controls>
</window>
