<?xml version="1.0" encoding="UTF-8"?>

<includes>
	<include file="defaults.xml" />
	<include file="IncludesCodecFlagging.xml" />
	<include file="IncludesPlayerControls.xml" />
	<include file="IncludesHomeRecentlyAdded.xml" />
	<include file="IncludesKeypad.xml" />

	<include file="ViewsList.xml" />
	<include file="ViewsThumbnail.xml" />
	<include file="ViewsWide.xml" />
	<include file="IncludesHomeButtons.xml" />
	<include file="IncludesShutdownButtons.xml" />
	<include file="IncludesRadioFM.xml" />
	<include file="IncludesClock.xml" />

	<include file="ViewsPVR.xml" />

	<constant name="FanartCrossfadeTime">500</constant>
	<constant name="IconCrossfadeTime">400</constant>

	<variable name="pointerImage">
		<value condition="!Skin.HasSetting(ShowMousePointer)">pointer_focus.png</value>
		<value>trans.png</value>
	</variable>
	<variable name="PlaylistHeader">
		<value condition="Window.IsVisible(musicplaylist)">$LOCALIZE[10517]</value>
		<value condition="Window.IsVisible(videoplaylist)">$LOCALIZE[10522]</value>
	</variable>
	<variable name="OSDImage">
		<value condition="Window.IsVisible(MusicOSD)">$INFO[MusicPlayer.Cover]</value>
		<value condition="Window.IsVisible(VideoOSD)">$INFO[VideoPlayer.Cover]</value>
	</variable>
	<variable name="OSDImageHome">
		<value condition="Window.IsVisible(Home)">$INFO[MusicPlayer.Cover]</value>
		<value condition="Window.IsVisible(Home)">$INFO[VideoPlayer.Cover]</value>
		<value>defaultmusictop100albums.png</value>
	</variable>
	<variable name="OSDLabel1">
		<value condition="Window.IsVisible(MusicOSD)">$INFO[MusicPlayer.Artist]</value>
		<value condition="Window.IsVisible(VideoOSD) + VideoPlayer.Content(Episodes)">$INFO[VideoPlayer.TVShowTitle]</value>
		<value condition="Window.IsVisible(VideoOSD)">$INFO[VideoPlayer.Studio]</value>
	</variable>
	<variable name="OSDLabel2">
		<value condition="Window.IsVisible(MusicOSD)">$INFO[MusicPlayer.Title]</value>
		<value condition="Window.IsVisible(VideoOSD)">$INFO[VideoPlayer.Title]</value>
	</variable>
	<variable name="OSDLabel3">
		<value condition="Window.IsVisible(MusicOSD)">$INFO[MusicPlayer.Album]</value>
		<value condition="Window.IsVisible(VideoOSD) + VideoPlayer.Content(Episodes)">$INFO[VideoPlayer.Season,$LOCALIZE[20373]: ] &#32;&#32;&#32; $INFO[VideoPlayer.Episode,$LOCALIZE[20359]: ]</value>
		<value condition="Window.IsVisible(VideoOSD)">$INFO[VideoPlayer.Genre]</value>
	</variable>
	<variable name="OSDLabel4">
		<value condition="Window.IsVisible(MusicOSD) + !MusicPartyMode.Enabled">$INFO[MusicPlayer.Playlistposition,$LOCALIZE[554]: ]$INFO[MusicPlayer.Playlistlength, / ]</value>
		<value condition="Window.IsVisible(VideoOSD) + Player.ChapterCount">$INFO[Player.Chapter,$LOCALIZE[21396]: ]$INFO[Player.ChapterCount, / ]</value>
	</variable>
	<variable name="TracksHome">
		<value condition="!MusicPartyMode.Enabled">$INFO[MusicPlayer.Playlistposition]$INFO[MusicPlayer.Playlistlength, / ]</value>
		<value condition="Player.ChapterCount">$INFO[Player.Chapter]$INFO[Player.ChapterCount, / ]</value>
	</variable>
	<variable name="OSDLabel5">
		<value condition="Window.IsVisible(MusicOSD) + MusicPlayer.HasNext">$LOCALIZE[209]: $INFO[MusicPlayer.offset(1).Artist,, - ]$INFO[MusicPlayer.offset(1).Title]</value>
		<value condition="Window.IsVisible(VideoOSD)">$LOCALIZE[31049] $INFO[Player.FinishTime]</value>
	</variable>
	<variable name="PosterThumb">
		<value condition="!String.IsEmpty(ListItem.Art(poster))">$INFO[ListItem.Art(poster)]</value>
		<value condition="String.IsEmpty(ListItem.Art(poster))">$INFO[ListItem.Icon]</value>
	</variable>
	<variable name="PVRListLabel">
		<value condition="![Window.IsVisible(TVChannels) | Window.IsVisible(RadioChannels)]">$INFO[ListItem.Label]</value>
		<value condition="Window.IsVisible(TVChannels) | Window.IsVisible(RadioChannels)">$INFO[ListItem.Title]</value>
	</variable>
	<variable name="PVRSection">
		<value condition="Window.IsVisible(TVChannels) | Window.IsVisible(TVGuide) | Window.IsVisible(TVRecordings) | Window.IsVisible(TVTimers) | Window.IsVisible(TVTimerRules) | Window.IsVisible(TVSearch)">$LOCALIZE[31556]</value>
		<value condition="Window.IsVisible(RadioChannels) | Window.IsVisible(RadioGuide) | Window.IsVisible(RadioRecordings) | Window.IsVisible(RadioTimers) | Window.IsVisible(RadioTimerRules) | Window.IsVisible(RadioSearch)">$LOCALIZE[19021]</value>
	</variable>
	<variable name="PVRSwitch">
		<value condition="Window.IsVisible(TVChannels) | Window.IsVisible(TVGuide) | Window.IsVisible(TVRecordings) | Window.IsVisible(TVTimers) | Window.IsVisible(TVTimerRules) | Window.IsVisible(TVSearch)">$LOCALIZE[19021]</value>
		<value condition="Window.IsVisible(RadioChannels) | Window.IsVisible(RadioGuide) | Window.IsVisible(RadioRecordings) | Window.IsVisible(RadioTimers) | Window.IsVisible(RadioTimerRules) | Window.IsVisible(RadioSearch)">$LOCALIZE[31556]</value>
	</variable>
	<variable name="Breadcrumb-Icon">
		<value condition="Window.IsVisible(Videos) | Window.IsVisible(VideoPlaylist)">icon_breadcrumb_video.png</value>
		<value condition="Window.IsVisible(Music) | Window.IsVisible(MusicPlaylist)">icon_breadcrumb_music.png</value>
		<value condition="Window.IsVisible(Weather)">icon_breadcrumb_weather.png</value>
		<value condition="Window.IsVisible(Pictures)">icon_breadcrumb_pictures.png</value>
		<value condition="Window.IsVisible(Programs) | Window.IsVisible(AddonBrowser)">icon_breadcrumb_addons.png</value>
		<value condition="Window.IsVisible(TVChannels) | Window.IsVisible(RadioChannels) | Window.IsVisible(TVGuide) | Window.IsVisible(RadioGuide) | Window.IsVisible(TVRecordings) | Window.IsVisible(RadioRecordings) | Window.IsVisible(TVSearch) | Window.IsVisible(RadioSearch) | Window.IsVisible(TVTimers) | Window.IsVisible(RadioTimers) | Window.IsVisible(TVTimerRules) | Window.IsVisible(RadioTimerRules)">icon_breadcrumb_tv.png</value>
		<value condition="Window.IsVisible(1998)">icon_button_shutdown.png</value>
		<value>icon_breadcrumb_settings.png</value>
	</variable>
	<variable name="SeekLabel">
		<value condition="!String.IsEmpty(Player.SeekStepSize)">[UPPERCASE]$LOCALIZE[773][/UPPERCASE] $INFO[Player.SeekStepSize]</value>
		<value condition="Player.Forwarding">$LOCALIZE[31044] $VAR[Speed]</value>
		<value condition="Player.Rewinding">$LOCALIZE[31045] $VAR[Speed]</value>
		<value condition="Player.Paused">[UPPERCASE]$LOCALIZE[31043][/UPPERCASE]</value>
		<value condition="Player.IsTempo">[UPPERCASE]$LOCALIZE[31046]: $INFO[Player.PlaySpeed][/UPPERCASE]</value>
	</variable>
	<variable name="Speed">
		<value condition="Player.Forwarding2x | Player.Rewinding2x">2x</value>
		<value condition="Player.Forwarding4x | Player.Rewinding4x">4x</value>
		<value condition="Player.Forwarding8x | Player.Rewinding8x">8x</value>
		<value condition="Player.Forwarding16x | Player.Rewinding16x">16x</value>
		<value condition="Player.Forwarding32x | Player.Rewinding32x">32x</value>
	</variable>
	<variable name="MediaPlayingTitle">
		<value condition="Player.HasAudio">[B]$INFO[MusicPlayer.Title][/B]</value>
		<value condition="Player.HasVideo">[B]$INFO[VideoPlayer.Title][/B]</value>
	</variable>

	<variable name="AddonCountLabel">
		<value condition="Integer.IsGreater(Container(8000).NumItems,10)">&gt;9</value>
		<value condition="Integer.IsGreater(Container(8000).NumItems,9)">9</value>
		<value condition="Integer.IsGreater(Container(8000).NumItems,8)">8</value>
		<value condition="Integer.IsGreater(Container(8000).NumItems,7)">7</value>
		<value condition="Integer.IsGreater(Container(8000).NumItems,6)">6</value>
		<value condition="Integer.IsGreater(Container(8000).NumItems,5)">5</value>
		<value condition="Integer.IsGreater(Container(8000).NumItems,4)">4</value>
		<value condition="Integer.IsGreater(Container(8000).NumItems,3)">3</value>
		<value condition="Integer.IsGreater(Container(8000).NumItems,2)">2</value>
		<value condition="Integer.IsGreater(Container(8000).NumItems,0)">1</value>
		<value>0</value>
	</variable>
	
	<include name="ScreenWidth">
		<include condition="String.IsEqual(Skin.AspectRatio,16:9)">ScreenWidth-16x9</include>
		<include condition="String.IsEqual(Skin.AspectRatio,4:3)">ScreenWidth-4x3</include>
	</include>

	<include name="ScreenWidth-16x9">
		<width>1706</width>
	</include>
	<include name="ScreenWidth-4x3">
		<width>1280</width>
	</include>

	<include name="CommonBackground">
		<control type="image">
			<posx>0</posx>
			<posy>0</posy>
			<aspectratio>scale</aspectratio>
			<include>ScreenWidth</include>
			<height>960</height>
			<texture fallback="special://skin/background/SKINDEFAULT.jpg">special://skin/background/$INFO[Skin.CurrentTheme].jpg</texture>
			<visible>!Skin.HasSetting(UseCustomBackground)</visible>
		</control>
		<control type="image">
			<posx>0</posx>
			<posy>0</posy>
			<aspectratio>scale</aspectratio>
			<include>ScreenWidth</include>
			<height>960</height>
			<texture>$INFO[Skin.String(CustomBackground)]</texture>
			<visible>Skin.HasSetting(UseCustomBackground)</visible>
		</control>
		<control type="image">
			<posx>0</posx>
			<posy>0</posy>
			<include>ScreenWidth</include>
			<height>960</height>
			<texture background="true">$INFO[Container.Art(tvshow.fanart)]</texture>
			<aspectratio>scale</aspectratio>
			<fadetime>FanartCrossfadeTime</fadetime>
			<visible>Container.Content(Seasons) | Container.Content(Episodes)</visible>
		</control>
		<control type="image">
			<posx>0</posx>
			<posy>0</posy>
			<include>ScreenWidth</include>
			<height>960</height>
			<texture background="true">$INFO[Container.Art(artist.fanart)]</texture>
			<aspectratio>scale</aspectratio>
			<fadetime>FanartCrossfadeTime</fadetime>
			<visible>Container.Content(Albums) | Container.Content(Songs)</visible>
		</control>
		<control type="image">
			<posx>0</posx>
			<posy>0</posy>
			<include>ScreenWidth</include>
			<height>960</height>
			<texture background="true">$INFO[ListItem.Art(fanart)]</texture>
			<aspectratio>scale</aspectratio>
			<fadetime>FanartCrossfadeTime</fadetime>
			<visible>![Container.Content(Seasons) | Container.Content(Episodes) | Container.Content(Albums) | Container.Content(Songs)]</visible>
		</control>
		<control type="image">
			<description>fanart</description>
			<posx>0</posx>
			<posy>0</posy>
			<include>ScreenWidth</include>
			<height>960</height>
			<texture background="true">$INFO[Player.Art(fanart)]</texture>
			<aspectratio>scale</aspectratio>
			<fadetime>FanartCrossfadeTime</fadetime>
			<visible>Player.HasMedia</visible>
		</control>
		<control type="videowindow">
			<posx>0</posx>
			<posy>0</posy>
			<include>ScreenWidth</include>
			<height>960</height>
			<visible>!Skin.HasSetting(HideVideoBackground) + Player.HasVideo + !Window.IsVisible(TVChannels) + !Window.IsVisible(RadioChannels) + !Window.IsVisible(TVGuide) + !Window.IsVisible(RadioGuide) + !Window.IsVisible(TVSearch) + !Window.IsVisible(RadioSearch) + !Window.IsVisible(TVTimers) + !Window.IsVisible(RadioTimers) + !Window.IsVisible(TVTimerRules) + !Window.IsVisible(RadioTimerRules) + !Window.IsVisible(TVRecordings) + !Window.IsVisible(RadioRecordings) + !SlideShow.IsActive</visible>
		</control>
		<control type="visualisation">
			<posx>0</posx>
			<posy>0</posy>
			<include>ScreenWidth</include>
			<height>960</height>
			<visible>!Skin.HasSetting(HideVizBackground) + Player.HasAudio + !SlideShow.IsActive</visible>
		</control>
		<control type="image">
			<posx>0</posx>
			<posy>0</posy>
			<include>ScreenWidth</include>
			<height>960</height>
			<texture>black.png</texture>
			<colordiffuse>70000000</colordiffuse>
			<include>VisibleFadeEffect</include>
			<visible>[!String.IsEmpty(ListItem.Art(fanart)) + !Player.HasMedia] | [!Skin.HasSetting(HideVizBackground) + Player.HasAudio] | [!Skin.HasSetting(HideVideoBackground) + Player.HasVideo + !Window.IsVisible(TVChannels) + !Window.IsVisible(RadioChannels) + !Window.IsVisible(TVGuide) + !Window.IsVisible(RadioGuide) + !Window.IsVisible(TVSearch) + !Window.IsVisible(RadioSearch) + !Window.IsVisible(TVTimers) + !Window.IsVisible(RadioTimers) + !Window.IsVisible(TVTimerRules) + !Window.IsVisible(RadioTimerRules) + !Window.IsVisible(TVRecordings) + !Window.IsVisible(RadioRecordings)]</visible>
		</control>
	</include>
	<include name="Header">
		<control type="group">
			<include>VisibleFadeEffect</include>
			<control type="image">
				<posx>0</posx>
				<posy>0</posy>
				<include>ScreenWidth</include>
				<height>80</height>
				<texture border="0,0,0,2" colordiffuse="selected">header.png</texture>
			</control>
			<control type="button">
				<description>Home Button</description>
				<posx>22</posx>
				<posy>2</posy>
				<width>150</width>
				<height>75</height>
				<font></font>
				<texturenofocus></texturenofocus>
				<texturefocus></texturefocus>
				<onclick>ActivateWindow(Home)</onclick>
			</control>
			<control type="image">
				<include>Window_OpenClose_Animation_Lightracer</include>
				<include>VisibleFadeEffect</include>
				<description>Kodi Logo</description>
				<posx>22</posx>
				<posy>2</posy>
				<width>150</width>
				<height>75</height>
				<texture colordiffuse="selected">kodi_logo.png</texture>
				<include>VisibleFadeEffect</include>
			</control>
			<control type="button" id="999">
				<description>Dummy</description>
				<posx>0</posx>
				<posy>0</posy>
				<width>1</width>
				<height>1</height>
				<texturenofocus></texturenofocus>
				<texturefocus></texturefocus>
				<ondown>8001</ondown>
				<onup>8008</onup>
			</control>
		</control>
		<control type="button">
			<posx>370r</posx>
			<posy>16</posy>
			<height>45</height>
			<width>145</width>
			<font></font>
			<texturefocus></texturefocus>
			<texturenofocus></texturenofocus>
			<onclick>ActivateWindow(weather)</onclick>
			<visible>!String.IsEmpty(Window(Weather).Property(Current.Temperature)) + !Player.HasMedia</visible>
			<visible>!Skin.HasSetting(HideHomeButtonWeather)</visible>
		</control>
		<control type="grouplist">
			<include>VisibleFadeEffect</include>
			<posx>415r</posx>
			<posy>16</posy>
			<width>400</width>
			<height>45</height>
			<align>right</align>
			<itemgap>10</itemgap>
			<orientation>horizontal</orientation>
			<include condition="!Window.IsVisible(LoginScreen)">WeatherIcon</include>
			<control type="label">
				<description>System Time</description>
				<height>45</height>
				<width>145</width>
				<font>font30</font>
				<textcolor>white</textcolor>
				<align>right</align>
				<aligny>center</aligny>
				<label>$INFO[System.Time]</label>
			</control>
			<control type="image">
				<description>System Time Clock</description>
				<height>45</height>
				<width>45</width>
				<texture colordiffuse="selected">icon_header_clock.png</texture>
				<aspectratio>keep</aspectratio>
			</control>
		</control>
	</include>
	<include name="Footer">
		<control type="image">
			<include>Window_OpenClose_Animation_Slide_Up</include>
			<posx>0</posx>
			<posy>102r</posy>
			<include>ScreenWidth</include>
			<height>102</height>
			<texture flipy="true" colordiffuse="selected">header.png</texture>
		</control>
		<control type="rss">
			<posx>0</posx>
			<posy>58r</posy>
			<height>30</height>
			<include>ScreenWidth</include>
			<font>font24_title</font>
			<urlset>1</urlset>
			<textcolor>white</textcolor>
			<titlecolor>selected</titlecolor>
			<headlinecolor>FFC0C0C0</headlinecolor>
			<include>Window_OpenClose_Animation</include>
			<visible>Window.IsVisible(Home)</visible>
		</control>
		<control type="image">
			<include>Window_OpenClose_Animation_Slide_Up</include>
			<description>Window Icon</description>
			<posx>16</posx>
			<posy>78r</posy>
			<width>60</width>
			<height>60</height>
			<aspectratio>keep</aspectratio>
			<texture>$VAR[Breadcrumb-Icon]</texture>
			<colordiffuse>selected</colordiffuse>
			<visible>!Window.IsVisible(Home)</visible>
			<visible>!Window.IsVisible(1113)</visible>
			<animation effect="fade" time="200" condition="Window.Previous(Home)">WindowOpen</animation>
			<animation effect="fade" time="200" condition="Window.Next(Home)">WindowClose</animation>
		</control>
		<control type="button">
			<description>Settings Button RadioFM</description>
			<posx>0</posx>
			<posy>100r</posy>
			<width>240</width>
			<height>100</height>
			<aspectratio>keep</aspectratio>
			<texturefocus></texturefocus>
			<texturenofocus></texturenofocus>
			<visible>Window.IsVisible(1113)</visible>
			<onclick>Addon.OpenSettings(service.radiofm)</onclick>
			<onclick>RunScript(service.radiofm,INIT)</onclick>
		</control>
		<control type="image">
			<include>Window_OpenClose_Animation_Slide_Up</include>
			<description>Window Icon</description>
			<posx>16</posx>
			<posy>78r</posy>
			<width>60</width>
			<height>60</height>
			<aspectratio>keep</aspectratio>
			<texture>icon_settings_w.png</texture>
			<visible>!Window.IsVisible(Home)</visible>
			<visible>Window.IsVisible(1113)</visible>
			<animation effect="fade" time="200" condition="Window.Previous(Home)">WindowOpen</animation>
			<animation effect="fade" time="200" condition="Window.Next(Home)">WindowClose</animation>
		</control>
	</include>
	<include name="FooterHome">
		<control type="image">
			<include>Window_OpenClose_Animation_Slide_Up</include>
			<posx>0</posx>
			<posy>102r</posy>
			<include>ScreenWidth</include>
			<height>102</height>
			<texture colordiffuse="selected">footer_home.png</texture>
		</control>
		<control type="rss">
			<posx>0</posx>
			<posy>58r</posy>
			<height>30</height>
			<include>ScreenWidth</include>
			<font>font24_title</font>
			<urlset>1</urlset>
			<textcolor>white</textcolor>
			<titlecolor>selected</titlecolor>
			<headlinecolor>FFC0C0C0</headlinecolor>
			<include>Window_OpenClose_Animation</include>
			<visible>Window.IsVisible(Home)</visible>
		</control>
		<control type="image">
			<description>Window Icon</description>
			<include>Window_OpenClose_Animation_Slide_Up</include>
			<posx>10</posx>
			<posy>58r</posy>
			<width>40</width>
			<height>40</height>
			<aspectratio>keep</aspectratio>
			<texture>$VAR[Breadcrumb-Icon]</texture>
			<colordiffuse>selected</colordiffuse>
			<visible>!Window.IsVisible(Home)</visible>
			<animation effect="fade" time="200" condition="Window.Previous(Home)">WindowOpen</animation>
			<animation effect="fade" time="200" condition="Window.Next(Home)">WindowClose</animation>
		</control>
	</include>
	<include name="WeatherIcon">
		<control type="label">
			<visible>!Skin.HasSetting(HideHomeButtonWeather) + !Window.IsVisible(ExtendedProgressDialog)</visible>
			<description>Weather label</description>
			<height>45</height>
			<width>100</width>
			<font>font30</font>
			<textcolor>white</textcolor>
			<align>right</align>
			<animation effect="fade" time="300">VisibleChange</animation>
			<aligny>center</aligny>
			<textoffsetx>0</textoffsetx>
			<label>$INFO[Window(Weather).Property(Current.Temperature)]$INFO[System.TemperatureUnits]</label>
			<visible>!String.IsEmpty(Window(Weather).Property(Current.Temperature)) + !Player.HasMedia</visible>
		</control>
		<control type="image">
			<visible>!Skin.HasSetting(HideHomeButtonWeather) + !Window.IsVisible(ExtendedProgressDialog)</visible>
			<description>Weather</description>
			<width>45</width>
			<height>45</height>
			<fadetime>300</fadetime>
			<aspectratio align="left">keep</aspectratio>
			<texture colordiffuse="selected">weather/$INFO[Window(Weather).Property(Current.FanartCode)].png</texture>
			<animation effect="fade" time="300">VisibleChange</animation>
			<visible>!String.IsEmpty(Window(Weather).Property(Current.Temperature)) + !Player.HasMedia</visible>
		</control>
	</include>
	<include name="BehindDialogFadeOut">
		<control type="image">
			<posx>-1706</posx>
			<posy>-960</posy>
			<width>5118</width>
			<height>2880</height>
			<texture>grey.png</texture>
			<animation effect="fade" time="300">Visible</animation>
			<animation effect="fade" time="200">Hidden</animation>
		</control>
	</include>
	<include name="MediaWindowTitleCommons">
		<posx>96</posx>
		<posy>80r</posy>
		<width>730</width>
		<height>64</height>
		<align>left</align>
		<aligny>center</aligny>
		<font>font24_title</font>
		<textcolor>white</textcolor>
		<scroll>false</scroll>
		<include>Window_OpenClose_Animation_Slide_Up</include>
	</include>
	<include name="WindowTitleCommons">
		<height>80</height>
		<align>left</align>
		<aligny>center</aligny>
		<font>font24_title</font>
		<textcolor>white</textcolor>
	</include>
	<include name="ScrollBarCommons">
		<control type="group">
			<include>Window_OpenClose_Animation_Slide_Right</include>
			<posx>74r</posx>
			<posy>80</posy>
			<visible>Control.IsVisible(60) + ![[Window.IsVisible(TVGuide) | Window.IsVisible(RadioGuide)] + Control.IsVisible(10)]</visible>
			<animation effect="slide" start="40,0" end="0,0" time="400">Visible</animation>
			<animation effect="slide" start="0,0" end="40,0" time="400">Hidden</animation>
			<animation effect="slide" start="0,0" end="-7,0" time="0" condition="String.IsEqual(Skin.AspectRatio,4:3)">Conditional</animation>
			<control type="scrollbar" id="60">
				<posx>0</posx>
				<posy>0</posy>
				<width>74</width>
				<height>778</height>
				<texturesliderbackground colordiffuse="30FFFFFF">white.png</texturesliderbackground>
				<texturesliderbar colordiffuse="grey">white.png</texturesliderbar>
				<texturesliderbarfocus colordiffuse="selected">white.png</texturesliderbarfocus>
				<textureslidernib>blank.png</textureslidernib>
				<textureslidernibfocus>blank.png</textureslidernibfocus>
				<onleft>50</onleft>
				<onright>50</onright>
				<ondown>60</ondown>
				<onup>60</onup>
				<showonepage>false</showonepage>
				<orientation>vertical</orientation>
				<animation effect="fade" time="150">Visible</animation>
				<animation effect="fade" time="150">Hidden</animation>
			</control>
		</control>
	</include>
	<include name="DialogCloseButtonCommons">
		<control type="image">
			<posx>0</posx>
			<posy>0</posy>
			<width>2</width>
			<height>59</height>
			<texture border="2">separator.png</texture>
			<colordiffuse>FF464646</colordiffuse>
		</control>
		<control type="button">
			<description>Close Button</description>
			<posx>4</posx>
			<posy>0</posy>
			<width>60</width>
			<height>60</height>
			<font></font>
			<onclick>back</onclick>
			<texturefocus>icon_dialog_close.png</texturefocus>
			<texturenofocus>icon_dialog_close.png</texturenofocus>
		</control>
	</include>
	<include name="BottomMenu">
		<control type="button" id="2">
			<description>View button needed for panel below to work</description>
			<visible>false</visible>
		</control>
		<control type="button" id="19">
			<description>Filter button needed for panel below to work</description>
			<visible>false</visible>
		</control>
		<control type="button" id="31">
			<description>Filter button needed for panel below to work</description>
			<visible>false</visible>
		</control>
		<control type="panel" id="9002">
			<include>Window_OpenClose_Animation_Slide_Up</include>
			<include>VisibleFadeEffect</include>
			<include>BottomMenuLayout</include>
			<content>
				<item>
					<label>587</label>
					<onclick condition="!Container.CanFilterAdvanced">SendClick(19)</onclick>
					<onclick condition="Container.CanFilterAdvanced">Filter</onclick>
					<icon>icon_button_filter.png</icon>
					<visible>!Container.Filtered + ![Window.IsVisible(TVChannels) | Window.IsVisible(RadioChannels) | Window.IsVisible(TVRecordings) | Window.IsVisible(RadioRecordings) | Window.IsVisible(TVTimers) | Window.IsVisible(RadioTimers) | Window.IsVisible(TVTimerRules) | Window.IsVisible(RadioTimerRules) | Window.IsVisible(TVSearch) | Window.IsVisible(RadioSearch) | Window.IsVisible(MusicOSD) | Window.IsVisible(VideoOSD) | Window.IsVisible(MusicPlaylist) | Window.IsVisible(VideoPlaylist) | Window.IsVisible(MusicPlaylistEditor)]</visible>
				</item>
				<item>
					<label>587</label>
					<onclick condition="!Container.CanFilterAdvanced">SendClick(19)</onclick>
					<onclick condition="Container.CanFilterAdvanced">Filter</onclick>
					<icon>icon_button_filtered.png</icon>
					<visible>Container.Filtered + ![Window.IsVisible(TVChannels) | Window.IsVisible(RadioChannels) | Window.IsVisible(TVRecordings) | Window.IsVisible(RadioRecordings) | Window.IsVisible(TVTimers) | Window.IsVisible(RadioTimers) | Window.IsVisible(TVTimerRules) | Window.IsVisible(RadioTimerRules) | Window.IsVisible(TVSearch) | Window.IsVisible(RadioSearch) | Window.IsVisible(MusicOSD) | Window.IsVisible(VideoOSD) | Window.IsVisible(MusicPlaylist) | Window.IsVisible(VideoPlaylist) | Window.IsVisible(MusicPlaylistEditor)]</visible>
				</item>
				<item>
					<label>587</label>
					<onclick>SendClick(31)</onclick>
					<icon>icon_button_filter.png</icon>
					<visible>Window.IsVisible(TVChannels) | Window.IsVisible(RadioChannels)</visible>
				</item>
				<item>
					<label>31202</label>
					<onclick condition="![Window.IsVisible(TVGuide) | Window.IsVisible(RadioGuide)]">Container.NextViewMode</onclick>
					<onclick condition="Window.IsVisible(TVGuide) | Window.IsVisible(RadioGuide)">SendClick(2)</onclick>
					<icon>icon_button_view.png</icon>
					<visible>![Window.IsVisible(TVChannels) | Window.IsVisible(RadioChannels) | Window.IsVisible(TVRecordings) | Window.IsVisible(RadioRecordings) | Window.IsVisible(TVTimers) | Window.IsVisible(RadioTimers) | Window.IsVisible(TVTimerRules) | Window.IsVisible(RadioTimerRules) | Window.IsVisible(TVSearch) | Window.IsVisible(RadioSearch) | Window.IsVisible(MusicOSD) | Window.IsVisible(VideoOSD) | Window.IsVisible(MusicPlaylist) | Window.IsVisible(VideoPlaylist) | Window.IsVisible(MusicPlaylistEditor)]</visible>
				</item>
				<item>
					<onclick>Dialog.Close(MusicOSD,true)</onclick>
					<onclick>ActivateWindow(musicplaylist)</onclick>
					<visible>!String.IsEqual(Playlist.Length(music),0)</visible>
					<visible>Window.IsVisible(music) | Window.IsVisible(musicosd)</visible>
					<icon>icon_button_playlist.png</icon>
				</item>
				<item>
					<onclick>Dialog.Close(VideoOSD,true)</onclick>
					<onclick>ActivateWindow(videoplaylist)</onclick>
					<visible>!String.IsEqual(Playlist.Length(video),0)</visible>
					<visible>Window.IsVisible(videos) | Window.IsVisible(videoosd)</visible>
					<icon>icon_button_playlist.png</icon>
				</item>
				<item>
					<label>5</label>
					<onclick condition="String.IsEmpty(Window(Home).Property(PopupMenuVisible))">SetProperty(PopupMenuVisible,Show,Home)</onclick>
					<onclick condition="!String.IsEmpty(Window(Home).Property(PopupMenuVisible))">ClearProperty(PopupMenuVisible,Home)</onclick>
					<icon>icon_button_settings.png</icon>
				</item>
				<item>
					<label>31200</label>
					<onclick condition="Window.IsVisible(MusicOSD) | Window.IsVisible(VideoOSD)">Dialog.Close(all,true)</onclick>
					<onclick>ParentDir</onclick>
					<icon>icon_button_back.png</icon>
				</item>
			</content>
		</control>
	</include>
	
	<include name="BottomMenuLayout">
		<animation effect="fade" start="100" end="0" time="300" condition="Window.Next(Home)">WindowClose</animation>
		<animation effect="fade" end="100" start="0" time="300" condition="Window.Previous(Home)">WindowOpen</animation>
		<animation effect="slide" start="0,0" end="120,0" time="0" condition="String.IsEqual(Container(9002).NumItems,5)">conditional</animation>
		<animation effect="slide" start="0,0" end="240,0" time="0" condition="String.IsEqual(Container(9002).NumItems,4)">conditional</animation>
		<animation effect="slide" start="0,0" end="360,0" time="0" condition="String.IsEqual(Container(9002).NumItems,3)">conditional</animation>
		<animation effect="slide" start="0,0" end="480,0" time="0" condition="String.IsEqual(Container(9002).NumItems,2)">conditional</animation>
		<animation effect="slide" start="0,0" end="600,0" time="0" condition="String.IsEqual(Container(9002).NumItems,1)">conditional</animation>
		<posx>720r</posx>
		<posy>102r</posy>
		<width>720</width>
		<height>120</height>
		<onleft>9002</onleft>
		<onright>9002</onright>
		<onup>9001</onup>
		<ondown>20</ondown>
		<pagecontrol></pagecontrol>
		<scrolltime>300</scrolltime>
		<orientation>Horizontal</orientation>
		<itemlayout height="100" width="120">
			<control type="image">
				<posx>0</posx>
				<posy>5</posy>
				<width>2</width>
				<height>95</height>
				<texture border="2">separator.png</texture>
				<colordiffuse>A0464646</colordiffuse>
			</control>
			<control type="image">
				<posx>21</posx>
				<posy>14</posy>
				<width>80</width>
				<height>80</height>
				<bordersize>12</bordersize>
				<texture>$INFO[ListItem.Icon]</texture>
				<aspectratio>keep</aspectratio>
			</control>
			<control type="image">
				<posx>120</posx>
				<posy>5</posy>
				<width>2</width>
				<height>95</height>
				<texture border="2">separator.png</texture>
				<colordiffuse>A0464646</colordiffuse>
			</control>
		</itemlayout>
		<focusedlayout height="100" width="120">
			<control type="image">
				<posx>0</posx>
				<posy>5</posy>
				<width>2</width>
				<height>95</height>
				<texture border="2">separator.png</texture>
				<colordiffuse>A0464646</colordiffuse>
			</control>
			<control type="image">
				<posx>0</posx>
				<posy>0</posy>
				<width>122</width>
				<height>100</height>
				<texture>list_focus.png</texture>
			</control>
			<control type="image">
				<posx>21</posx>
				<posy>14</posy>
				<width>80</width>
				<height>80</height>
				<bordersize>12</bordersize>
				<texture>$INFO[ListItem.Icon]</texture>
				<aspectratio>keep</aspectratio>
			</control>
			<control type="image">
				<posx>120</posx>
				<posy>5</posy>
				<width>2</width>
				<height>95</height>
				<texture border="2">separator.png</texture>
				<colordiffuse>A0464646</colordiffuse>
			</control>
		</focusedlayout>
	</include>

	<include name="BottomMenuLayoutQuickStartL">
		<animation effect="fade" start="100" end="0" time="300" condition="Window.Next(Home)">WindowClose</animation>
		<animation effect="fade" end="100" start="0" time="300" condition="Window.Previous(Home)">WindowOpen</animation>
		<animation effect="slide" start="0,0" end="0,0" time="0" condition="String.IsEqual(Container(9003).NumItems,4)">conditional</animation>
		<animation effect="slide" start="0,0" end="0,0" time="0" condition="String.IsEqual(Container(9003).NumItems,3)">conditional</animation>
		<animation effect="slide" start="0,0" end="0,0" time="0" condition="String.IsEqual(Container(9003).NumItems,2)">conditional</animation>
		<animation effect="slide" start="0,0" end="0,0" time="0" condition="String.IsEqual(Container(9003).NumItems,1)">conditional</animation>
		<posx>0</posx>
		<posy>78r</posy>
		<width>440</width>
		<height>120</height>
		<onleft>9002</onleft>
		<onright>9002</onright>
		<onup>9001</onup>
		<ondown>20</ondown>
		<pagecontrol></pagecontrol>
		<scrolltime>300</scrolltime>
		<orientation>Horizontal</orientation>
		<itemlayout height="100" width="110">
			<control type="image">
				<posx>15</posx>
				<posy>5</posy>
				<width>80</width>
				<height>80</height>
				<bordersize>12</bordersize>
				<texture>$INFO[ListItem.Icon]</texture>
				<aspectratio>keep</aspectratio>
			</control>
			<control type="image">
				<posx>108</posx>
				<posy>5</posy>
				<width>2</width>
				<height>95</height>
				<texture border="2">separator.png</texture>
				<colordiffuse>A0464646</colordiffuse>
			</control>
		</itemlayout>
		<focusedlayout height="100" width="110">
			<control type="image">
				<posx>0</posx>
				<posy>0</posy>
				<width>112</width>
				<height>100</height>
				<texture>list_focus.png</texture>
			</control>
			<control type="image">
				<posx>15</posx>
				<posy>5</posy>
				<width>80</width>
				<height>80</height>
				<bordersize>12</bordersize>
				<texture>$INFO[ListItem.Icon]</texture>
				<aspectratio>keep</aspectratio>
			</control>
			<control type="image">
				<posx>108</posx>
				<posy>5</posy>
				<width>2</width>
				<height>95</height>
				<texture border="2">separator.png</texture>
				<colordiffuse>A0464646</colordiffuse>
			</control>
		</focusedlayout>
	</include>
	
	<include name="4Items">
		<posx>1266</posx>
	</include>

	<include name="3Items">
		<posx>1376</posx>
	</include>

	<include name="2Items">
		<posx>1486</posx>
	</include>

	<include name="1Items">
		<posx>1596</posx>
	</include>

	<include name="BottomMenuLayoutQuickStartR">
		<animation effect="fade" start="100" end="0" time="300" condition="Window.Next(Home)">WindowClose</animation>
		<animation effect="fade" end="100" start="0" time="300" condition="Window.Previous(Home)">WindowOpen</animation>
		<animation effect="slide" start="0,0" end="0,0" time="0" condition="String.IsEqual(Container(9004).NumItems,4)">conditional</animation>
		<animation effect="slide" start="0,0" end="110,0" time="0" condition="String.IsEqual(Container(9004).NumItems,3)">conditional</animation>
		<animation effect="slide" start="0,0" end="220,0" time="0" condition="String.IsEqual(Container(9004).NumItems,2)">conditional</animation>
		<animation effect="slide" start="0,0" end="330,0" time="0" condition="String.IsEqual(Container(9004).NumItems,1)">conditional</animation>
		<posx>440r</posx>
		<posy>78r</posy>
		<width>440</width>
		<height>120</height>
		<onleft>9002</onleft>
		<onright>9002</onright>
		<onup>9001</onup>
		<ondown>20</ondown>
		<pagecontrol></pagecontrol>
		<scrolltime>300</scrolltime>
		<orientation>Horizontal</orientation>
		<itemlayout height="100" width="110">
			<control type="image">
				<posx>0</posx>
				<posy>5</posy>
				<width>2</width>
				<height>95</height>
				<texture border="2">separator.png</texture>
				<colordiffuse>A0464646</colordiffuse>
			</control>
			<control type="image">
				<posx>15</posx>
				<posy>5</posy>
				<width>80</width>
				<height>80</height>
				<bordersize>12</bordersize>
				<texture>$INFO[ListItem.Icon]</texture>
				<aspectratio>keep</aspectratio>
			</control>
		</itemlayout>
		<focusedlayout height="100" width="110">
			<control type="image">
				<posx>0</posx>
				<posy>5</posy>
				<width>2</width>
				<height>95</height>
				<texture border="2">separator.png</texture>
				<colordiffuse>A0464646</colordiffuse>
			</control>
			<control type="image">
				<posx>0</posx>
				<posy>0</posy>
				<width>112</width>
				<height>100</height>
				<texture>list_focus.png</texture>
			</control>
			<control type="image">
				<posx>15</posx>
				<posy>5</posy>
				<width>80</width>
				<height>80</height>
				<bordersize>12</bordersize>
				<texture>$INFO[ListItem.Icon]</texture>
				<aspectratio>keep</aspectratio>
			</control>
		</focusedlayout>
	</include>

	<include name="MenuButtonCommonValues">
		<height>80</height>
		<width>350</width>
		<textoffsetx>10</textoffsetx>
		<textwidth>330</textwidth>
		<textcolor>white</textcolor>
		<align>left</align>
		<aligny>center</aligny>
		<font>font22</font>
		<texturefocus>list_focus.png</texturefocus>
		<texturenofocus border="40,0,40,5">list_nofocus.png</texturenofocus>
		<pulseonselect>false</pulseonselect>
	</include>
	<include name="ButtonInfoDialogsCommonValues">
		<height>60</height>
		<width>158</width>
		<align>center</align>
		<aligny>center</aligny>
		<font>font18_title</font>
		<texturefocus>list_focus.png</texturefocus>
		<texturenofocus>button_nofocus.png</texturenofocus>
		<pulseonselect>false</pulseonselect>
	</include>
	<include name="CommonNowPlaying">
		<control type="group">
			<posx>200</posx>
			<posy>0</posy>
			<include>VisibleFadeEffect</include>
			<visible>Player.HasMedia + ![Window.IsVisible(busydialog) | Window.IsVisible(Notification) | Window.IsVisible(ExtendedProgressDialog)]</visible>
			<control type="group">
				<control type="progress">
					<visible>!Window.IsVisible(1112)</visible>
					<description>Progressbar</description>
					<posx>0</posx>
					<posy>10</posy>
					<width>1306</width>
					<height>56</height>
					<info>Player.Progress</info>
					<texturebg colordiffuse="00ffffff">white.png</texturebg>
					<midtexture colordiffuse="selected">white.png</midtexture>
				</control>
				<control type="button">
					<posx>0</posx>
					<posy>0</posy>
					<width>1306</width>
					<height>80</height>
					<texturefocus></texturefocus>
					<texturenofocus></texturenofocus>
					<onclick condition="Player.HasAudio|Player.HasVideo">ActivateWindow(1112)</onclick>
				</control>
				<control type="fadelabel">
					<posx>0</posx>
					<posy>30</posy>
					<width>1306</width>
					<height>15</height>
					<scrollout>true</scrollout>
					<pauseatend>3000</pauseatend>
					<label>[B]$VAR[TracksHome]     $INFO[MusicPlayer.Artist] - $VAR[MediaPlayingTitle]</label>
					<align>center</align>
					<aligny>center</aligny>
					<font>font30</font>
					<textcolor>white</textcolor>
					<shadowcolor>black</shadowcolor>
					<visible>Player.HasAudio</visible>
				</control>
				<control type="fadelabel">
					<posx>0</posx>
					<posy>30</posy>
					<width>1306</width>
					<height>15</height>
					<scrollout>false</scrollout>
					<pauseatend>3000</pauseatend>
					<label>[B]$INFO[VideoPlayer.Title] ($INFO[VideoPlayer.Year])[/B]</label>
					<align>center</align>
					<aligny>center</aligny>
					<font>font30</font>
					<textcolor>white</textcolor>
					<shadowcolor>black</shadowcolor>
					<visible>Player.HasVideo + VideoPlayer.Content(Movies)</visible>
				</control>
				<control type="fadelabel">
					<posx>0</posx>
					<posy>30</posy>
					<width>1306</width>
					<height>15</height>
					<scrollout>false</scrollout>
					<pauseatend>3000</pauseatend>
					<label>[B]$INFO[VideoPlayer.TVShowTitle][/B]</label>
					<align>center</align>
					<aligny>center</aligny>
					<font>font30</font>
					<textcolor>white</textcolor>
					<shadowcolor>black</shadowcolor>
					<visible>Player.HasVideo + VideoPlayer.Content(Episodes)</visible>
				</control>
				<control type="fadelabel">
					<posx>0</posx>
					<posy>30</posy>
					<width>1306</width>
					<height>15</height>
					<scrollout>false</scrollout>
					<pauseatend>3000</pauseatend>
					<label>[B]$INFO[VideoPlayer.Artist] - $INFO[VideoPlayer.Title][/B]</label>
					<align>center</align>
					<aligny>center</aligny>
					<font>font30</font>
					<textcolor>white</textcolor>
					<shadowcolor>black</shadowcolor>
					<visible>Player.HasVideo + VideoPlayer.Content(MusicVideos)</visible>
				</control>
			</control>
		</control>
	</include>
	<include name="ScrollOffsetLabel">
		<control type="group">
			<include>16x9_xPos_Relocation</include>
			<visible>Container.Scrolling + [String.IsEqual(Container.SortMethod,$LOCALIZE[551]) | String.IsEqual(Container.SortMethod,$LOCALIZE[561]) | String.IsEqual(Container.SortMethod,$LOCALIZE[558]) | String.IsEqual(Container.SortMethod,$LOCALIZE[557]) | String.IsEqual(Container.SortMethod,$LOCALIZE[556])]</visible>
			<animation effect="fade" time="100">Visible</animation>
			<animation effect="fade" time="300">Hidden</animation>
			<posx>600</posx>
			<posy>410</posy>
			<width>320</width>
			<control type="image">
				<posx>0</posx>
				<posy>0</posy>
				<width>80</width>
				<height>80</height>
				<texture>white.png</texture>
				<colordiffuse>selected</colordiffuse>
			</control>
			<control type="label">
				<posx>0</posx>
				<posy>0</posy>
				<width>80</width>
				<height>80</height>
				<align>center</align>
				<aligny>center</aligny>
				<label>[B]$INFO[ListItem.SortLetter][/B]</label>
				<font>font30</font>
			</control>
		</control>
	</include>
	<include name="SideMenu">
		<control type="group">
			<posx>0</posx>
			<posy>80</posy>
			<animation effect="slide" start="0,0" end="-100,0" time="200" tween="quadratic" easing="in">WindowClose</animation>
			<animation effect="slide" end="0,0" start="-100,0" time="200" tween="quadratic" easing="out">WindowOpen</animation>
			<control type="image">
				<description>Menu Panel</description>
				<posx>0</posx>
				<posy>0</posy>
				<width>100</width>
				<height>774</height>
				<texture>side_panel.png</texture>
			</control>
			<control type="list" id="9000">
				<posx>0</posx>
				<posy>0</posy>
				<width>100</width>
				<height>774</height>
				<itemlayout width="100" height="100">
					<control type="image">
						<posx>10</posx>
						<posy>10</posy>
						<width>80</width>
						<height>80</height>
						<texture>$INFO[ListItem.Icon]</texture>
					</control>
				</itemlayout>
				<focusedlayout width="100" height="100">
					<control type="image">
						<posx>0</posx>
						<posy>0</posy>
						<width>100</width>
						<height>100</height>
						<texture>list_focus.png</texture>
						<visible>Control.HasFocus(9000)</visible>
					</control>
					<control type="image">
						<posx>10</posx>
						<posy>10</posy>
						<width>80</width>
						<height>80</height>
						<texture>$INFO[ListItem.Icon]</texture>
					</control>
				</focusedlayout>
				<content>
					<item>
						<label></label>
						<onclick>ActivateWindow(TVChannels)</onclick>
						<icon>icon_menu_livetv.png</icon>
						<visible>Skin.HasSetting(ShowHomeButtonLiveTV)</visible>
					</item>
					<item>
						<label></label>
						<onclick>ActivateWindow(RadioChannels)</onclick>
						<icon>icon_menu_radio.png</icon>
						<visible>Skin.HasSetting(ShowHomeButtonRadio)</visible>
					</item>
					<item>
						<label></label>
						<onclick>ActivateWindow(Videos,MovieTitles,Return)</onclick>
						<icon>icon_menu_movies.png</icon>
						<visible>Library.HasContent(Movies)</visible>
						<visible>!Skin.HasSetting(HideHomeButtonMovies)</visible>
					</item>
					<item>
						<label></label>
						<onclick>ActivateWindow(Videos,TVShowTitles,Return)</onclick>
						<icon>icon_menu_tvshows.png</icon>
						<visible>Library.HasContent(TVShows)</visible>
						<visible>!Skin.HasSetting(HideHomeButtonTVShows)</visible>
					</item>
					<item>
						<label></label>
						<onclick>ActivateWindow(Videos,Root,Return)</onclick>
						<icon>icon_menu_videos.png</icon>
						<visible>!Skin.HasSetting(HideHomeButtonVideo)</visible>
					</item>
					<item>
						<label></label>
						<onclick>ActivateWindow(Music)</onclick>
						<icon>icon_menu_music.png</icon>
						<visible>!Skin.HasSetting(HideHomeButtonMusic)</visible>
					</item>
					<item>
						<label></label>
						<onclick>ActivateWindow(Pictures)</onclick>
						<icon>icon_menu_pictures.png</icon>
						<visible>!Skin.HasSetting(HideHomeButtonPictures)</visible>
					</item>
					<item>
						<label></label>
						<onclick>ActivateWindow(Programs,Addons,return)</onclick>
						<icon>icon_menu_addons.png</icon>
						<visible>!Skin.HasSetting(HideHomeButtonPrograms)</visible>
					</item>
				</content>
			</control>
		</control>
	</include>
	<include name="HomeMenu">
		<control type="group">
			<animation effect="slide" start="0,0" end="-1040,0" time="400" tween="quadratic" easing="in">WindowClose</animation>
			<animation effect="slide" end="0,0" start="-1040,0" time="400" tween="quadratic" easing="out">WindowOpen</animation>
			<posx>0</posx>
			<control type="image">
				<description>Menu Panel</description>
				<posx>40</posx>
				<posy>100</posy>
				<width>$PARAM[list-width]</width>
				<height>620</height>
				<texture>panel.png</texture>
				<animation effect="slide" start="0,0" end="-20,0" time="0" condition="String.IsEqual(Skin.AspectRatio,4:3)">Conditional</animation>
			</control>
			<control type="image">
				<description>Menu Panel</description>
				<posx>540</posx>
				<posy>100</posy>
				<width>$PARAM[list-width]</width>
				<height>620</height>
				<texture>panel.png</texture>
				<animation effect="slide" start="0,0" end="-104,0" time="0" condition="String.IsEqual(Skin.AspectRatio,4:3)">Conditional</animation>
			</control>
			<control type="image">
				<posx>40</posx>
				<posy>-55</posy>
				<width>$PARAM[list-width]</width>
				<height>155</height>
				<texture border="40,0,40,5">list_nofocus.png</texture>
				<animation effect="slide" start="0,0" end="0,77" time="0" condition="!Integer.IsGreater(Container(9000).NumItems,2)">conditional</animation>
				<animation effect="slide" start="0,0" end="0,77" time="0" condition="!Integer.IsGreater(Container(9000).NumItems,4)">conditional</animation>
				<animation effect="slide" start="0,0" end="0,77" time="0" condition="!Integer.IsGreater(Container(9000).NumItems,6)">conditional</animation>
				<animation effect="slide" start="0,0" end="-20,0" time="0" condition="String.IsEqual(Skin.AspectRatio,4:3)">Conditional</animation>
				<visible>!Integer.IsGreater(Container(9000).NumItems,6)</visible>
			</control>
			<control type="image">
				<posx>540</posx>
				<posy>-55</posy>
				<width>$PARAM[list-width]</width>
				<height>155</height>
				<texture border="40,0,40,5">list_nofocus.png</texture>
				<animation effect="slide" start="0,0" end="0,77" time="0" condition="!Integer.IsGreater(Container(9000).NumItems,2)">conditional</animation>
				<animation effect="slide" start="0,0" end="0,77" time="0" condition="!Integer.IsGreater(Container(9000).NumItems,4)">conditional</animation>
				<animation effect="slide" start="0,0" end="0,77" time="0" condition="!Integer.IsGreater(Container(9000).NumItems,6)">conditional</animation>
				<animation effect="slide" start="0,0" end="-104,0" time="0" condition="String.IsEqual(Skin.AspectRatio,4:3)">Conditional</animation>
				<visible>!Integer.IsGreater(Container(9000).NumItems,6)</visible>
			</control>
			<control type="panel" id="9000">
				<posx>40</posx>
				<posy>100</posy>
				<width>$PARAM[panel-width]</width>
				<height>620</height>
				<onleft>9000</onleft>
				<onright>9003</onright>
				<onup>10</onup>
				<ondown>10</ondown>
				<pagecontrol></pagecontrol>
				<scrolltime>300</scrolltime>
				<orientation>vertical</orientation>
				<animation effect="slide" start="0,0" end="0,77" time="0" condition="!Integer.IsGreater(Container(9000).NumItems,2)">conditional</animation>
				<animation effect="slide" start="0,0" end="0,77" time="0" condition="!Integer.IsGreater(Container(9000).NumItems,4)">conditional</animation>
				<animation effect="slide" start="0,0" end="0,77" time="0" condition="!Integer.IsGreater(Container(9000).NumItems,6)">conditional</animation>
				<animation effect="slide" start="0,0" end="-20,0" time="0" condition="String.IsEqual(Skin.AspectRatio,4:3)">Conditional</animation>
				<itemlayout height="155" width="$PARAM[layout-width]">
					<control type="image">
						<posx>$PARAM[icon-posx-left]</posx>
						<posy>18</posy>
						<width>90</width>
						<height>120</height>
						<texture>$INFO[ListItem.Icon]</texture>
						<aspectratio>keep</aspectratio>
					</control>
					<control type="label">
						<posx>$PARAM[label-posx-left]</posx>
						<posy>0</posy>
						<width>$PARAM[label-width]</width>
						<height>155</height>
						<font>font35_title</font>
						<textcolor>white</textcolor>
						<aligny>center</aligny>
						<label>[UPPERCASE]$INFO[ListItem.Label][/UPPERCASE]</label>
					</control>
					<control type="image">
						<posx>0</posx>
						<posy>0</posy>
						<width>$PARAM[list-width]</width>
						<height>155</height>
						<texture border="40,0,40,5">list_nofocus.png</texture>
					</control>
				</itemlayout>
				<focusedlayout height="155" width="$PARAM[layout-width]">
					<control type="image">
						<posx>0</posx>
						<posy>0</posy>
						<width>$PARAM[list-width]</width>
						<height>155</height>
						<texture>list_focus.png</texture>
						<visible>Control.HasFocus(9000)</visible>
					</control>
					<control type="image">
						<posx>0</posx>
						<posy>0</posy>
						<width>$PARAM[iconback-width]</width>
						<height>155</height>
						<texture>black.png</texture>
						<colordiffuse>50000000</colordiffuse>
						<visible>Control.HasFocus(9000)</visible>
					</control>
					<control type="image">
						<posx>$PARAM[icon-posx-left]</posx>
						<posy>18</posy>
						<width>90</width>
						<height>120</height>
						<texture>$INFO[ListItem.Icon]</texture>
						<aspectratio>keep</aspectratio>
					</control>
					<control type="label">
						<posx>$PARAM[label-posx-left]</posx>
						<posy>0</posy>
						<width>$PARAM[label-width]</width>
						<height>155</height>
						<font>font35_title</font>
						<textcolor>white</textcolor>
						<aligny>center</aligny>
						<label>[UPPERCASE]$INFO[ListItem.Label][/UPPERCASE]</label>
					</control>
				</focusedlayout>
				<content>
					<include>HomeMainMenuItems</include>
				</content>
			</control>
		</control>
	</include>
	<include name="HomeMainMenuItems">
		<item id="1">
			<label>31556</label>
			<onclick>ActivateWindow(TVChannels)</onclick>
			<icon>icon_menu_livetv.png</icon>
			<thumb></thumb>
			<visible>System.HasPVRAddon + !Skin.HasSetting(HideHomeButtonLiveTV)</visible>
		</item>
		<item id="2">
			<label>19021</label>
			<onclick>ActivateWindow(RadioChannels)</onclick>
			<icon>icon_menu_radio.png</icon>
			<thumb></thumb>
			<visible>System.HasPVRAddon + !Skin.HasSetting(HideHomeButtonRadio)</visible>
		</item>
		<item id="3">
			<label>20342</label>
			<onclick>ActivateWindow(Videos,MovieTitles,Return)</onclick>
			<icon>icon_menu_movies.png</icon>
			<thumb></thumb>
			<visible>Library.HasContent(Movies)</visible>
			<visible>!Skin.HasSetting(HideHomeButtonMovies)</visible>
		</item>
		<item id="4">
			<label>20343</label>
			<onclick>ActivateWindow(Videos,TVShowTitles,Return)</onclick>
			<icon>icon_menu_tvshows.png</icon>
			<thumb></thumb>
			<visible>Library.HasContent(TVShows)</visible>
			<visible>!Skin.HasSetting(HideHomeButtonTVShows)</visible>
		</item>
		<item id="5">
			<label>3</label>
			<onclick>ActivateWindow(Videos,Root,Return)</onclick>
			<icon>icon_menu_videos.png</icon>
			<thumb></thumb>
			<visible>!Skin.HasSetting(HideHomeButtonVideo)</visible>
		</item>
		<item id="6">
			<label>2</label>
			<onclick>ActivateWindow(Music)</onclick>
			<icon>icon_menu_music.png</icon>
			<thumb></thumb>
			<visible>!Skin.HasSetting(HideHomeButtonMusic)</visible>
		</item>
		<item id="7">
			<label>1</label>
			<onclick>ActivateWindow(Pictures)</onclick>
			<icon>icon_menu_pictures.png</icon>
			<thumb></thumb>
			<visible>!Skin.HasSetting(HideHomeButtonPictures)</visible>
		</item>
		<item id="8">
			<label>24001</label>
			<onclick>ActivateWindow(Programs,Addons,return)</onclick>
			<icon>icon_menu_addons.png</icon>
			<thumb></thumb>
			<visible>!Skin.HasSetting(HideHomeButtonPrograms)</visible>
		</item>
	</include>
	<include name="KeyboardButton">
		<width>94</width>
		<height>86</height>
		<texturenofocus colordiffuse="selected">keyboard_button.png</texturenofocus>
		<texturefocus>list_focus.png</texturefocus>
		<font>font30</font>
		<align>center</align>
		<aligny>center</aligny>
	</include>
	<include name="PopupMenu">
		<control type="group">
			<visible>!String.IsEmpty(Window(Home).Property(PopupMenuVisible))</visible>
			<include>VisibleFadeEffect</include>
			<animation effect="fade" time="250">WindowClose</animation>
			<control type="button">
				<description>Hidden button to close the sort when its focused</description>
				<posx>0</posx>
				<posy>0</posy>
				<include>ScreenWidth</include>
				<height>960</height>
				<texturenofocus></texturenofocus>
				<texturefocus></texturefocus>
				<onclick>ClearProperty(PopupMenuVisible,Home)</onclick>
			</control>
			<control type="group">
				<posx>360r</posx>
				<posy>685r</posy>
				<control type="image">
					<description>Panel image</description>
					<posx>0</posx>
					<posy>$PARAM[panel-posy]</posy>
					<width>350</width>
					<height>$PARAM[panel-height]</height>
					<texture>dialog_back.png</texture>
				</control>
				<control type="grouplist">
					<posx>0</posx>
					<posy>$PARAM[panel-posy]</posy>
					<width>350</width>
					<height>560</height>
					<onleft>9000</onleft>
					<onright>50</onright>
					<onup>9000</onup>
					<ondown>9000</ondown>
					<itemgap>0</itemgap>
					<include condition="Window.IsVisible(AddonBrowser)">AddonsMenu</include>
					<include condition="Window.IsVisible(EventLog)">EventLogMenu</include>
					<include condition="Window.IsVisible(Music)">MusicMenu</include>
					<include condition="Window.IsVisible(MusicOSD)">MusicOSDMenu</include>
					<include condition="Window.IsVisible(MusicPlaylist)">MusicPlaylistMenu</include>
					<include condition="Window.IsVisible(MusicPlaylistEditor)">MusicPlaylistEditorMenu</include>
					<include condition="Window.IsVisible(Pictures)">PicturesMenu</include>
					<include condition="Window.IsVisible(Programs)">ProgramsMenu</include>
					<include condition="Window.IsVisible(TVChannels) | Window.IsVisible(RadioChannels) | Window.IsVisible(TVGuide) | Window.IsVisible(RadioGuide) | Window.IsVisible(TVRecordings) | Window.IsVisible(RadioRecordings) | Window.IsVisible(TVTimers) | Window.IsVisible(RadioTimers) | Window.IsVisible(TVTimerRules) | Window.IsVisible(RadioTimerRules) | Window.IsVisible(TVSearch) | Window.IsVisible(RadioSearch)">PVRMenu</include>
					<include condition="Window.IsVisible(PicturesSettings) | Window.IsVisible(ProgramsSettings) | Window.IsVisible(WeatherSettings) | Window.IsVisible(MusicSettings) | Window.IsVisible(SystemSettings) | Window.IsVisible(VideosSettings) | Window.IsVisible(ServiceSettings) | Window.IsVisible(AppearanceSettings)">SettingsMenu</include>
					<include condition="Window.IsVisible(Videos)">VideosMenu</include>
					<include condition="Window.IsVisible(VideoOSD)">VideoOSDMenu</include>
					<include condition="Window.IsVisible(VideoPlaylist)">VideoPlaylistMenu</include>
				</control>
				<control type="image">
					<description>Panel Arrow image</description>
					<posx>110r</posx>
					<posy>125r</posy>
					<width>75</width>
					<height>41</height>
					<texture>arrow_up.png</texture>
				</control>
			</control>
		</control>
	</include>
	<include name="AddonsMenu">
		<control type="button" id="3">
			<description>Sort by button</description>
			<include>MenuButtonCommonValues</include>
			<label>103</label>
		</control>
		<control type="togglebutton" id="4">
			<description>Sort asc</description>
			<include>MenuButtonCommonValues</include>
			<alttexturefocus>list_focus.png</alttexturefocus>
			<alttexturenofocus border="40,0,40,5">list_nofocus.png</alttexturenofocus>
			<label>31051</label>
			<altlabel>31050</altlabel>
			<usealttexture>Container.SortDirection(Ascending)</usealttexture>
		</control>
		<control type="button" id ="5">
			<description>settings</description>
			<include>MenuButtonCommonValues</include>
			<label>10004</label>
		</control>
		<control type="button" id="9">
			<description>Check for updates</description>
			<include>MenuButtonCommonValues</include>
			<label>24034</label>
		</control>
		<control type="radiobutton" id="7">
			<description>Hide foreign</description>
			<textwidth>240</textwidth>
			<include>MenuButtonCommonValues</include>
			<label>25001</label>
		</control>
		<control type="radiobutton" id="8">
			<description>Hide broken</description>
			<textwidth>240</textwidth>
			<include>MenuButtonCommonValues</include>
			<label>24999</label>
		</control>
	</include>
	<include name="EventLogMenu">
		<control type="togglebutton" id="4">
			<description>Sort asc</description>
			<include>MenuButtonCommonValues</include>
			<alttexturefocus>list_focus.png</alttexturefocus>
			<alttexturenofocus border="40,0,40,5">list_nofocus.png</alttexturenofocus>
			<label>31051</label>
			<altlabel>31050</altlabel>
			<usealttexture>Container.SortDirection(Ascending)</usealttexture>
		</control>
		<control type="button" id="21">
			<description>Level button</description>
			<include>MenuButtonCommonValues</include>
			<label></label>
		</control>
		<control type="radiobutton" id ="22">
			<description>Only show current level</description>
			<textwidth>240</textwidth>
			<include>MenuButtonCommonValues</include>
			<label></label>
		</control>
		<control type="button" id="20">
			<description>Clear button</description>
			<include>MenuButtonCommonValues</include>
			<label>192</label>
		</control>
	</include>
	<include name="MusicMenu">
		<control type="button" id="3">
			<description>Sort by button</description>
			<include>MenuButtonCommonValues</include>
			<label>103</label>
		</control>
		<control type="togglebutton" id="4">
			<description>Sort asc</description>
			<include>MenuButtonCommonValues</include>
			<alttexturefocus>list_focus.png</alttexturefocus>
			<alttexturenofocus border="40,0,40,5">list_nofocus.png</alttexturenofocus>
			<label>31051</label>
			<altlabel>31050</altlabel>
			<usealttexture>Container.SortDirection(Ascending)</usealttexture>
		</control>
		<control type="button" id="8">
			<description>Search</description>
			<include>MenuButtonCommonValues</include>
			<label>137</label>
		</control>
		<control type="togglebutton" id="20">
			<description>Update Library</description>
			<include>MenuButtonCommonValues</include>
			<alttexturefocus>list_focus.png</alttexturefocus>
			<alttexturenofocus border="40,0,40,5">list_nofocus.png</alttexturenofocus>
			<label>653</label>
			<altlabel>13353</altlabel>
			<usealttexture>library.isscanningmusic</usealttexture>
		</control>
		<control type="radiobutton" id="16">
			<description>PartyMode</description>
			<textwidth>240</textwidth>
			<label>589</label>
			<include>MenuButtonCommonValues</include>
			<onclick>ClearProperty(PopupMenuVisible,Home)</onclick>
		</control>
		<control type="button" id="1467">
			<description>Current Playlist</description>
			<include>MenuButtonCommonValues</include>
			<label>13350</label>
			<onclick>ActivateWindow(musicplaylist)</onclick>
			<visible>!String.IsEqual(Playlist.Length(music),0)</visible>
		</control>
	</include>
	<include name="MusicOSDMenu">
		<control type="button">
			<label>250</label>
			<include>MenuButtonCommonValues</include>
			<onclick>Addon.Default.Set(xbmc.player.musicviz)</onclick>
		</control>
		<control type="button">
			<label>31005</label>
			<include>MenuButtonCommonValues</include>
			<onclick>Addon.Default.OpenSettings(xbmc.player.musicviz)</onclick>
		</control>
		<control type="button">
			<label>31006</label>
			<include>MenuButtonCommonValues</include>
			<onclick>ActivateWindow(122)</onclick>
		</control>
		<control type="button">
			<label>$LOCALIZE[486]$INFO[Playlist.Repeat, : ]</label>
			<include>MenuButtonCommonValues</include>
			<onclick>PlayerControl(Repeat)</onclick>
		</control>
		<control type="button">
			<label>$LOCALIZE[590]$INFO[Playlist.Random, : ]</label>
			<include>MenuButtonCommonValues</include>
			<onclick>PlayerControl(Random)</onclick>
		</control>
		<control type="button">
			<label>$LOCALIZE[38018]</label>
			<include>MenuButtonCommonValues</include>
			<onclick>SetRating</onclick>
		</control>
		<control type="button">
			<label>15047</label>
			<include>MenuButtonCommonValues</include>
			<onclick>ActivateWindow(OSDAudioDSPSettings)</onclick>
			<visible>system.getbool(audiooutput.dspaddonsenabled)</visible>
		</control>
		<control type="button">
			<label>29900</label>
			<include>MenuButtonCommonValues</include>
			<onclick>ActivateWindow(PVRRadioRDSInfo)</onclick>
			<visible>RDS.HasRadiotextPlus</visible>
		</control>
	</include>
	<include name="MusicPlaylistMenu">
		<control type="radiobutton" id="20">
			<description>Shuffle button</description>
			<textwidth>240</textwidth>
			<include>MenuButtonCommonValues</include>
			<label>191</label>
		</control>
		<control type="button" id="26">
			<description>Repeat button</description>
			<include>MenuButtonCommonValues</include>
			<label></label>
		</control>
		<control type="button" id="21">
			<description>Save button</description>
			<label>190</label>
			<include>MenuButtonCommonValues</include>
		</control>
		<control type="button" id="22">
			<description>Clear button</description>
			<label>192</label>
			<include>MenuButtonCommonValues</include>
		</control>
	</include>
	<include name="MusicPlaylistEditorMenu">
		<control type="button" id="6">
			<label>31055</label>
			<include>MenuButtonCommonValues</include>
		</control>
		<control type="button" id="7">
			<description>Save Button</description>
			<label>31056</label>
			<include>MenuButtonCommonValues</include>
			<onleft>50</onleft>
		</control>
		<control type="button" id="8">
			<description>Clear button</description>
			<label>31057</label>
			<include>MenuButtonCommonValues</include>
		</control>
	</include>
	<include name="PicturesMenu">
		<control type="button" id="3">
			<description>Sort by button</description>
			<include>MenuButtonCommonValues</include>
			<label>103</label>
		</control>
		<control type="togglebutton" id="4">
			<description>Sort asc</description>
			<include>MenuButtonCommonValues</include>
			<alttexturefocus>list_focus.png</alttexturefocus>
			<alttexturenofocus border="40,0,40,5">list_nofocus.png</alttexturenofocus>
			<label>31051</label>
			<altlabel>31050</altlabel>
			<usealttexture>Container.SortDirection(Ascending)</usealttexture>
		</control>
		<control type="button" id="6">
			<description>Slideshow</description>
			<include>MenuButtonCommonValues</include>
			<label>108</label>
			<onclick>ClearProperty(PopupMenuVisible,Home)</onclick>
		</control>
		<control type="button" id="7">
			<description>Recersive Slideshow</description>
			<include>MenuButtonCommonValues</include>
			<label>361</label>
			<onclick>ClearProperty(PopupMenuVisible,Home)</onclick>
		</control>
		<control type="radiobutton" id="9">
			<description>Randomize Toggle</description>
			<textwidth>240</textwidth>
			<include>MenuButtonCommonValues</include>
			<label>13319</label>
		</control>
	</include>
	<include name="ProgramsMenu">
		<control type="button" id="3">
			<description>Sort by button</description>
			<include>MenuButtonCommonValues</include>
			<label>103</label>
		</control>
		<control type="togglebutton" id="4">
			<description>Sort asc</description>
			<include>MenuButtonCommonValues</include>
			<alttexturefocus>list_focus.png</alttexturefocus>
			<alttexturenofocus border="40,0,40,5">list_nofocus.png</alttexturenofocus>
			<label>31051</label>
			<altlabel>31050</altlabel>
			<usealttexture>Container.SortDirection(Ascending)</usealttexture>
		</control>
	</include>
	<include name="PVRMenu">
		<control type="button" id="201">
			<include>MenuButtonCommonValues</include>
			<label>19019</label>
			<onclick condition="Window.IsVisible(TVChannels) | Window.IsVisible(RadioChannels)">NextChannelGroup</onclick>
			<onclick condition="String.IsEmpty(Window.Property(IsRadio))">ReplaceWindow(TVChannels)</onclick>
			<onclick condition="!String.IsEmpty(Window.Property(IsRadio))">ReplaceWindow(RadioChannels)</onclick>
		</control>
		<control type="button" id="202">
			<include>MenuButtonCommonValues</include>
			<label>22020</label>
			<onclick condition="Window.IsVisible(TVGuide) | Window.IsVisible(RadioGuide)">NextChannelGroup</onclick>
			<onclick condition="String.IsEmpty(Window.Property(IsRadio))">ReplaceWindow(TVGuide)</onclick>
			<onclick condition="!String.IsEmpty(Window.Property(IsRadio))">ReplaceWindow(RadioGuide)</onclick>
		</control>
		<control type="button" id="203">
			<include>MenuButtonCommonValues</include>
			<label>19163</label>
			<onclick condition="String.IsEmpty(Window.Property(IsRadio))">ReplaceWindow(TVRecordings)</onclick>
			<onclick condition="!String.IsEmpty(Window.Property(IsRadio))">ReplaceWindow(RadioRecordings)</onclick>
		</control>
		<control type="button" id="204">
			<include>MenuButtonCommonValues</include>
			<label>19040</label>
			<onclick condition="String.IsEmpty(Window.Property(IsRadio))">ReplaceWindow(TVTimers)</onclick>
			<onclick condition="!String.IsEmpty(Window.Property(IsRadio))">ReplaceWindow(RadioTimers)</onclick>
		</control>
		<control type="button" id="205">
			<include>MenuButtonCommonValues</include>
			<label>19138</label>
			<onclick condition="String.IsEmpty(Window.Property(IsRadio))">ReplaceWindow(TVTimerRules)</onclick>
			<onclick condition="!String.IsEmpty(Window.Property(IsRadio))">ReplaceWindow(RadioTimerRules)</onclick>
		</control>
		<control type="button" id="206">
			<include>MenuButtonCommonValues</include>
			<label>137</label>
			<onclick condition="String.IsEmpty(Window.Property(IsRadio))">ReplaceWindow(TVSearch)</onclick>
			<onclick condition="!String.IsEmpty(Window.Property(IsRadio))">ReplaceWindow(RadioSearch)</onclick>
		</control>
		<control type="button" id="207">
			<include>MenuButtonCommonValues</include>
			<label>$VAR[PVRSwitch]</label>
			<onclick condition="String.IsEmpty(Window.Property(IsRadio))">ReplaceWindow(RadioChannels)</onclick>
			<onclick condition="!String.IsEmpty(Window.Property(IsRadio))">ReplaceWindow(TVChannels)</onclick>
		</control>
		<control type="radiobutton" id="6">
			<textwidth>240</textwidth>
			<include>MenuButtonCommonValues</include>
			<label>31564</label>
			<visible>Window.IsVisible(TVChannels) | Window.IsVisible(RadioChannels)</visible>
		</control>
		<control type="radiobutton" id="7">
			<textwidth>240</textwidth>
			<include>MenuButtonCommonValues</include>
			<label>31565</label>
			<visible>Window.IsVisible(TVRecordings) | Window.IsVisible(RadioRecordings)</visible>
		</control>
	</include>
	<include name="SettingsMenu">
		<control type="button" id="20">
			<description>Settings level button</description>
			<include>MenuButtonCommonValues</include>
			<label>10037</label>
			<onclick>settingslevelchange</onclick>
		</control>
		<control type="button" id="21">
			<description>Settings reset button</description>
			<include>MenuButtonCommonValues</include>
			<label>10035</label>
			<onclick>settingsreset</onclick>
		</control>
	</include>
	<include name="VideosMenu">
		<control type="button" id="3">
			<description>Sort by button</description>
			<include>MenuButtonCommonValues</include>
			<label>103</label>
		</control>
		<control type="togglebutton" id="4">
			<description>Sort asc</description>
			<include>MenuButtonCommonValues</include>
			<alttexturefocus>list_focus.png</alttexturefocus>
			<alttexturenofocus border="40,0,40,5">list_nofocus.png</alttexturenofocus>
			<label>31051</label>
			<altlabel>31050</altlabel>
			<usealttexture>Container.SortDirection(Ascending)</usealttexture>
		</control>
		<control type="radiobutton" id="14">
			<description>Watched Toggle</description>
			<textwidth>240</textwidth>
			<include>MenuButtonCommonValues</include>
			<label>20367</label>
		</control>
		<control type="button" id="8">
			<description>Search</description>
			<include>MenuButtonCommonValues</include>
			<label>137</label>
		</control>
		<control type="togglebutton" id="20">
			<description>Update Library</description>
			<include>MenuButtonCommonValues</include>
			<alttexturefocus>list_focus.png</alttexturefocus>
			<alttexturenofocus border="40,0,40,5">list_nofocus.png</alttexturenofocus>
			<label>653</label>
			<altlabel>13353</altlabel>
			<usealttexture>library.isscanningvideo</usealttexture>
		</control>
		<control type="radiobutton" id="16">
			<description>PartyMode</description>
			<textwidth>240</textwidth>
			<label>589</label>
			<include>MenuButtonCommonValues</include>
			<visible>Library.HasContent(MusicVideos)</visible>
		</control>
		<control type="button" id="1467">
			<description>Current Playlist</description>
			<include>MenuButtonCommonValues</include>
			<label>13350</label>
			<onclick>ActivateWindow(videoplaylist)</onclick>
			<visible>!String.IsEqual(Playlist.Length(video),0)</visible>
		</control>
	</include>
	<include name="VideoOSDMenu">
		<control type="button">
			<label>19019</label>
			<include>MenuButtonCommonValues</include>
			<onclick>ActivateWindow(PVROSDChannels)</onclick>
			<visible>VideoPlayer.Content(LiveTV)</visible>
		</control>
		<control type="button">
			<label>19222</label>
			<include>MenuButtonCommonValues</include>
			<onclick>ActivateWindow(PVROSDGuide)</onclick>
			<visible>VideoPlayer.Content(LiveTV)</visible>
		</control>
		<control type="button">
			<label>31358</label>
			<include>MenuButtonCommonValues</include>
			<onclick>ActivateWindow(PVROSDChannels)</onclick>
			<onclick>ActivateWindow(Teletext)</onclick>
			<visible>VideoPlayer.Content(LiveTV)</visible>
		</control>
		<control type="button">
			<label>13395</label>
			<include>MenuButtonCommonValues</include>
			<onclick>ActivateWindow(123)</onclick>
		</control>
		<control type="button">
			<label>31002</label>
			<include>MenuButtonCommonValues</include>
			<onclick>ActivateWindow(124)</onclick>
		</control>
		<control type="button">
			<label>298</label>
			<include>MenuButtonCommonValues</include>
			<onclick>ActivateWindow(125)</onclick>
		</control>
		<control type="button">
			<label>31356</label>
			<include>MenuButtonCommonValues</include>
			<onclick>ActivateWindow(SubtitleSearch)</onclick>
		</control>
		<control type="button">
			<label>$LOCALIZE[486]$INFO[Playlist.Repeat, : ]</label>
			<include>MenuButtonCommonValues</include>
			<onclick>PlayerControl(Repeat)</onclick>
			<visible>!VideoPlayer.Content(LiveTV)</visible>
		</control>
		<control type="button">
			<label>$LOCALIZE[590]$INFO[Playlist.Random, : ]</label>
			<include>MenuButtonCommonValues</include>
			<onclick>PlayerControl(Random)</onclick>
			<visible>!VideoPlayer.Content(LiveTV)</visible>
		</control>
		<control type="button">
			<label>31355</label>
			<include>MenuButtonCommonValues</include>
			<onclick>PlayerControl(ShowVideoMenu)</onclick>
			<visible>VideoPlayer.HasMenu + !VideoPlayer.Content(LiveTV)</visible>
		</control>
		<control type="button">
			<label>15047</label>
			<include>MenuButtonCommonValues</include>
			<onclick>ActivateWindow(OSDAudioDSPSettings)</onclick>
			<visible>system.getbool(audiooutput.dspaddonsenabled)</visible>
		</control>
	</include>
	<include name="VideoPlaylistMenu">
		<control type="radiobutton" id="20">
			<description>Shuffle button</description>
			<textwidth>240</textwidth>
			<include>MenuButtonCommonValues</include>
			<label>191</label>
		</control>
		<control type="button" id="26">
			<description>Repeat button</description>
			<include>MenuButtonCommonValues</include>
			<label></label>
		</control>
		<control type="button" id="21">
			<description>Save button</description>
			<label>190</label>
			<include>MenuButtonCommonValues</include>
		</control>
		<control type="button" id="22">
			<description>Clear button</description>
			<label>192</label>
			<include>MenuButtonCommonValues</include>
		</control>
	</include>
	<include name="16x9_xPos_Relocation">
		<animation effect="slide" start="0,0" end="213,0" time="0" condition="String.IsEqual(Skin.AspectRatio,16:9)">conditional</animation>
	</include>
	<include name="Window_OpenClose_Animation">
		<animation effect="fade" time="250">WindowOpen</animation>
		<animation effect="fade" time="250">WindowClose</animation>
	</include>
	<include name="Window_OpenClose_Animation_Zoom">
		<animation type="WindowOpen" reversible="false">
			<effect type="zoom" start="80" end="100" center="640,480" easing="out" tween="back" time="300" />
			<effect type="fade" start="0" end="100" time="200" />
		</animation>
		<animation type="WindowClose" reversible="false">
			<effect type="zoom" start="100" end="80" center="640,480" easing="in" tween="back" time="300" />
			<effect type="fade" start="100" end="0" time="200" />
		</animation>
	</include>

	<include name="Window_OpenClose_Animation_Zoom_Slow">
		<animation type="WindowOpen" reversible="false">
			<!--<effect type="zoom" start="80" end="100" center="640,480" easing="out" tween="back" time="500" />-->
			<effect type="fade" start="0" end="100" time="400" />
		</animation>
		<animation type="WindowClose" reversible="false">
			<!--<effect type="zoom" start="100" end="80" center="640,480" easing="in" tween="back" time="500" />-->
			<effect type="fade" start="100" end="0" time="400" />
		</animation>
	</include>

	<include name="dialogeffect">
		<animation effect="fade" time="250">WindowOpen</animation>
		<animation effect="fade" time="250">WindowClose</animation>
	</include>
	<include name="VisibleFadeEffect">
		<animation effect="fade" time="300">Visible</animation>
		<animation effect="fade" time="300">Hidden</animation>
	</include>
	<include name="Window_OpenClose_Animation_Slide_Up">
		<animation effect="slide" start="0,110" end="0,0" time="300" tween="quadratic" easing="out">WindowOpen</animation>
		<animation effect="slide" start="0,0" end="0,110" time="300" tween="quadratic" easing="out">WindowClose</animation>
	</include>
	
	<include name="Window_OpenClose_Animation_Slide_Down">
		<animation effect="slide" start="0,-110" end="0,0" time="300" tween="quadratic" easing="out">WindowOpen</animation>
		<animation effect="slide" start="0,0" end="0,-110" time="300" tween="quadratic" easing="out">WindowClose</animation>
	</include>

	<include name="Window_OpenClose_Animation_Slide_Down">
		<animation effect="slide" start="0,-120" end="0,0" time="300" tween="quadratic" easing="out">WindowOpen</animation>
		<animation effect="slide" start="0,0" end="0,-120" time="300" tween="quadratic" easing="out">WindowClose</animation>
	</include>

	<include name="Window_OpenClose_Animation_Slide_Left">
		<animation effect="slide" start="-853,0" end="0,0" time="200" tween="quadratic" easing="out">WindowOpen</animation>
		<animation effect="slide" start="0,0" end="-853,0" time="200" tween="quadratic" easing="out">WindowClose</animation>
	</include>

	<include name="Window_OpenClose_Animation_Slide_Right">
		<animation effect="slide" start="853,0" end="0,0" time="200" tween="quadratic" easing="out">WindowOpen</animation>
		<animation effect="slide" start="0,0" end="853,0" time="200" tween="quadratic" easing="out">WindowClose</animation>
	</include>

	<include name="Window_OpenClose_Animation_Slide_Left_Long">
		<animation effect="slide" start="-853,0" end="0,0" time="300" tween="quadratic" easing="out">WindowOpen</animation>
		<animation effect="slide" start="0,0" end="-853,0" time="300" tween="quadratic" easing="out">WindowClose</animation>
	</include>

	<include name="Window_OpenClose_Animation_Slide_Right_Long">
		<animation effect="slide" start="853,0" end="0,0" time="300" tween="quadratic" easing="out">WindowOpen</animation>
		<animation effect="slide" start="0,0" end="853,0" time="300" tween="quadratic" easing="out">WindowClose</animation>
	</include>

	<include name="Window_OpenClose_Animation_Slide_Left_Longer">
		<animation effect="slide" start="-853,0" end="0,0" time="400" tween="quadratic" easing="out">WindowOpen</animation>
		<animation effect="slide" start="0,0" end="-853,0" time="400" tween="quadratic" easing="out">WindowClose</animation>
	</include>

	<include name="Window_OpenClose_Animation_Slide_Right_Longer">
		<animation effect="slide" start="853,0" end="0,0" time="400" tween="quadratic" easing="out">WindowOpen</animation>
		<animation effect="slide" start="0,0" end="853,0" time="400" tween="quadratic" easing="out">WindowClose</animation>
	</include>

	<include name="Window_OpenClose_Animation_Slide_Left_Longest">
		<animation effect="slide" start="-853,0" end="0,0" time="500" tween="quadratic" easing="out">WindowOpen</animation>
		<animation effect="slide" start="0,0" end="-853,0" time="500" tween="quadratic" easing="out">WindowClose</animation>
	</include>

	<include name="Window_OpenClose_Animation_Slide_Right_Longest">
		<animation effect="slide" start="853,0" end="0,0" time="500" tween="quadratic" easing="out">WindowOpen</animation>
		<animation effect="slide" start="0,0" end="853,0" time="500" tween="quadratic" easing="out">WindowClose</animation>
	</include>

	<include name="Window_OpenClose_Animation_Lightracer">
		<animation type="WindowOpen" reversible="false">
			<effect type="slide" start="-1706,0" end="0,0" time="400" tween="quadratic" easing="out" />
			<effect type="fade" start="0" end="100" time="200" />
		</animation>
		<animation type="WindowClose" reversible="false">
			<effect type="slide" start="0,0" end="1706,0" time="400" tween="quadratic" easing="out" />
			<effect type="fade" start="100" end="0" time="200" />
		</animation>
	</include>

	<include name="Window_OpenClose_Animation_Fade">
		<animation effect="fade" start="0" end="100" time="100" easing="out">WindowOpen</animation>
		<animation effect="fade" start="100" end="0" time="100" easing="out">WindowClose</animation>
	</include>

	<include name="NightMode">
		<control type="image">
			<visible>Skin.HasSetting(DayNightMode) | [Skin.HasSetting(EnableAutoDayNightMode) + Skin.HasSetting(AutoDayNightMode)]</visible>
			<posx>-1706</posx>
			<posy>-960</posy>
			<width>5118</width>
			<height>2880</height>
			<texture>grey.png</texture>
			<animation effect="fade" time="300">Visible</animation>
			<animation effect="fade" time="200">Hidden</animation>
		</control>
	</include>
</includes>
