<?xml version="1.0" encoding="UTF-8"?>
<window>
	<visible>Player.Seeking | [Player.Paused + !Player.Caching] | Player.Forwarding | Player.Rewinding | Player.ShowInfo | Window.IsActive(fullscreeninfo) | Window.IsActive(videoosd) | Window.IsActive(musicosd) | Window.IsActive(GameOSD) |Window.IsActive(playerprocessinfo) | !String.IsEmpty(Player.SeekNumeric) | !String.IsEmpty(PVR.ChannelNumberInput)</visible>
	<visible>![Window.IsActive(sliderdialog) | Window.IsActive(pvrosdchannels)]</visible>
	<visible>Window.IsActive(fullscreenvideo) | Window.IsActive(visualisation)</visible>
	<visible>![Skin.HasSetting(enable_neverinfo) + Player.Paused + !Window.IsVisible(VideoOSD.xml) + Window.IsActive(fullscreenvideo) + !Window.IsActive(fullscreeninfo)]</visible>
	<include>Animation_BottomSlide</include>
	<depth>DepthOSD</depth>
	<zorder>0</zorder>
	<controls>
		<include>PVRChannelNumberInput</include>
		<control type="group">
			<visible>!Player.HasGame</visible>
			<bottom>0</bottom>
			<height>190</height>
			<control type="image">
				<left>0</left>
				<bottom>0</bottom>
				<width>110%</width>
				<height>250</height>
				<texture flipy="true" colordiffuse="$VAR[Bars_Opacity]">frame/InfoBar.png</texture>
				<visible>!Window.IsVisible(Custom_1135_PVROverlay.xml)</visible>
				<visible>!Window.IsVisible(MusicVisualisation.xml)</visible>
			</control>
			<control type="image">
				<left>0</left>
				<bottom>0</bottom>
				<width>110%</width>
				<height>200</height>
				<texture flipy="true" colordiffuse="$VAR[Bars_Opacity]">frame/InfoBar.png</texture>
				<visible>!Window.IsVisible(Custom_1135_PVROverlay.xml)</visible>
				<visible>Window.IsVisible(MusicVisualisation.xml)</visible>
			</control>
			<control type="group">
				<visible>!Window.IsVisible(videoosd) + !Window.IsVisible(musicosd)</visible>
				<animation effect="fade" time="200">VisibleChange</animation>
				<control type="label">
					<top>110</top>
					<left>20</left>
					<width>400</width>
					<height>50</height>
					<aligny>center</aligny>
					<font>font30</font>
					<wrapmultiline>true</wrapmultiline>
					<label>$LOCALIZE[21396][CR][COLOR white]$INFO[player.chapter]$INFO[player.chaptercount, / ][/COLOR]</label>
					<visible>player.chaptercount</visible>
					<textcolor>$VAR[SkinColorVar]</textcolor>
				</control>
				<control type="group">
					<visible>Player.Recording + !Player.ChannelPreviewActive</visible>
					<control type="image">
						<top>100</top>
						<left>20</left>
						<width>74</width>
						<height>74</height>
						<texture>osd/fullscreen/buttons/record.png</texture>
					</control>
					<control type="label">
						<top>110</top>
						<left>90</left>
						<width>400</width>
						<height>50</height>
						<aligny>center</aligny>
						<font>font25_title</font>
						<label>$LOCALIZE[19158]</label>
					</control>
				</control>
				<control type="label">
					<top>110</top>
					<right>20</right>
					<width>400</width>
					<height>50</height>
					<align>right</align>
					<aligny>center</aligny>
					<font>font30</font>
					<wrapmultiline>true</wrapmultiline>
					<animation effect="fade" time="200">VisibleChange</animation>
					<label>$INFO[Player.TimeRemaining,$LOCALIZE[31134][CR][COLOR white],[/COLOR]]</label>
					<visible>!Player.ShowInfo + ![[Window.IsVisible(DialogFullscreenInfo.xml) | Window.IsVisible(Custom_1138_InfoOnPause.xml)] + VideoPlayer.Content(LiveTV)]</visible>
					<textcolor>$VAR[SkinColorVar]</textcolor>
				</control>
			</control>
			<control type="label">
				<centerleft>50%</centerleft>
				<top>110</top>
				<width>50%</width>
				<height>75</height>
				<align>center</align>
				<aligny>bottom</aligny>
				<animation delay="0" effect="slide" time="120" start="0,0" end="0,-20" tween="sine" easing="inout" condition="!String.IsEmpty(Control.GetLabel(40000))">Conditional</animation>
				<label>$VAR[SeekTimeLabelVar]</label>
				<font>font45</font>
				<shadowcolor>black</shadowcolor>
				<visible>!Player.ChannelPreviewActive</visible>
				<animation effect="fade" start="0" end="100" time="200" delay="1000">Visible</animation>
				<visible>!Window.IsVisible(Custom_1135_PVROverlay.xml)</visible>
			</control>
			<control type="label" id="40000">
				<centerleft>50%</centerleft>
				<top>134</top>
				<width>50%</width>
				<height>60</height>
				<align>center</align>
				<aligny>center</aligny>
				<label>$VAR[SeekLabel]</label>
				<textcolor>$VAR[SkinColorVar]</textcolor>
				<shadowcolor>black</shadowcolor>
				<visible>!Window.IsVisible(Custom_1135_PVROverlay.xml)</visible>
			</control>
			<control type="group" id="6000">
				<top>-5</top>
				<visible>PVR.IsTimeShift + !Player.ChannelPreviewActive</visible>
				<animation effect="fade" time="300">VisibleChange</animation>
				<control type="label">
					<top>0</top>
					<right>20</right>
					<width>400</width>
					<height>50</height>
					<align>right</align>
					<aligny>center</aligny>
					<font>font30</font>
					<label>$INFO[PVR.TimeShiftEnd]</label>
				</control>
				<control type="label">
					<top>0</top>
					<left>20</left>
					<width>400</width>
					<height>50</height>
					<align>left</align>
					<aligny>center</aligny>
					<font>font30</font>
					<label>$INFO[PVR.TimeShiftStart]</label>
				</control>
				<control type="label">
					<top>0</top>
					<left>20</left>
					<right>20</right>
					<height>50</height>
					<align>center</align>
					<aligny>center</aligny>
					<font>font30</font>
					<label>[B]$LOCALIZE[31026][/B] $INFO[PVR.timeshiftcur]</label>
				</control>
				<control type="progress">
					<left>0</left>
					<top>50</top>
					<width>100%</width>
					<height>15</height>
					<info>PVR.timeshiftprogress</info>
					<texturebg border="3" colordiffuse="60FFFFFF">colors/white50.png</texturebg>
					<midtexture>colors/white50.png</midtexture>
				</control>
			</control>
			<control type="progress">
				<left>0</left>
				<top>70</top>
				<width>100%</width>
				<height>15</height>
				<info>Player.ProgressCache</info>
				<texturebg border="3" colordiffuse="60FFFFFF">colors/white50.png</texturebg>
				<midtexture>colors/white50.png</midtexture>
				<visible>!Player.ChannelPreviewActive</visible>
				<visible>!Window.IsVisible(Custom_1135_PVROverlay.xml)</visible>
			</control>
			<control type="progress">
				<left>0</left>
				<top>70</top>
				<width>100%</width>
				<height>15</height>
				<info>Player.Progress</info>
				<texturebg border="3" colordiffuse="60FFFFFF">colors/white50.png</texturebg>
				<midtexture colordiffuse="$VAR[SkinColorVar]">colors/white.png</midtexture>
				<visible>!Window.IsVisible(Custom_1135_PVROverlay.xml)</visible>
			</control>
			<control type="slider" id="401">
				<left>5</left>
				<top>65</top>
				<width>100%</width>
				<height>25</height>
				<texturesliderbar colordiffuse="00FFFFFF">osd/progress/nub_bar.png</texturesliderbar>
				<textureslidernib colordiffuse="$VAR[SkinColorVar]">osd/progress/nub_bar.png</textureslidernib>
				<textureslidernibfocus colordiffuse="$VAR[SkinColorVar]">colors/white.png</textureslidernibfocus>
				<visible>!VideoPlayer.Content(livetv)</visible>
			</control>
		</control>
	</controls>
</window>
