<includes>
	<variable name="HomeButtonValue1">
		<value condition="StringCompare(Skin.String(HomeButton1Value),RadioFM)">$LOCALIZE[40003]</value>
		<value condition="StringCompare(Skin.String(HomeButton1Value),Pictures)">$LOCALIZE[40002]</value>
		<value condition="StringCompare(Skin.String(HomeButton1Value),Albums)">$LOCALIZE[40004]</value>
		<value condition="StringCompare(Skin.String(HomeButton1Value),Movies)">$LOCALIZE[40022]</value>
		<value condition="StringCompare(Skin.String(HomeButton1Value),Musicvideos)">$LOCALIZE[40001]</value>
		<value condition="StringCompare(Skin.String(HomeButton1Value),Playlists)">$LOCALIZE[40051]</value>
		<value condition="StringCompare(Skin.String(HomeButton1Value),Navigation)">$LOCALIZE[40008]</value>
		<value condition="StringCompare(Skin.String(HomeButton1Value),Favourites)">$LOCALIZE[40007]</value>
		<value condition="StringCompare(Skin.String(HomeButton1Value),Shutdown)">$LOCALIZE[40006]</value>
		<value condition="StringCompare(Skin.String(HomeButton1Value),Settings)">$LOCALIZE[40074]</value>
		<value condition="StringCompare(Skin.String(HomeButton1Value),Programs)">$LOCALIZE[40005]</value>
		<value condition="StringCompare(Skin.String(HomeButton1Value),TVShows)">$LOCALIZE[20343]</value>
		<value condition="StringCompare(Skin.String(HomeButton1Value),LiveTV)">$LOCALIZE[19023]</value>
		<value condition="StringCompare(Skin.String(HomeButton1Value),LiveRadio)">$LOCALIZE[19024]</value>
		<value>- - -</value>
	</variable>
	<variable name="HomeButtonValue2">
		<value condition="StringCompare(Skin.String(HomeButton2Value),RadioFM)">$LOCALIZE[40003]</value>
		<value condition="StringCompare(Skin.String(HomeButton2Value),Pictures)">$LOCALIZE[40002]</value>
		<value condition="StringCompare(Skin.String(HomeButton2Value),Albums)">$LOCALIZE[40004]</value>
		<value condition="StringCompare(Skin.String(HomeButton2Value),Movies)">$LOCALIZE[40022]</value>
		<value condition="StringCompare(Skin.String(HomeButton2Value),Musicvideos)">$LOCALIZE[40001]</value>
		<value condition="StringCompare(Skin.String(HomeButton2Value),Playlists)">$LOCALIZE[40051]</value>
		<value condition="StringCompare(Skin.String(HomeButton2Value),Navigation)">$LOCALIZE[40008]</value>
		<value condition="StringCompare(Skin.String(HomeButton2Value),Favourites)">$LOCALIZE[40007]</value>
		<value condition="StringCompare(Skin.String(HomeButton2Value),Shutdown)">$LOCALIZE[40006]</value>
		<value condition="StringCompare(Skin.String(HomeButton2Value),Settings)">$LOCALIZE[40074]</value>
		<value condition="StringCompare(Skin.String(HomeButton2Value),Programs)">$LOCALIZE[40005]</value>
		<value condition="StringCompare(Skin.String(HomeButton2Value),TVShows)">$LOCALIZE[20343]</value>
		<value condition="StringCompare(Skin.String(HomeButton2Value),LiveTV)">$LOCALIZE[19023]</value>
		<value condition="StringCompare(Skin.String(HomeButton2Value),LiveRadio)">$LOCALIZE[19024]</value>
		<value>- - -</value>
	</variable>
	<variable name="HomeButtonValue3">
		<value condition="StringCompare(Skin.String(HomeButton3Value),RadioFM)">$LOCALIZE[40003]</value>
		<value condition="StringCompare(Skin.String(HomeButton3Value),Pictures)">$LOCALIZE[40002]</value>
		<value condition="StringCompare(Skin.String(HomeButton3Value),Albums)">$LOCALIZE[40004]</value>
		<value condition="StringCompare(Skin.String(HomeButton3Value),Movies)">$LOCALIZE[40022]</value>
		<value condition="StringCompare(Skin.String(HomeButton3Value),Musicvideos)">$LOCALIZE[40001]</value>
		<value condition="StringCompare(Skin.String(HomeButton3Value),Playlists)">$LOCALIZE[40051]</value>
		<value condition="StringCompare(Skin.String(HomeButton3Value),Navigation)">$LOCALIZE[40008]</value>
		<value condition="StringCompare(Skin.String(HomeButton3Value),Favourites)">$LOCALIZE[40007]</value>
		<value condition="StringCompare(Skin.String(HomeButton3Value),Shutdown)">$LOCALIZE[40006]</value>
		<value condition="StringCompare(Skin.String(HomeButton3Value),Settings)">$LOCALIZE[40074]</value>
		<value condition="StringCompare(Skin.String(HomeButton3Value),Programs)">$LOCALIZE[40005]</value>
		<value condition="StringCompare(Skin.String(HomeButton3Value),TVShows)">$LOCALIZE[20343]</value>
		<value condition="StringCompare(Skin.String(HomeButton3Value),LiveTV)">$LOCALIZE[19023]</value>
		<value condition="StringCompare(Skin.String(HomeButton3Value),LiveRadio)">$LOCALIZE[19024]</value>
		<value>- - -</value>
	</variable>
	<variable name="HomeButtonValue4">
		<value condition="StringCompare(Skin.String(HomeButton4Value),RadioFM)">$LOCALIZE[40003]</value>
		<value condition="StringCompare(Skin.String(HomeButton4Value),Pictures)">$LOCALIZE[40002]</value>
		<value condition="StringCompare(Skin.String(HomeButton4Value),Albums)">$LOCALIZE[40004]</value>
		<value condition="StringCompare(Skin.String(HomeButton4Value),Movies)">$LOCALIZE[40022]</value>
		<value condition="StringCompare(Skin.String(HomeButton4Value),Musicvideos)">$LOCALIZE[40001]</value>
		<value condition="StringCompare(Skin.String(HomeButton4Value),Playlists)">$LOCALIZE[40051]</value>
		<value condition="StringCompare(Skin.String(HomeButton4Value),Navigation)">$LOCALIZE[40008]</value>
		<value condition="StringCompare(Skin.String(HomeButton4Value),Favourites)">$LOCALIZE[40007]</value>
		<value condition="StringCompare(Skin.String(HomeButton4Value),Shutdown)">$LOCALIZE[40006]</value>
		<value condition="StringCompare(Skin.String(HomeButton4Value),Settings)">$LOCALIZE[40074]</value>
		<value condition="StringCompare(Skin.String(HomeButton4Value),Programs)">$LOCALIZE[40005]</value>
		<value condition="StringCompare(Skin.String(HomeButton4Value),TVShows)">$LOCALIZE[20343]</value>
		<value condition="StringCompare(Skin.String(HomeButton4Value),LiveTV)">$LOCALIZE[19023]</value>
		<value condition="StringCompare(Skin.String(HomeButton4Value),LiveRadio)">$LOCALIZE[19024]</value>
		<value>- - -</value>
	</variable>
	<variable name="HomeButtonValue5">
		<value condition="StringCompare(Skin.String(HomeButton5Value),RadioFM)">$LOCALIZE[40003]</value>
		<value condition="StringCompare(Skin.String(HomeButton5Value),Pictures)">$LOCALIZE[40002]</value>
		<value condition="StringCompare(Skin.String(HomeButton5Value),Albums)">$LOCALIZE[40004]</value>
		<value condition="StringCompare(Skin.String(HomeButton5Value),Movies)">$LOCALIZE[40022]</value>
		<value condition="StringCompare(Skin.String(HomeButton5Value),Musicvideos)">$LOCALIZE[40001]</value>
		<value condition="StringCompare(Skin.String(HomeButton5Value),Playlists)">$LOCALIZE[40051]</value>
		<value condition="StringCompare(Skin.String(HomeButton5Value),Navigation)">$LOCALIZE[40008]</value>
		<value condition="StringCompare(Skin.String(HomeButton5Value),Favourites)">$LOCALIZE[40007]</value>
		<value condition="StringCompare(Skin.String(HomeButton5Value),Shutdown)">$LOCALIZE[40006]</value>
		<value condition="StringCompare(Skin.String(HomeButton5Value),Settings)">$LOCALIZE[40074]</value>
		<value condition="StringCompare(Skin.String(HomeButton5Value),Programs)">$LOCALIZE[40005]</value>
		<value condition="StringCompare(Skin.String(HomeButton5Value),TVShows)">$LOCALIZE[20343]</value>
		<value condition="StringCompare(Skin.String(HomeButton5Value),LiveTV)">$LOCALIZE[19023]</value>
		<value condition="StringCompare(Skin.String(HomeButton5Value),LiveRadio)">$LOCALIZE[19024]</value>
		<value>- - -</value>
	</variable>
	<variable name="HomeButtonValue6">
		<value condition="StringCompare(Skin.String(HomeButton6Value),RadioFM)">$LOCALIZE[40003]</value>
		<value condition="StringCompare(Skin.String(HomeButton6Value),Pictures)">$LOCALIZE[40002]</value>
		<value condition="StringCompare(Skin.String(HomeButton6Value),Albums)">$LOCALIZE[40004]</value>
		<value condition="StringCompare(Skin.String(HomeButton6Value),Movies)">$LOCALIZE[40022]</value>
		<value condition="StringCompare(Skin.String(HomeButton6Value),Musicvideos)">$LOCALIZE[40001]</value>
		<value condition="StringCompare(Skin.String(HomeButton6Value),Playlists)">$LOCALIZE[40051]</value>
		<value condition="StringCompare(Skin.String(HomeButton6Value),Navigation)">$LOCALIZE[40008]</value>
		<value condition="StringCompare(Skin.String(HomeButton6Value),Favourites)">$LOCALIZE[40007]</value>
		<value condition="StringCompare(Skin.String(HomeButton6Value),Shutdown)">$LOCALIZE[40006]</value>
		<value condition="StringCompare(Skin.String(HomeButton6Value),Settings)">$LOCALIZE[40074]</value>
		<value condition="StringCompare(Skin.String(HomeButton6Value),Programs)">$LOCALIZE[40005]</value>
		<value condition="StringCompare(Skin.String(HomeButton6Value),TVShows)">$LOCALIZE[20343]</value>
		<value condition="StringCompare(Skin.String(HomeButton6Value),LiveTV)">$LOCALIZE[19023]</value>
		<value condition="StringCompare(Skin.String(HomeButton6Value),LiveRadio)">$LOCALIZE[19024]</value>
		<value>- - -</value>
	</variable>
	<variable name="HomeButtonValue7">
		<value condition="StringCompare(Skin.String(HomeButton7Value),RadioFM)">$LOCALIZE[40003]</value>
		<value condition="StringCompare(Skin.String(HomeButton7Value),Pictures)">$LOCALIZE[40002]</value>
		<value condition="StringCompare(Skin.String(HomeButton7Value),Albums)">$LOCALIZE[40004]</value>
		<value condition="StringCompare(Skin.String(HomeButton7Value),Movies)">$LOCALIZE[40022]</value>
		<value condition="StringCompare(Skin.String(HomeButton7Value),Musicvideos)">$LOCALIZE[40001]</value>
		<value condition="StringCompare(Skin.String(HomeButton7Value),Playlists)">$LOCALIZE[40051]</value>
		<value condition="StringCompare(Skin.String(HomeButton7Value),Navigation)">$LOCALIZE[40008]</value>
		<value condition="StringCompare(Skin.String(HomeButton7Value),Favourites)">$LOCALIZE[40007]</value>
		<value condition="StringCompare(Skin.String(HomeButton7Value),Shutdown)">$LOCALIZE[40006]</value>
		<value condition="StringCompare(Skin.String(HomeButton7Value),Settings)">$LOCALIZE[40074]</value>
		<value condition="StringCompare(Skin.String(HomeButton7Value),Programs)">$LOCALIZE[40005]</value>
		<value condition="StringCompare(Skin.String(HomeButton7Value),TVShows)">$LOCALIZE[20343]</value>
		<value condition="StringCompare(Skin.String(HomeButton7Value),LiveTV)">$LOCALIZE[19023]</value>
		<value condition="StringCompare(Skin.String(HomeButton7Value),LiveRadio)">$LOCALIZE[19024]</value>
		<value>- - -</value>
	</variable>
	<variable name="HomeButtonValue8">
		<value condition="StringCompare(Skin.String(HomeButton8Value),RadioFM)">$LOCALIZE[40003]</value>
		<value condition="StringCompare(Skin.String(HomeButton8Value),Pictures)">$LOCALIZE[40002]</value>
		<value condition="StringCompare(Skin.String(HomeButton8Value),Albums)">$LOCALIZE[40004]</value>
		<value condition="StringCompare(Skin.String(HomeButton8Value),Movies)">$LOCALIZE[40022]</value>
		<value condition="StringCompare(Skin.String(HomeButton8Value),Musicvideos)">$LOCALIZE[40001]</value>
		<value condition="StringCompare(Skin.String(HomeButton8Value),Playlists)">$LOCALIZE[40051]</value>
		<value condition="StringCompare(Skin.String(HomeButton8Value),Navigation)">$LOCALIZE[40008]</value>
		<value condition="StringCompare(Skin.String(HomeButton8Value),Favourites)">$LOCALIZE[40007]</value>
		<value condition="StringCompare(Skin.String(HomeButton8Value),Shutdown)">$LOCALIZE[40006]</value>
		<value condition="StringCompare(Skin.String(HomeButton8Value),Settings)">$LOCALIZE[40074]</value>
		<value condition="StringCompare(Skin.String(HomeButton8Value),Programs)">$LOCALIZE[40005]</value>
		<value condition="StringCompare(Skin.String(HomeButton8Value),TVShows)">$LOCALIZE[20343]</value>
		<value condition="StringCompare(Skin.String(HomeButton8Value),LiveTV)">$LOCALIZE[19023]</value>
		<value condition="StringCompare(Skin.String(HomeButton8Value),LiveRadio)">$LOCALIZE[19024]</value>
		<value>- - -</value>
	</variable>

	<include name="HomeCenter">	
		<control type="group">
			<include>Window_OpenClose_Animation_Zoom</include>
			<visible>!Skin.HasSetting(HideHomeButtonLogo)</visible>
			<control type="button">
				<posx>603</posx>
				<posy>230</posy>
				<width>500</width>
				<height>500</height>
				<texturenofocus colordiffuse="selected">home_center.png</texturenofocus>
				<texturefocus colordiffuse="white">home_center.png</texturefocus>
				<onclick condition="!Player.HasAudio + !Player.HasVideo">ActivateWindow(1113)</onclick>
				<onclick condition="Player.HasAudio">ActivateWindow(Visualisation)</onclick>
				<onclick condition="Player.HasVideo">ActivateWindow(FullscreenVideo)</onclick>
			</control>
			<control type="image">
				<include>VisibleFadeEffect</include>
				<posx>603</posx>
				<posy>230</posy>
				<width>500</width>
				<height>500</height>
				<texture colordiffuse="selected">home_center_text.png</texture>
				<visible>!Skin.HasSetting(UseCustomLogo) + !substring(Window(Home).Property(Radio.Active),true)</visible>
			</control>
			<control type="image">
				<include>VisibleFadeEffect</include>
				<posx>603</posx>
				<posy>230</posy>
				<width>500</width>
				<height>500</height>
				<texture diffuse="home_center_diffuse.png">$INFO[Skin.String(CustomLogoPath)]</texture>
				<visible>Skin.HasSetting(UseCustomLogo)</visible>
				<visible>!substring(Window(Home).Property(Radio.Active),true)</visible>
			</control>
			<control type="image">
				<include>VisibleFadeEffect</include>
				<posx>603</posx>
				<posy>230</posy>
				<width>500</width>
				<height>500</height>
				<texture diffuse="home_center_diffuse_60.png">$INFO[Window(Home).Property(Radio.StationLogo)]</texture>
				<visible>substring(Window(Home).Property(Radio.Active),true) + !Skin.HasSetting(UseAlternateRadio) + substring(Window(Home).Property(Radio.Logo),true)</visible>
			</control>
		</control>
	</include>
	
	<include name="HomeButtons_x8">
	    <control type="group">
		<visible>!Skin.HasSetting(Use6ButtonLayout)</visible>
		<control type="group">
			<include>Window_OpenClose_Animation_Slide_Left</include>
			<posx>-5</posx>
			<posy>113</posy>
			<visible>true</visible>
			<include>VisibleFadeEffect</include>
			<control type="button" id="8001">
				<description>Button 1</description>
				<posx>0</posx>
				<posy>0</posy>
				<width>782</width>
				<height>150</height>
				<texturenofocus colordiffuse="selected">home_button_1.png</texturenofocus>
				<texturefocus colordiffuse="white">home_button_1.png</texturefocus>
				<!--<onclick condition="StringCompare(Skin.String(HomeButton1Value),RadioFM)">RunPlugin(plugin://plugin.program.radioFM)</onclick>-->
				<onclick condition="StringCompare(Skin.String(HomeButton1Value),RadioFM)">ActivateWindow(1113)</onclick>
				<onclick condition="StringCompare(Skin.String(HomeButton1Value),Pictures)">ActivateWindow(Pictures)</onclick>
				<onclick condition="StringCompare(Skin.String(HomeButton1Value),Albums)">ActivateWindow(Music,Albums)</onclick>
				<onclick condition="StringCompare(Skin.String(HomeButton1Value),Movies)">ActivateWindow(Videos,MovieTitles)</onclick>
				<onclick condition="StringCompare(Skin.String(HomeButton1Value),Musicvideos)">ActivateWindow(Videos,MusicVideoTitles)</onclick>
				<onclick condition="StringCompare(Skin.String(HomeButton1Value),Playlists)">ActivateWindow(Music,special://musicplaylists/)</onclick>
				<onclick condition="StringCompare(Skin.String(HomeButton1Value),Navigation)">RunPlugin(plugin://plugin.program.navigation)</onclick>
				<onclick condition="StringCompare(Skin.String(HomeButton1Value),Favourites)">ActivateWindow(Favourites)</onclick>
				<onclick condition="StringCompare(Skin.String(HomeButton1Value),Shutdown)">ActivateWindow(1998)</onclick>
				<onclick condition="StringCompare(Skin.String(HomeButton1Value),Settings)">ActivateWindow(Settings)</onclick>
				<onclick condition="StringCompare(Skin.String(HomeButton1Value),Programs)">ActivateWindow(Programs,addons://sources/executable/)</onclick>
				<onclick condition="StringCompare(Skin.String(HomeButton1Value),TVShows)">ActivateWindow(Videos,TvShowTitles)</onclick>
				<onclick condition="StringCompare(Skin.String(HomeButton1Value),LiveTV)">ActivateWindow(TVChannels)</onclick>
				<onclick condition="StringCompare(Skin.String(HomeButton1Value),LiveRadio)">ActivateWindow(RadioChannels)</onclick>
				<onup>9002</onup>
				<ondown>8002</ondown>
				<onright>8004</onright>
			</control>
			<control type="image">
				<description>Button 1 Custom Image</description>
				<posx>0</posx>
				<posy>0</posy>
				<width>782</width>
				<height>150</height>
				<texture diffuse="home_button_diffuse_1.png">$INFO[Skin.String(CustomBackgroundHome1)]</texture>
				<visible>Skin.HasSetting(UseCustomBackgroundHome1)</visible>
			</control>
			<control type="label">
				<description>Home Button 1 Text</description>
				<posx>145</posx>
				<posy>0</posy>
				<width>600</width>
				<height>150</height>
				<font>font_homebutton</font>
				<label>[COLOR selected]$VAR[HomeButtonValue1][/COLOR]</label>
				<align>left</align>
				<aligny>center</aligny>
			</control>
		</control>

		<control type="group">
			<include>Window_OpenClose_Animation_Slide_Left_Long</include>
			<posx>-5</posx>
			<posy>303</posy>
			<include>VisibleFadeEffect</include>
			<control type="button" id="8002">
				<description>Button 2</description>
				<posx>0</posx>
				<posy>0</posy>
				<width>782</width>
				<height>150</height>
				<texturenofocus colordiffuse="selected">home_button_2.png</texturenofocus>
				<texturefocus colordiffuse="white">home_button_2.png</texturefocus>
				<!--<onclick condition="StringCompare(Skin.String(HomeButton2Value),RadioFM)">RunPlugin(plugin://plugin.program.radioFM)</onclick>-->
				<onclick condition="StringCompare(Skin.String(HomeButton2Value),RadioFM)">ActivateWindow(1113)</onclick>
				<onclick condition="StringCompare(Skin.String(HomeButton2Value),Pictures)">ActivateWindow(Pictures)</onclick>
				<onclick condition="StringCompare(Skin.String(HomeButton2Value),Albums)">ActivateWindow(Music,Albums)</onclick>
				<onclick condition="StringCompare(Skin.String(HomeButton2Value),Movies)">ActivateWindow(Videos,MovieTitles)</onclick>
				<onclick condition="StringCompare(Skin.String(HomeButton2Value),Musicvideos)">ActivateWindow(Videos,MusicVideoTitles)</onclick>
				<onclick condition="StringCompare(Skin.String(HomeButton2Value),Playlists)">ActivateWindow(Music,special://musicplaylists/)</onclick>
				<onclick condition="StringCompare(Skin.String(HomeButton2Value),Navigation)">RunPlugin(plugin://plugin.program.navigation)</onclick>
				<onclick condition="StringCompare(Skin.String(HomeButton2Value),Favourites)">ActivateWindow(Favourites)</onclick>
				<onclick condition="StringCompare(Skin.String(HomeButton2Value),Shutdown)">ActivateWindow(1998)</onclick>
				<onclick condition="StringCompare(Skin.String(HomeButton2Value),Settings)">ActivateWindow(Settings)</onclick>
				<onclick condition="StringCompare(Skin.String(HomeButton2Value),Programs)">ActivateWindow(Programs,addons://sources/executable/)</onclick>
				<onclick condition="StringCompare(Skin.String(HomeButton2Value),TVShows)">ActivateWindow(Videos,TvShowTitles)</onclick>
				<onclick condition="StringCompare(Skin.String(HomeButton2Value),LiveTV)">ActivateWindow(TVChannels)</onclick>
				<onclick condition="StringCompare(Skin.String(HomeButton2Value),LiveRadio)">ActivateWindow(RadioChannels)</onclick>
				<onup>8001</onup>
				<ondown>8003</ondown>
				<onright>8005</onright>
			</control>
			<control type="image">
				<description>Button 2 Custom Image</description>
				<posx>0</posx>
				<posy>0</posy>
				<width>782</width>
				<height>150</height>
				<texture diffuse="home_button_diffuse_2.png">$INFO[Skin.String(CustomBackgroundHome2)]</texture>
				<visible>Skin.HasSetting(UseCustomBackgroundHome2)</visible>
			</control>
			<control type="label">
				<description>Home Button 2 Text</description>
				<posx>145</posx>
				<posy>0</posy>
				<width>450</width>
				<height>150</height>
				<font>font_homebutton</font>
				<label>[COLOR selected]$VAR[HomeButtonValue2][/COLOR]</label>
				<align>left</align>
				<aligny>center</aligny>
			</control>
		</control>

		<control type="group">
			<include>Window_OpenClose_Animation_Slide_Left_Longer</include>
			<posx>-5</posx>
			<posy>497</posy>
			<include>VisibleFadeEffect</include>
			<control type="button" id="8003">
				<description>Button 3</description>
				<posx>0</posx>
				<posy>0</posy>
				<width>782</width>
				<height>150</height>
				<texturenofocus colordiffuse="selected">home_button_3.png</texturenofocus>
				<texturefocus colordiffuse="white">home_button_3.png</texturefocus>
				<!--<onclick condition="StringCompare(Skin.String(HomeButton3Value),RadioFM)">RunPlugin(plugin://plugin.program.radioFM)</onclick>-->
				<onclick condition="StringCompare(Skin.String(HomeButton3Value),RadioFM)">ActivateWindow(1113)</onclick>
				<onclick condition="StringCompare(Skin.String(HomeButton3Value),Pictures)">ActivateWindow(Pictures)</onclick>
				<onclick condition="StringCompare(Skin.String(HomeButton3Value),Albums)">ActivateWindow(Music,Albums)</onclick>
				<onclick condition="StringCompare(Skin.String(HomeButton3Value),Movies)">ActivateWindow(Videos,MovieTitles)</onclick>
				<onclick condition="StringCompare(Skin.String(HomeButton3Value),Musicvideos)">ActivateWindow(Videos,MusicVideoTitles)</onclick>
				<onclick condition="StringCompare(Skin.String(HomeButton3Value),Playlists)">ActivateWindow(Music,special://musicplaylists/)</onclick>
				<onclick condition="StringCompare(Skin.String(HomeButton3Value),Navigation)">RunPlugin(plugin://plugin.program.navigation)</onclick>
				<onclick condition="StringCompare(Skin.String(HomeButton3Value),Favourites)">ActivateWindow(Favourites)</onclick>
				<onclick condition="StringCompare(Skin.String(HomeButton3Value),Shutdown)">ActivateWindow(1998)</onclick>
				<onclick condition="StringCompare(Skin.String(HomeButton3Value),Settings)">ActivateWindow(Settings)</onclick>
				<onclick condition="StringCompare(Skin.String(HomeButton3Value),Programs)">ActivateWindow(Programs,addons://sources/executable/)</onclick>
				<onclick condition="StringCompare(Skin.String(HomeButton3Value),TVShows)">ActivateWindow(Videos,TvShowTitles)</onclick>
				<onclick condition="StringCompare(Skin.String(HomeButton3Value),LiveTV)">ActivateWindow(TVChannels)</onclick>
				<onclick condition="StringCompare(Skin.String(HomeButton3Value),LiveRadio)">ActivateWindow(RadioChannels)</onclick>
				<onup>8002</onup>
				<ondown>8004</ondown>
				<onright>8006</onright>
			</control>
			<control type="image">
				<description>Button 3 Custom Image</description>
				<posx>0</posx>
				<posy>0</posy>
				<width>782</width>
				<height>150</height>
				<texture diffuse="home_button_diffuse_3.png">$INFO[Skin.String(CustomBackgroundHome3)]</texture>
				<visible>Skin.HasSetting(UseCustomBackgroundHome3)</visible>
			</control>
			<control type="label">
				<description>Home Button 3 Text</description>
				<posx>145</posx>
				<posy>0</posy>
				<width>450</width>
				<height>150</height>
				<font>font_homebutton</font>
				<label>[COLOR selected]$VAR[HomeButtonValue3][/COLOR]</label>
				<align>left</align>
				<aligny>center</aligny>
			</control>
		</control>

		<control type="group">
			<include>Window_OpenClose_Animation_Slide_Left_Longest</include>
			<posx>-5</posx>
			<posy>687</posy>
			<include>VisibleFadeEffect</include>
			<control type="button" id="8004">
				<description>Button 4</description>
				<posx>0</posx>
				<posy>0</posy>
				<width>782</width>
				<height>150</height>
				<texturenofocus colordiffuse="selected">home_button_4.png</texturenofocus>
				<texturefocus colordiffuse="white">home_button_4.png</texturefocus>
				<!--<onclick condition="StringCompare(Skin.String(HomeButton4Value),RadioFM)">RunPlugin(plugin://plugin.program.radioFM)</onclick>-->
				<onclick condition="StringCompare(Skin.String(HomeButton4Value),RadioFM)">ActivateWindow(1113)</onclick>
				<onclick condition="StringCompare(Skin.String(HomeButton4Value),Pictures)">ActivateWindow(Pictures)</onclick>
				<onclick condition="StringCompare(Skin.String(HomeButton4Value),Albums)">ActivateWindow(Music,Albums)</onclick>
				<onclick condition="StringCompare(Skin.String(HomeButton4Value),Movies)">ActivateWindow(Videos,MovieTitles)</onclick>
				<onclick condition="StringCompare(Skin.String(HomeButton4Value),Musicvideos)">ActivateWindow(Videos,MusicVideoTitles)</onclick>
				<onclick condition="StringCompare(Skin.String(HomeButton4Value),Playlists)">ActivateWindow(Music,special://musicplaylists/)</onclick>
				<onclick condition="StringCompare(Skin.String(HomeButton4Value),Navigation)">RunPlugin(plugin://plugin.program.navigation)</onclick>
				<onclick condition="StringCompare(Skin.String(HomeButton4Value),Favourites)">ActivateWindow(Favourites)</onclick>
				<onclick condition="StringCompare(Skin.String(HomeButton4Value),Shutdown)">ActivateWindow(1998)</onclick>
				<onclick condition="StringCompare(Skin.String(HomeButton4Value),Settings)">ActivateWindow(Settings)</onclick>
				<onclick condition="StringCompare(Skin.String(HomeButton4Value),Programs)">ActivateWindow(Programs,addons://sources/executable/)</onclick>
				<onclick condition="StringCompare(Skin.String(HomeButton4Value),TVShows)">ActivateWindow(Videos,TvShowTitles)</onclick>
				<onclick condition="StringCompare(Skin.String(HomeButton4Value),LiveTV)">ActivateWindow(TVChannels)</onclick>
				<onclick condition="StringCompare(Skin.String(HomeButton4Value),LiveRadio)">ActivateWindow(RadioChannels)</onclick>
				<onup>8003</onup>
				<ondown>8005</ondown>
				<onleft>8001</onleft>
			</control>
			<control type="image">
				<description>Button 4 Custom Image</description>
				<posx>0</posx>
				<posy>0</posy>
				<width>782</width>
				<height>150</height>
				<texture diffuse="home_button_diffuse_4.png">$INFO[Skin.String(CustomBackgroundHome4)]</texture>
				<visible>Skin.HasSetting(UseCustomBackgroundHome4)</visible>
			</control>
			<control type="label">
				<description>Home Button 4 Text</description>
				<posx>145</posx>
				<posy>0</posy>
				<width>600</width>
				<height>150</height>
				<font>font_homebutton</font>
				<label>[COLOR selected]$VAR[HomeButtonValue4][/COLOR]</label>
				<align>left</align>
				<aligny>center</aligny>
			</control>
		</control>

		<control type="group">
			<include>Window_OpenClose_Animation_Slide_Right</include>
			<posx>929</posx>
			<posy>113</posy>
			<include>VisibleFadeEffect</include>
			<control type="button" id="8005">
				<description>Button 5</description>
				<posx>0</posx>
				<posy>0</posy>
				<width>782</width>
				<height>150</height>
				<texturenofocus colordiffuse="selected">home_button_5.png</texturenofocus>
				<texturefocus colordiffuse="white">home_button_5.png</texturefocus>
				<!--<onclick condition="StringCompare(Skin.String(HomeButton5Value),RadioFM)">RunPlugin(plugin://plugin.program.radioFM)</onclick>-->
				<onclick condition="StringCompare(Skin.String(HomeButton5Value),RadioFM)">ActivateWindow(1113)</onclick>
				<onclick condition="StringCompare(Skin.String(HomeButton5Value),Pictures)">ActivateWindow(Pictures)</onclick>
				<onclick condition="StringCompare(Skin.String(HomeButton5Value),Albums)">ActivateWindow(Music,Albums)</onclick>
				<onclick condition="StringCompare(Skin.String(HomeButton5Value),Movies)">ActivateWindow(Videos,MovieTitles)</onclick>
				<onclick condition="StringCompare(Skin.String(HomeButton5Value),Musicvideos)">ActivateWindow(Videos,MusicVideoTitles)</onclick>
				<onclick condition="StringCompare(Skin.String(HomeButton5Value),Playlists)">ActivateWindow(Music,special://musicplaylists/)</onclick>
				<onclick condition="StringCompare(Skin.String(HomeButton5Value),Navigation)">RunPlugin(plugin://plugin.program.navigation)</onclick>
				<onclick condition="StringCompare(Skin.String(HomeButton5Value),Favourites)">ActivateWindow(Favourites)</onclick>
				<onclick condition="StringCompare(Skin.String(HomeButton5Value),Shutdown)">ActivateWindow(1998)</onclick>
				<onclick condition="StringCompare(Skin.String(HomeButton5Value),Settings)">ActivateWindow(Settings)</onclick>
				<onclick condition="StringCompare(Skin.String(HomeButton5Value),Programs)">ActivateWindow(Programs,addons://sources/executable/)</onclick>
				<onclick condition="StringCompare(Skin.String(HomeButton5Value),TVShows)">ActivateWindow(Videos,TvShowTitles)</onclick>
				<onclick condition="StringCompare(Skin.String(HomeButton5Value),LiveTV)">ActivateWindow(TVChannels)</onclick>
				<onclick condition="StringCompare(Skin.String(HomeButton5Value),LiveRadio)">ActivateWindow(RadioChannels)</onclick>
				<onup>8004</onup>
				<ondown>8006</ondown>
				<onleft>8002</onleft>
			</control>
			<control type="image">
				<description>Button 5 Custom Image</description>
				<posx>0</posx>
				<posy>0</posy>
				<width>782</width>
				<height>150</height>
				<texture diffuse="home_button_diffuse_5.png">$INFO[Skin.String(CustomBackgroundHome5)]</texture>
				<visible>Skin.HasSetting(UseCustomBackgroundHome5)</visible>
			</control>
			<control type="label">
				<description>Home Button 5 Text</description>
				<posx>640</posx>
				<posy>0</posy>
				<width>600</width>
				<height>150</height>
				<font>font_homebutton</font>
				<label>[COLOR selected]$VAR[HomeButtonValue5][/COLOR]</label>
				<align>right</align>
				<aligny>center</aligny>
			</control>
		</control>

		<control type="group">
			<include>Window_OpenClose_Animation_Slide_Right_Long</include>
			<posx>929</posx>
			<posy>303</posy>
			<include>VisibleFadeEffect</include>
			<control type="button" id="8006">
				<description>Button 6</description>
				<posx>0</posx>
				<posy>0</posy>
				<width>782</width>
				<height>150</height>
				<texturenofocus colordiffuse="selected">home_button_6.png</texturenofocus>
				<texturefocus colordiffuse="white">home_button_6.png</texturefocus>
				<!--<onclick condition="StringCompare(Skin.String(HomeButton6Value),RadioFM)">RunPlugin(plugin://plugin.program.radioFM)</onclick>-->
				<onclick condition="StringCompare(Skin.String(HomeButton6Value),RadioFM)">ActivateWindow(1113)</onclick>
				<onclick condition="StringCompare(Skin.String(HomeButton6Value),Pictures)">ActivateWindow(Pictures)</onclick>
				<onclick condition="StringCompare(Skin.String(HomeButton6Value),Albums)">ActivateWindow(Music,Albums)</onclick>
				<onclick condition="StringCompare(Skin.String(HomeButton6Value),Movies)">ActivateWindow(Videos,MovieTitles)</onclick>
				<onclick condition="StringCompare(Skin.String(HomeButton6Value),Musicvideos)">ActivateWindow(Videos,MusicVideoTitles)</onclick>
				<onclick condition="StringCompare(Skin.String(HomeButton6Value),Playlists)">ActivateWindow(Music,special://musicplaylists/)</onclick>
				<onclick condition="StringCompare(Skin.String(HomeButton6Value),Navigation)">RunPlugin(plugin://plugin.program.navigation)</onclick>
				<onclick condition="StringCompare(Skin.String(HomeButton6Value),Favourites)">ActivateWindow(Favourites)</onclick>
				<onclick condition="StringCompare(Skin.String(HomeButton6Value),Shutdown)">ActivateWindow(1998)</onclick>
				<onclick condition="StringCompare(Skin.String(HomeButton6Value),Settings)">ActivateWindow(Settings)</onclick>
				<onclick condition="StringCompare(Skin.String(HomeButton6Value),Programs)">ActivateWindow(Programs,addons://sources/executable/)</onclick>
				<onclick condition="StringCompare(Skin.String(HomeButton6Value),TVShows)">ActivateWindow(Videos,TvShowTitles)</onclick>
				<onclick condition="StringCompare(Skin.String(HomeButton6Value),LiveTV)">ActivateWindow(TVChannels)</onclick>
				<onclick condition="StringCompare(Skin.String(HomeButton6Value),LiveRadio)">ActivateWindow(RadioChannels)</onclick>
				<onup>8005</onup>
				<ondown>9002</ondown>
				<onleft>8003</onleft>
			</control>
			<control type="image">
				<description>Button 6 Custom Image</description>
				<posx>0</posx>
				<posy>0</posy>
				<width>782</width>
				<height>150</height>
				<texture diffuse="home_button_diffuse_6.png">$INFO[Skin.String(CustomBackgroundHome6)]</texture>
				<visible>Skin.HasSetting(UseCustomBackgroundHome6)</visible>
			</control>
			<control type="label">
				<description>Home Button 6 Text</description>
				<posx>640</posx>
				<posy>0</posy>
				<width>450</width>
				<height>150</height>
				<font>font_homebutton</font>
				<label>[COLOR selected]$VAR[HomeButtonValue6][/COLOR]</label>
				<align>right</align>
				<aligny>center</aligny>
			</control>
		</control>

		<control type="group">
			<include>Window_OpenClose_Animation_Slide_Right_Longer</include>
			<posx>929</posx>
			<posy>497</posy>
			<include>VisibleFadeEffect</include>
			<control type="button" id="8006">
				<description>Button 7</description>
				<posx>0</posx>
				<posy>0</posy>
				<width>782</width>
				<height>150</height>
				<texturenofocus colordiffuse="selected">home_button_7.png</texturenofocus>
				<texturefocus colordiffuse="white">home_button_7.png</texturefocus>
				<!--<onclick condition="StringCompare(Skin.String(HomeButton7Value),RadioFM)">RunPlugin(plugin://plugin.program.radioFM)</onclick>-->
				<onclick condition="StringCompare(Skin.String(HomeButton7Value),RadioFM)">ActivateWindow(1113)</onclick>
				<onclick condition="StringCompare(Skin.String(HomeButton7Value),Pictures)">ActivateWindow(Pictures)</onclick>
				<onclick condition="StringCompare(Skin.String(HomeButton7Value),Albums)">ActivateWindow(Music,Albums)</onclick>
				<onclick condition="StringCompare(Skin.String(HomeButton7Value),Movies)">ActivateWindow(Videos,MovieTitles)</onclick>
				<onclick condition="StringCompare(Skin.String(HomeButton7Value),Musicvideos)">ActivateWindow(Videos,MusicVideoTitles)</onclick>
				<onclick condition="StringCompare(Skin.String(HomeButton7Value),Playlists)">ActivateWindow(Music,special://musicplaylists/)</onclick>
				<onclick condition="StringCompare(Skin.String(HomeButton7Value),Navigation)">RunPlugin(plugin://plugin.program.navigation)</onclick>
				<onclick condition="StringCompare(Skin.String(HomeButton7Value),Favourites)">ActivateWindow(Favourites)</onclick>
				<onclick condition="StringCompare(Skin.String(HomeButton7Value),Shutdown)">ActivateWindow(1998)</onclick>
				<onclick condition="StringCompare(Skin.String(HomeButton7Value),Settings)">ActivateWindow(Settings)</onclick>
				<onclick condition="StringCompare(Skin.String(HomeButton7Value),Programs)">ActivateWindow(Programs,addons://sources/executable/)</onclick>
				<onclick condition="StringCompare(Skin.String(HomeButton7Value),TVShows)">ActivateWindow(Videos,TvShowTitles)</onclick>
				<onclick condition="StringCompare(Skin.String(HomeButton7Value),LiveTV)">ActivateWindow(TVChannels)</onclick>
				<onclick condition="StringCompare(Skin.String(HomeButton7Value),LiveRadio)">ActivateWindow(RadioChannels)</onclick>
				<onup>8005</onup>
				<ondown>9002</ondown>
				<onleft>8003</onleft>
			</control>
			<control type="image">
				<description>Button 7 Custom Image</description>
				<posx>0</posx>
				<posy>0</posy>
				<width>782</width>
				<height>150</height>
				<texture diffuse="home_button_diffuse_7.png">$INFO[Skin.String(CustomBackgroundHome7)]</texture>
				<visible>Skin.HasSetting(UseCustomBackgroundHome7)</visible>
			</control>
			<control type="label">
				<description>Home Button 7 Text</description>
				<posx>640</posx>
				<posy>0</posy>
				<width>450</width>
				<height>150</height>
				<font>font_homebutton</font>
				<label>[COLOR selected]$VAR[HomeButtonValue7][/COLOR]</label>
				<align>right</align>
				<aligny>center</aligny>
			</control>
		</control>

		<control type="group">
			<include>Window_OpenClose_Animation_Slide_Right_Longest</include>
			<posx>929</posx>
			<posy>687</posy>
			<include>VisibleFadeEffect</include>
			<control type="button" id="8006">
				<description>Button 8</description>
				<posx>0</posx>
				<posy>0</posy>
				<width>782</width>
				<height>150</height>
				<texturenofocus colordiffuse="selected">home_button_8.png</texturenofocus>
				<texturefocus colordiffuse="white">home_button_8.png</texturefocus>
				<!--<onclick condition="StringCompare(Skin.String(HomeButton8Value),RadioFM)">RunPlugin(plugin://plugin.program.radioFM)</onclick>-->
				<onclick condition="StringCompare(Skin.String(HomeButton8Value),RadioFM)">ActivateWindow(1113)</onclick>
				<onclick condition="StringCompare(Skin.String(HomeButton8Value),Pictures)">ActivateWindow(Pictures)</onclick>
				<onclick condition="StringCompare(Skin.String(HomeButton8Value),Albums)">ActivateWindow(Music,Albums)</onclick>
				<onclick condition="StringCompare(Skin.String(HomeButton8Value),Movies)">ActivateWindow(Videos,MovieTitles)</onclick>
				<onclick condition="StringCompare(Skin.String(HomeButton8Value),Musicvideos)">ActivateWindow(Videos,MusicVideoTitles)</onclick>
				<onclick condition="StringCompare(Skin.String(HomeButton8Value),Playlists)">ActivateWindow(Music,special://musicplaylists/)</onclick>
				<onclick condition="StringCompare(Skin.String(HomeButton8Value),Navigation)">RunPlugin(plugin://plugin.program.navigation)</onclick>
				<onclick condition="StringCompare(Skin.String(HomeButton8Value),Favourites)">ActivateWindow(Favourites)</onclick>
				<onclick condition="StringCompare(Skin.String(HomeButton8Value),Shutdown)">ActivateWindow(1998)</onclick>
				<onclick condition="StringCompare(Skin.String(HomeButton8Value),Settings)">ActivateWindow(Settings)</onclick>
				<onclick condition="StringCompare(Skin.String(HomeButton8Value),Programs)">ActivateWindow(Programs,addons://sources/executable/)</onclick>
				<onclick condition="StringCompare(Skin.String(HomeButton8Value),TVShows)">ActivateWindow(Videos,TvShowTitles)</onclick>
				<onclick condition="StringCompare(Skin.String(HomeButton8Value),LiveTV)">ActivateWindow(TVChannels)</onclick>
				<onclick condition="StringCompare(Skin.String(HomeButton8Value),LiveRadio)">ActivateWindow(RadioChannels)</onclick>
				<onup>8005</onup>
				<ondown>9002</ondown>
				<onleft>8003</onleft>
			</control>
			<control type="image">
				<description>Button 8 Custom Image</description>
				<posx>0</posx>
				<posy>0</posy>
				<width>782</width>
				<height>150</height>
				<texture diffuse="home_button_diffuse_8.png">$INFO[Skin.String(CustomBackgroundHome8)]</texture>
				<visible>Skin.HasSetting(UseCustomBackgroundHome8)</visible>
			</control>
			<control type="label">
				<description>Home Button 8 Text</description>
				<posx>640</posx>
				<posy>0</posy>
				<width>600</width>
				<height>150</height>
				<font>font_homebutton</font>
				<label>[COLOR selected]$VAR[HomeButtonValue8][/COLOR]</label>
				<align>right</align>
				<aligny>center</aligny>
			</control>
		</control>
	    </control>
	</include>

	<include name="HomeButtons_x6">
	    <control type="group">
		<visible>Skin.HasSetting(Use6ButtonLayout)</visible>
		<control type="group">
			<include>Window_OpenClose_Animation_Slide_Left</include>
			<posx>-5</posx>
			<posy>173</posy>
			<visible>true</visible>
			<include>VisibleFadeEffect</include>
			<control type="button" id="8001">
				<description>Button 1</description>
				<posx>0</posx>
				<posy>0</posy>
				<width>782</width>
				<height>170</height>
				<texturenofocus colordiffuse="selected">6buttons/home_button_1.png</texturenofocus>
				<texturefocus colordiffuse="white">6buttons/home_button_1.png</texturefocus>
				<!--<onclick condition="StringCompare(Skin.String(HomeButton1Value),RadioFM)">RunPlugin(plugin://plugin.program.radioFM)</onclick>-->
				<onclick condition="StringCompare(Skin.String(HomeButton1Value),RadioFM)">ActivateWindow(1113)</onclick>
				<onclick condition="StringCompare(Skin.String(HomeButton1Value),Pictures)">ActivateWindow(Pictures)</onclick>
				<onclick condition="StringCompare(Skin.String(HomeButton1Value),Albums)">ActivateWindow(Music,Albums)</onclick>
				<onclick condition="StringCompare(Skin.String(HomeButton1Value),Movies)">ActivateWindow(Videos,MovieTitles)</onclick>
				<onclick condition="StringCompare(Skin.String(HomeButton1Value),Musicvideos)">ActivateWindow(Videos,MusicVideoTitles)</onclick>
				<onclick condition="StringCompare(Skin.String(HomeButton1Value),Playlists)">ActivateWindow(Music,special://musicplaylists/)</onclick>
				<onclick condition="StringCompare(Skin.String(HomeButton1Value),Navigation)">RunPlugin(plugin://plugin.program.navigation)</onclick>
				<onclick condition="StringCompare(Skin.String(HomeButton1Value),Favourites)">ActivateWindow(Favourites)</onclick>
				<onclick condition="StringCompare(Skin.String(HomeButton1Value),Shutdown)">ActivateWindow(1998)</onclick>
				<onclick condition="StringCompare(Skin.String(HomeButton1Value),Settings)">ActivateWindow(Settings)</onclick>
				<onclick condition="StringCompare(Skin.String(HomeButton1Value),Programs)">ActivateWindow(Programs,addons://sources/executable/)</onclick>
				<onclick condition="StringCompare(Skin.String(HomeButton1Value),TVShows)">ActivateWindow(Videos,TvShowTitles)</onclick>
				<onclick condition="StringCompare(Skin.String(HomeButton1Value),LiveTV)">ActivateWindow(TVChannels)</onclick>
				<onclick condition="StringCompare(Skin.String(HomeButton1Value),LiveRadio)">ActivateWindow(RadioChannels)</onclick>
				<onup>9002</onup>
				<ondown>8002</ondown>
				<onright>8004</onright>
			</control>
			<control type="image">
				<description>Button 1 Custom Image</description>
				<posx>0</posx>
				<posy>0</posy>
				<width>782</width>
				<height>170</height>
				<texture diffuse="6buttons/home_button_diffuse_1.png">$INFO[Skin.String(CustomBackgroundHome1)]</texture>
				<visible>Skin.HasSetting(UseCustomBackgroundHome1)</visible>
			</control>
			<control type="label">
				<description>Home Button 1 Text</description>
				<posx>145</posx>
				<posy>0</posy>
				<width>600</width>
				<height>170</height>
				<font>font_homebutton</font>
				<label>[COLOR selected]$VAR[HomeButtonValue1][/COLOR]</label>
				<align>left</align>
				<aligny>center</aligny>
			</control>
		</control>

		<control type="group">
			<include>Window_OpenClose_Animation_Slide_Left_Long</include>
			<posx>-5</posx>
			<posy>390</posy>
			<include>VisibleFadeEffect</include>
			<control type="button" id="8002">
				<description>Button 2</description>
				<posx>0</posx>
				<posy>0</posy>
				<width>782</width>
				<height>170</height>
				<texturenofocus colordiffuse="selected">6buttons/home_button_2.png</texturenofocus>
				<texturefocus colordiffuse="white">6buttons/home_button_2.png</texturefocus>
				<!--<onclick condition="StringCompare(Skin.String(HomeButton2Value),RadioFM)">RunPlugin(plugin://plugin.program.radioFM)</onclick>-->
				<onclick condition="StringCompare(Skin.String(HomeButton2Value),RadioFM)">ActivateWindow(1113)</onclick>
				<onclick condition="StringCompare(Skin.String(HomeButton2Value),Pictures)">ActivateWindow(Pictures)</onclick>
				<onclick condition="StringCompare(Skin.String(HomeButton2Value),Albums)">ActivateWindow(Music,Albums)</onclick>
				<onclick condition="StringCompare(Skin.String(HomeButton2Value),Movies)">ActivateWindow(Videos,MovieTitles)</onclick>
				<onclick condition="StringCompare(Skin.String(HomeButton2Value),Musicvideos)">ActivateWindow(Videos,MusicVideoTitles)</onclick>
				<onclick condition="StringCompare(Skin.String(HomeButton2Value),Playlists)">ActivateWindow(Music,special://musicplaylists/)</onclick>
				<onclick condition="StringCompare(Skin.String(HomeButton2Value),Navigation)">RunPlugin(plugin://plugin.program.navigation)</onclick>
				<onclick condition="StringCompare(Skin.String(HomeButton2Value),Favourites)">ActivateWindow(Favourites)</onclick>
				<onclick condition="StringCompare(Skin.String(HomeButton2Value),Shutdown)">ActivateWindow(1998)</onclick>
				<onclick condition="StringCompare(Skin.String(HomeButton2Value),Settings)">ActivateWindow(Settings)</onclick>
				<onclick condition="StringCompare(Skin.String(HomeButton2Value),Programs)">ActivateWindow(Programs,addons://sources/executable/)</onclick>
				<onclick condition="StringCompare(Skin.String(HomeButton2Value),TVShows)">ActivateWindow(Videos,TvShowTitles)</onclick>
				<onclick condition="StringCompare(Skin.String(HomeButton2Value),LiveTV)">ActivateWindow(TVChannels)</onclick>
				<onclick condition="StringCompare(Skin.String(HomeButton2Value),LiveRadio)">ActivateWindow(RadioChannels)</onclick>
				<onup>8001</onup>
				<ondown>8003</ondown>
				<onright>8005</onright>
			</control>
			<control type="image">
				<description>Button 2 Custom Image</description>
				<posx>0</posx>
				<posy>0</posy>
				<width>782</width>
				<height>170</height>
				<texture diffuse="6buttons/home_button_diffuse_2.png">$INFO[Skin.String(CustomBackgroundHome2)]</texture>
				<visible>Skin.HasSetting(UseCustomBackgroundHome2)</visible>
			</control>
			<control type="label">
				<description>Home Button 2 Text</description>
				<posx>145</posx>
				<posy>0</posy>
				<width>450</width>
				<height>170</height>
				<font>font_homebutton</font>
				<label>[COLOR selected]$VAR[HomeButtonValue2][/COLOR]</label>
				<align>left</align>
				<aligny>center</aligny>
			</control>
		</control>

		<control type="group">
			<include>Window_OpenClose_Animation_Slide_Left_Longer</include>
			<posx>-5</posx>
			<posy>607</posy>
			<include>VisibleFadeEffect</include>
			<control type="button" id="8003">
				<description>Button 3</description>
				<posx>0</posx>
				<posy>0</posy>
				<width>782</width>
				<height>170</height>
				<texturenofocus colordiffuse="selected">6buttons/home_button_3.png</texturenofocus>
				<texturefocus colordiffuse="white">6buttons/home_button_3.png</texturefocus>
				<!--<onclick condition="StringCompare(Skin.String(HomeButton3Value),RadioFM)">RunPlugin(plugin://plugin.program.radioFM)</onclick>-->
				<onclick condition="StringCompare(Skin.String(HomeButton3Value),RadioFM)">ActivateWindow(1113)</onclick>
				<onclick condition="StringCompare(Skin.String(HomeButton3Value),Pictures)">ActivateWindow(Pictures)</onclick>
				<onclick condition="StringCompare(Skin.String(HomeButton3Value),Albums)">ActivateWindow(Music,Albums)</onclick>
				<onclick condition="StringCompare(Skin.String(HomeButton3Value),Movies)">ActivateWindow(Videos,MovieTitles)</onclick>
				<onclick condition="StringCompare(Skin.String(HomeButton3Value),Musicvideos)">ActivateWindow(Videos,MusicVideoTitles)</onclick>
				<onclick condition="StringCompare(Skin.String(HomeButton3Value),Playlists)">ActivateWindow(Music,special://musicplaylists/)</onclick>
				<onclick condition="StringCompare(Skin.String(HomeButton3Value),Navigation)">RunPlugin(plugin://plugin.program.navigation)</onclick>
				<onclick condition="StringCompare(Skin.String(HomeButton3Value),Favourites)">ActivateWindow(Favourites)</onclick>
				<onclick condition="StringCompare(Skin.String(HomeButton3Value),Shutdown)">ActivateWindow(1998)</onclick>
				<onclick condition="StringCompare(Skin.String(HomeButton3Value),Settings)">ActivateWindow(Settings)</onclick>
				<onclick condition="StringCompare(Skin.String(HomeButton3Value),Programs)">ActivateWindow(Programs,addons://sources/executable/)</onclick>
				<onclick condition="StringCompare(Skin.String(HomeButton3Value),TVShows)">ActivateWindow(Videos,TvShowTitles)</onclick>
				<onclick condition="StringCompare(Skin.String(HomeButton3Value),LiveTV)">ActivateWindow(TVChannels)</onclick>
				<onclick condition="StringCompare(Skin.String(HomeButton3Value),LiveRadio)">ActivateWindow(RadioChannels)</onclick>
				<onup>8002</onup>
				<ondown>8004</ondown>
				<onright>8006</onright>
			</control>
			<control type="image">
				<description>Button 3 Custom Image</description>
				<posx>0</posx>
				<posy>0</posy>
				<width>782</width>
				<height>170</height>
				<texture diffuse="6buttons/home_button_diffuse_3.png">$INFO[Skin.String(CustomBackgroundHome3)]</texture>
				<visible>Skin.HasSetting(UseCustomBackgroundHome3)</visible>
			</control>
			<control type="label">
				<description>Home Button 3 Text</description>
				<posx>145</posx>
				<posy>0</posy>
				<width>450</width>
				<height>170</height>
				<font>font_homebutton</font>
				<label>[COLOR selected]$VAR[HomeButtonValue3][/COLOR]</label>
				<align>left</align>
				<aligny>center</aligny>
			</control>
		</control>

		<control type="group">
			<include>Window_OpenClose_Animation_Slide_Right</include>
			<posx>929</posx>
			<posy>173</posy>
			<include>VisibleFadeEffect</include>
			<control type="button" id="8004">
				<description>Button 4</description>
				<posx>0</posx>
				<posy>0</posy>
				<width>782</width>
				<height>170</height>
				<texturenofocus colordiffuse="selected">6buttons/home_button_4.png</texturenofocus>
				<texturefocus colordiffuse="white">6buttons/home_button_4.png</texturefocus>
				<!--<onclick condition="StringCompare(Skin.String(HomeButton4Value),RadioFM)">RunPlugin(plugin://plugin.program.radioFM)</onclick>-->
				<onclick condition="StringCompare(Skin.String(HomeButton4Value),RadioFM)">ActivateWindow(1113)</onclick>
				<onclick condition="StringCompare(Skin.String(HomeButton4Value),Pictures)">ActivateWindow(Pictures)</onclick>
				<onclick condition="StringCompare(Skin.String(HomeButton4Value),Albums)">ActivateWindow(Music,Albums)</onclick>
				<onclick condition="StringCompare(Skin.String(HomeButton4Value),Movies)">ActivateWindow(Videos,MovieTitles)</onclick>
				<onclick condition="StringCompare(Skin.String(HomeButton4Value),Musicvideos)">ActivateWindow(Videos,MusicVideoTitles)</onclick>
				<onclick condition="StringCompare(Skin.String(HomeButton4Value),Playlists)">ActivateWindow(Music,special://musicplaylists/)</onclick>
				<onclick condition="StringCompare(Skin.String(HomeButton4Value),Navigation)">RunPlugin(plugin://plugin.program.navigation)</onclick>
				<onclick condition="StringCompare(Skin.String(HomeButton4Value),Favourites)">ActivateWindow(Favourites)</onclick>
				<onclick condition="StringCompare(Skin.String(HomeButton4Value),Shutdown)">ActivateWindow(1998)</onclick>
				<onclick condition="StringCompare(Skin.String(HomeButton4Value),Settings)">ActivateWindow(Settings)</onclick>
				<onclick condition="StringCompare(Skin.String(HomeButton4Value),Programs)">ActivateWindow(Programs,addons://sources/executable/)</onclick>
				<onclick condition="StringCompare(Skin.String(HomeButton4Value),TVShows)">ActivateWindow(Videos,TvShowTitles)</onclick>
				<onclick condition="StringCompare(Skin.String(HomeButton4Value),LiveTV)">ActivateWindow(TVChannels)</onclick>
				<onclick condition="StringCompare(Skin.String(HomeButton4Value),LiveRadio)">ActivateWindow(RadioChannels)</onclick>
				<onup>8003</onup>
				<ondown>8005</ondown>
				<onleft>8001</onleft>
			</control>
			<control type="image">
				<description>Button 4 Custom Image</description>
				<posx>0</posx>
				<posy>0</posy>
				<width>782</width>
				<height>170</height>
				<texture diffuse="6buttons/home_button_diffuse_4.png">$INFO[Skin.String(CustomBackgroundHome4)]</texture>
				<visible>Skin.HasSetting(UseCustomBackgroundHome4)</visible>
			</control>
			<control type="label">
				<description>Home Button 4 Text</description>
				<posx>640</posx>
				<posy>0</posy>
				<width>450</width>
				<height>170</height>
				<font>font_homebutton</font>
				<label>[COLOR selected]$VAR[HomeButtonValue4][/COLOR]</label>
				<align>right</align>
				<aligny>center</aligny>
			</control>
		</control>

		<control type="group">
			<include>Window_OpenClose_Animation_Slide_Right_Long</include>
			<posx>929</posx>
			<posy>390</posy>
			<include>VisibleFadeEffect</include>
			<control type="button" id="8005">
				<description>Button 5</description>
				<posx>0</posx>
				<posy>0</posy>
				<width>782</width>
				<height>170</height>
				<texturenofocus colordiffuse="selected">6buttons/home_button_5.png</texturenofocus>
				<texturefocus colordiffuse="white">6buttons/home_button_5.png</texturefocus>
				<!--<onclick condition="StringCompare(Skin.String(HomeButton5Value),RadioFM)">RunPlugin(plugin://plugin.program.radioFM)</onclick>-->
				<onclick condition="StringCompare(Skin.String(HomeButton5Value),RadioFM)">ActivateWindow(1113)</onclick>
				<onclick condition="StringCompare(Skin.String(HomeButton5Value),Pictures)">ActivateWindow(Pictures)</onclick>
				<onclick condition="StringCompare(Skin.String(HomeButton5Value),Albums)">ActivateWindow(Music,Albums)</onclick>
				<onclick condition="StringCompare(Skin.String(HomeButton5Value),Movies)">ActivateWindow(Videos,MovieTitles)</onclick>
				<onclick condition="StringCompare(Skin.String(HomeButton5Value),Musicvideos)">ActivateWindow(Videos,MusicVideoTitles)</onclick>
				<onclick condition="StringCompare(Skin.String(HomeButton5Value),Playlists)">ActivateWindow(Music,special://musicplaylists/)</onclick>
				<onclick condition="StringCompare(Skin.String(HomeButton5Value),Navigation)">RunPlugin(plugin://plugin.program.navigation)</onclick>
				<onclick condition="StringCompare(Skin.String(HomeButton5Value),Favourites)">ActivateWindow(Favourites)</onclick>
				<onclick condition="StringCompare(Skin.String(HomeButton5Value),Shutdown)">ActivateWindow(1998)</onclick>
				<onclick condition="StringCompare(Skin.String(HomeButton5Value),Settings)">ActivateWindow(Settings)</onclick>
				<onclick condition="StringCompare(Skin.String(HomeButton5Value),Programs)">ActivateWindow(Programs,addons://sources/executable/)</onclick>
				<onclick condition="StringCompare(Skin.String(HomeButton5Value),TVShows)">ActivateWindow(Videos,TvShowTitles)</onclick>
				<onclick condition="StringCompare(Skin.String(HomeButton5Value),LiveTV)">ActivateWindow(TVChannels)</onclick>
				<onclick condition="StringCompare(Skin.String(HomeButton5Value),LiveRadio)">ActivateWindow(RadioChannels)</onclick>
				<onup>8004</onup>
				<ondown>8006</ondown>
				<onleft>8002</onleft>
			</control>
			<control type="image">
				<description>Button 5 Custom Image</description>
				<posx>0</posx>
				<posy>0</posy>
				<width>782</width>
				<height>170</height>
				<texture diffuse="6buttons/home_button_diffuse_5.png">$INFO[Skin.String(CustomBackgroundHome5)]</texture>
				<visible>Skin.HasSetting(UseCustomBackgroundHome5)</visible>
			</control>
			<control type="label">
				<description>Home Button 5 Text</description>
				<posx>640</posx>
				<posy>0</posy>
				<width>600</width>
				<height>170</height>
				<font>font_homebutton</font>
				<label>[COLOR selected]$VAR[HomeButtonValue5][/COLOR]</label>
				<align>right</align>
				<aligny>center</aligny>
			</control>
		</control>

		<control type="group">
			<include>Window_OpenClose_Animation_Slide_Right_Longer</include>
			<posx>929</posx>
			<posy>607</posy>
			<include>VisibleFadeEffect</include>
			<control type="button" id="8006">
				<description>Button 6</description>
				<posx>0</posx>
				<posy>0</posy>
				<width>782</width>
				<height>170</height>
				<texturenofocus colordiffuse="selected">6buttons/home_button_6.png</texturenofocus>
				<texturefocus colordiffuse="white">6buttons/home_button_6.png</texturefocus>
				<!--<onclick condition="StringCompare(Skin.String(HomeButton6Value),RadioFM)">RunPlugin(plugin://plugin.program.radioFM)</onclick>-->
				<onclick condition="StringCompare(Skin.String(HomeButton6Value),RadioFM)">ActivateWindow(1113)</onclick>
				<onclick condition="StringCompare(Skin.String(HomeButton6Value),Pictures)">ActivateWindow(Pictures)</onclick>
				<onclick condition="StringCompare(Skin.String(HomeButton6Value),Albums)">ActivateWindow(Music,Albums)</onclick>
				<onclick condition="StringCompare(Skin.String(HomeButton6Value),Movies)">ActivateWindow(Videos,MovieTitles)</onclick>
				<onclick condition="StringCompare(Skin.String(HomeButton6Value),Musicvideos)">ActivateWindow(Videos,MusicVideoTitles)</onclick>
				<onclick condition="StringCompare(Skin.String(HomeButton6Value),Playlists)">ActivateWindow(Music,special://musicplaylists/)</onclick>
				<onclick condition="StringCompare(Skin.String(HomeButton6Value),Navigation)">RunPlugin(plugin://plugin.program.navigation)</onclick>
				<onclick condition="StringCompare(Skin.String(HomeButton6Value),Favourites)">ActivateWindow(Favourites)</onclick>
				<onclick condition="StringCompare(Skin.String(HomeButton6Value),Shutdown)">ActivateWindow(1998)</onclick>
				<onclick condition="StringCompare(Skin.String(HomeButton6Value),Settings)">ActivateWindow(Settings)</onclick>
				<onclick condition="StringCompare(Skin.String(HomeButton6Value),Programs)">ActivateWindow(Programs,addons://sources/executable/)</onclick>
				<onclick condition="StringCompare(Skin.String(HomeButton6Value),TVShows)">ActivateWindow(Videos,TvShowTitles)</onclick>
				<onclick condition="StringCompare(Skin.String(HomeButton6Value),LiveTV)">ActivateWindow(TVChannels)</onclick>
				<onclick condition="StringCompare(Skin.String(HomeButton6Value),LiveRadio)">ActivateWindow(RadioChannels)</onclick>
				<onup>8005</onup>
				<ondown>9002</ondown>
				<onleft>8003</onleft>
			</control>
			<control type="image">
				<description>Button 6 Custom Image</description>
				<posx>0</posx>
				<posy>0</posy>
				<width>782</width>
				<height>170</height>
				<texture diffuse="6buttons/home_button_diffuse_6.png">$INFO[Skin.String(CustomBackgroundHome6)]</texture>
				<visible>Skin.HasSetting(UseCustomBackgroundHome6)</visible>
			</control>
			<control type="label">
				<description>Home Button 6 Text</description>
				<posx>640</posx>
				<posy>0</posy>
				<width>450</width>
				<height>170</height>
				<font>font_homebutton</font>
				<label>[COLOR selected]$VAR[HomeButtonValue6][/COLOR]</label>
				<align>right</align>
				<aligny>center</aligny>
			</control>
		</control>
	    </control>
	</include>

	<include name="QuickMenuL">
		<control type="panel" id="9003">
			<include>Window_OpenClose_Animation_Slide_Up</include>
			<posx>30</posx>
			<posy>75r</posy>
			<width>500</width>
			<height>120</height>
			<onleft>9002</onleft>
			<onright>9002</onright>
			<onup>9001</onup>
			<ondown>20</ondown>
			<pagecontrol></pagecontrol>
			<scrolltime>300</scrolltime>
			<orientation>Horizontal</orientation>
			<itemlayout height="75" width="110">
				<control type="image">
					<posx>0</posx>
					<posy>0</posy>
					<width>80</width>
					<height>75</height>
					<texture>button_nofocus.png</texture>
				</control>
				<control type="image">
					<posx>-5</posx>
					<posy>-5</posy>
					<width>90</width>
					<height>90</height>
					<bordersize>12</bordersize>
					<texture colordiffuse="white">$INFO[ListItem.Icon]</texture>
					<aspectratio>keep</aspectratio>
				</control>
			</itemlayout>
			<focusedlayout height="75" width="110">
				<control type="image">
					<posx>0</posx>
					<posy>0</posy>
					<width>80</width>
					<height>75</height>
					<texture>list_focus.png</texture>
				</control>
				<control type="image">
					<posx>-5</posx>
					<posy>-5</posy>
					<width>90</width>
					<height>90</height>
					<bordersize>12</bordersize>
					<texture colordiffuse="white">$INFO[ListItem.Icon]</texture>
					<aspectratio>keep</aspectratio>
				</control>
			</focusedlayout>
			<content>
				<item>
					<onclick>ActivateWindow(Settings)</onclick>
					<icon>icon_settings_w.png</icon>
					<visible>Window.IsVisible(home)</visible>
					<visible>Skin.HasSetting(ShowQuickButtonSettingsL)</visible>
				</item>
				<item>
					<onclick>ActivateWindow(Filemanager)</onclick>
					<icon>icon_filemanager_w.png</icon>
					<visible>Window.IsVisible(home)</visible>
					<visible>Skin.HasSetting(ShowQuickButtonFileManagerL)</visible>
				</item>
				<item>
					<onclick>RunPlugin(plugin://plugin.program.usbmanager)</onclick>
					<icon>icon_usb_w.png</icon>
    				<visible>Window.IsVisible(home)</visible>
					<visible>System.HasAddon(plugin.program.usbmanager)</visible>
			        <visible>Skin.HasSetting(ShowQuickButtonUSBManagerL)</visible>
				</item>
				<item>
					<onclick>RunPlugin(plugin://plugin.program.wifimanager)</onclick>
					<icon>icon_wifimanager_w.png</icon>
    				<visible>Window.IsVisible(home)</visible>
					<visible>System.HasAddon(plugin.program.wifimanager)</visible>
			        <visible>Skin.HasSetting(ShowQuickButtonWifiManagerL)</visible>
				</item>
				<item>
					<onclick>RunPlugin(plugin://plugin.program.pidash)</onclick>
					<icon>icon_pidash_w.png</icon>
					<visible>Window.IsVisible(home)</visible>
					<visible>System.HasAddon(plugin.program.pidash)</visible>
					<visible>Skin.HasSetting(ShowQuickButtonPiDashL)</visible>
				</item>
				<item>
					<onclick>RunPlugin(plugin://plugin.program.piwire)</onclick>
					<icon>icon_piwire_w.png</icon>
					<visible>Window.IsVisible(home)</visible>
					<visible>System.HasAddon(plugin.program.piwire)</visible>
					<visible>Skin.HasSetting(ShowQuickButtonPiWireL)</visible>
				</item>
				<item>
					<onclick>ActivateWindow(Programs,addons://sources/executable/)</onclick>
					<icon>icon_keypad.png</icon>
					<visible>!Skin.HasSetting(ShowQuickButtonProgramsL)</visible>
				</item>
			</content>
		</control>
	</include>

	<include name="QuickMenuR">
		<control type="panel" id="9004">
			<include>Window_OpenClose_Animation_Slide_Up</include>
			<animation effect="fade" start="100" end="0" time="300" condition="Window.Next(Home)">WindowClose</animation>
			<animation effect="fade" end="100" start="0" time="300" condition="Window.Previous(Home)">WindowOpen</animation>
			<animation effect="slide" start="0,0" end="120,0" time="0" condition="String.IsEqual(Container(9004).NumItems,5)">conditional</animation>
			<animation effect="slide" start="0,0" end="254,0" time="0" condition="String.IsEqual(Container(9004).NumItems,4)">conditional</animation>
			<animation effect="slide" start="0,0" end="365,0" time="0" condition="String.IsEqual(Container(9004).NumItems,3)">conditional</animation>
			<animation effect="slide" start="0,0" end="475,0" time="0" condition="String.IsEqual(Container(9004).NumItems,2)">conditional</animation>
			<animation effect="slide" start="0,0" end="585,0" time="0" condition="String.IsEqual(Container(9004).NumItems,1)">conditional</animation>
			<posx>695r</posx>
			<posy>75r</posy>
			<width>500</width>
			<height>120</height>
			<onleft>9002</onleft>
			<onright>9002</onright>
			<onup>9001</onup>
			<ondown>20</ondown>
			<pagecontrol></pagecontrol>
			<scrolltime>300</scrolltime>
			<orientation>Horizontal</orientation>
			<itemlayout height="75" width="110">
				<control type="image">
					<posx>0</posx>
					<posy>0</posy>
					<width>80</width>
					<height>75</height>
					<texture>button_nofocus.png</texture>
				</control>
				<control type="image">
					<posx>-5</posx>
					<posy>-5</posy>
					<width>90</width>
					<height>90</height>
					<bordersize>12</bordersize>
					<texture>$INFO[ListItem.Icon]</texture>
					<aspectratio>keep</aspectratio>
				</control>
			</itemlayout>
			<focusedlayout height="75" width="110">
				<control type="image">
					<posx>0</posx>
					<posy>0</posy>
					<width>80</width>
					<height>75</height>
					<texture>list_focus.png</texture>
				</control>
				<control type="image">
					<posx>-5</posx>
					<posy>-5</posy>
					<width>90</width>
					<height>90</height>
					<bordersize>12</bordersize>
					<texture>$INFO[ListItem.Icon]</texture>
					<aspectratio>keep</aspectratio>
				</control>
			</focusedlayout>
			<content>
				<item>
					<onclick>ActivateWindow(Programs,addons://sources/executable/)</onclick>
					<icon>icon_keypad.png</icon>
					<visible>Skin.HasSetting(ShowQuickButtonProgramsR)</visible>
				</item>
				<item>
					<onclick>RunPlugin(plugin://plugin.program.piwire)</onclick>
					<icon>icon_piwire_w.png</icon>
					<visible>Window.IsVisible(home)</visible>
					<visible>System.HasAddon(plugin.program.piwire)</visible>
					<visible>Skin.HasSetting(ShowQuickButtonPiWireR)</visible>
				</item>
				<item>
					<onclick>RunPlugin(plugin://plugin.program.pidash)</onclick>
					<icon>icon_pidash_w.png</icon>
					<visible>Window.IsVisible(home)</visible>
					<visible>System.HasAddon(plugin.program.pidash)</visible>
					<visible>Skin.HasSetting(ShowQuickButtonPiDashR)</visible>
				</item>
				<item>
					<onclick>RunPlugin(plugin://plugin.program.wifimanager)</onclick>
					<icon>icon_wifimanager_w.png</icon>
    				<visible>Window.IsVisible(home)</visible>
					<visible>System.HasAddon(plugin.program.wifimanager)</visible>
			        <visible>Skin.HasSetting(ShowQuickButtonWifiManagerR)</visible>
				</item>
				<item>
					<onclick>RunPlugin(plugin://plugin.program.usbmanager)</onclick>
					<icon>icon_usb_w.png</icon>
    				<visible>!Player.HasVideo + !Player.HasAudio + Window.IsVisible(home)</visible>
    				<visible>Window.IsVisible(home)</visible>
					<visible>System.HasAddon(plugin.program.usbmanager)</visible>
			        <visible>Skin.HasSetting(ShowQuickButtonUSBManagerR)</visible>
				</item>
				<item>
					<onclick>ActivateWindow(Filemanager)</onclick>
					<icon>icon_filemanager_w.png</icon>
					<visible>Window.IsVisible(home)</visible>
					<visible>Skin.HasSetting(ShowQuickButtonFileManagerR)</visible>
				</item>
				<item>
					<onclick>ActivateWindow(Settings)</onclick>
					<icon>icon_settings_w.png</icon>
					<visible>Window.IsVisible(home)</visible>
					<visible>!Skin.HasSetting(ShowQuickButtonSettingsR)</visible>
				</item>
			</content>
		</control>
	</include>	

</includes>

