<?xml version="1.0" encoding="UTF-8"?>
<window>
	<defaultcontrol always="true">450</defaultcontrol>
	<onunload condition="Window.IsVisible(1124) + !Window.IsVisible(contextmenu)">Back</onunload>
	<controls>
		<include>CommonBackground</include>
		<include>SideMenu</include>
		<include>Header</include>
		<include>CommonNowPlaying</include>
		<include>Footer</include>
		<control type="label">
			<include>Window_OpenClose_Animation_Slide_Up</include>
			<description>Window label</description>
			<include>MediaWindowTitleCommons</include>
			<label>$LOCALIZE[1036]</label>
		</control>

		<control type="image">
			<posx>120</posx>
			<posy>130</posy>
			<width>1500</width>
			<height>700</height>
			<texture>panel.png</texture>
			<include>Window_OpenClose_Animation_Zoom</include>
		</control>

		<control type="list" id="450">
			<posx>120</posx>
			<posy>130</posy>
			<width>1500</width>
			<height>700</height>
			<onup>450</onup>
			<onleft>450</onleft>
			<onright>450</onright>
			<ondown>450</ondown>
			<pagecontrol>60</pagecontrol>
			<scrolltime>200</scrolltime>
			<include>Window_OpenClose_Animation_Zoom</include>
			<itemlayout width="1400" height="100">
				<control type="image">
					<posx>0</posx>
					<posy>0</posy>
					<width>1500</width>
					<height>100</height>
					<texture border="40,0,40,5">list_nofocus.png</texture>
				</control>
				<control type="image">
					<posx>4</posx>
					<posy>4</posy>
					<width>92</width>
					<height>92</height>
					<aspectratio align="right">keep</aspectratio>
					<texture>$INFO[ListItem.Icon]</texture>
				</control>
				<control type="label">
					<posx>105</posx>
					<posy>0</posy>
					<width>1350</width>
					<height>100</height>
					<font>font30</font>
					<align>left</align>
					<aligny>center</aligny>
					<selectedcolor>selected</selectedcolor>
					<label>$INFO[ListItem.Label]</label>
				</control>
			</itemlayout>
			<focusedlayout width="1400" height="100">
				<control type="image">
					<posx>0</posx>
					<posy>0</posy>
					<width>1500</width>
					<height>100</height>
					<texture>list_focus.png</texture>
				</control>
				<control type="image">
					<posx>4</posx>
					<posy>4</posy>
					<width>92</width>
					<height>92</height>
					<aspectratio align="right">keep</aspectratio>
					<texture>$INFO[ListItem.Icon]</texture>
				</control>
				<control type="label">
					<posx>105</posx>
					<posy>0</posy>
					<width>1350</width>
					<height>100</height>
					<font>font30</font>
					<align>left</align>
					<aligny>center</aligny>
					<selectedcolor>selected</selectedcolor>
					<label>$INFO[ListItem.Label]</label>
				</control>
			</focusedlayout>
		</control>

		<control type="scrollbar" id="60">
			<include>Window_OpenClose_Animation_Slide_Right</include>
			<posx>74r</posx>
			<posy>80</posy>
			<width>74</width>
			<height>778</height>
			<texturesliderbackground colordiffuse="30FFFFFF">white.png</texturesliderbackground>
			<texturesliderbar colordiffuse="grey">white.png</texturesliderbar>
			<texturesliderbarfocus colordiffuse="blue">white.png</texturesliderbarfocus>
			<textureslidernib>blank.png</textureslidernib>
			<textureslidernibfocus>blank.png</textureslidernibfocus>
			<onleft>3</onleft>
			<onright>3</onright>
			<ondown>60</ondown>
			<onup>60</onup>
			<showonepage>false</showonepage>
			<orientation>vertical</orientation>
			<animation effect="fade" time="150">Visible</animation>
			<animation effect="fade" time="150">Hidden</animation>
		</control>

		<include>BottomMenu</include>
		<include>NightMode</include>
	</controls>
</window>
