<?xml version="1.0" encoding="UTF-8"?>
<window>
	<defaultcontrol></defaultcontrol>
	<coordinates>
		<posx>0</posx>
		<posy>0</posy>
	</coordinates>
	<controls>
		<control type="image" id="1">
			<description>Pointer Image</description>
			<posx>0</posx>
			<posy>0</posy>
			<width>30</width>
			<height>45</height>
			<texture>$VAR[pointerImage]</texture>
		</control>
		<control type="image" id="2">
			<description>Pointer Focus Image</description>
			<posx>0</posx>
			<posy>0</posy>
			<width>30</width>
			<height>45</height>
			<texture>$VAR[pointerImage]</texture>
		</control>
		<control type="image" id="3">
			<description>Pointer Drag Image</description>
			<posx>0</posx>
			<posy>0</posy>
			<width>30</width>
			<height>45</height>
			<texture>$VAR[pointerImage]</texture>
		</control>
		<control type="image" id="4">
			<description>Pointer Click Image</description>
			<posx>0</posx>
			<posy>0</posy>
			<width>30</width>
			<height>45</height>
			<texture>$VAR[pointerImage]</texture>
		</control>
	</controls>
</window>
