<?xml version="1.0" encoding="UTF-8"?>
<addon id="skin.carpc-tronimized" version="0.5.0" name="CarPC-Tronimized" provider-name="Marc Hillesheim">
	<requires>
		<import addon="xbmc.gui" version="5.12.0"/>
	</requires>
	<extension point="xbmc.gui.skin" debugging="false">
		<res width="1706" height="960" aspect="16:9" default="true" folder="xml"/>
	</extension>
	<extension point="xbmc.addon.metadata">
		<summary lang="de_DE">Skin für Touchscreen-Geräte im Auto basierend auf Estouchy</summary>
		<summary lang="en_US">Skin for touchscreen devices in car based on Estouchy</summary>
		<description lang="de_DE">Dieses Skin wurde für die Benutzung mit Touchscreen-Geräten wie Tablets und Handys entworfen</description>
		<description lang="en_US">Skin designed to be used on touchscreen devices like tablets and smartphones</description>
		<platform>all</platform>
		<license>Creative Commons Attribution-Share Alike 3.0 United States</license>
		<forum>http://forum.kodi.tv/forumdisplay.php?fid=261</forum>
		<website></website>
		<email></email>
		<source>https://github.com/xbmc/xbmc/</source>
		<assets>
			<icon>resources/icon.png</icon>
			<fanart>resources/fanart.jpg</fanart>
			<screenshot>resources/screenshot-01.jpg</screenshot>
			<screenshot>resources/screenshot-02.jpg</screenshot>
			<screenshot>resources/screenshot-03.jpg</screenshot>
			<screenshot>resources/screenshot-04.jpg</screenshot>
			<screenshot>resources/screenshot-05.jpg</screenshot>
			<screenshot>resources/screenshot-06.jpg</screenshot>
			<screenshot>resources/screenshot-07.jpg</screenshot>
			<screenshot>resources/screenshot-08.jpg</screenshot>
			<screenshot>resources/screenshot-09.jpg</screenshot>
			<screenshot>resources/screenshot-10.jpg</screenshot>
			<screenshot>resources/screenshot-11.jpg</screenshot>
			<screenshot>resources/screenshot-12.jpg</screenshot>
		</assets>
	</extension>
</addon>
