<includes>
	<include name="ShutdownCenter">	
		<control type="group">
			<include>Window_OpenClose_Animation_Zoom</include>
			<visible>!substring(Window(Home).Property(syseventshutdown),true) + !substring(Window(Home).Property(syseventreboot),true)</visible>
			<control type="image">
				<posx>573</posx>
				<posy>197</posy>
				<width>560</width>
				<height>560</height>
				<texture colordiffuse="selected">home_center.png</texture>
			</control>
			<control type="image">
				<include>VisibleFadeEffect</include>
				<posx>573</posx>
				<posy>197</posy>
				<width>560</width>
				<height>560</height>
				<texture colordiffuse="selected">home_center_text.png</texture>
			</control>
		</control>
	</include>

	<include name="ShutdownMessage">	
		<control type="group">
			<include>VisibleFadeEffect</include>
			<visible>substring(Window(Home).Property(syseventshutdown),true) | substring(Window(Home).Property(syseventreboot),true)</visible>
			<control type="image">
				<posx>0</posx>
				<posy>0</posy>
				<width>ScreenWidth</width>
				<height>ScreenHight</height>
				<texture colordiffuse="selected">dialog_volume.png</texture>
			</control>
			<control type="label">
				<visible>substring(Window(Home).Property(syseventshutdown),true)</visible>
				<description>Shutdown</description>
				<posx>0</posx>
				<posy>430</posy>
				<width>ScreenWidth</width>
				<height>100</height>
				<font>font_shutdown</font>
				<label>[COLOR selected]$LOCALIZE[40006][/COLOR]</label>
				<align>center</align>
				<aligny>center</aligny>
			</control>
			<control type="label">
				<visible>substring(Window(Home).Property(syseventreboot),true)</visible>
				<description>Shutdown</description>
				<posx>0</posx>
				<posy>430</posy>
				<width>ScreenWidth</width>
				<height>100</height>
				<font>font_shutdown</font>
				<label>[COLOR selected]$LOCALIZE[40029][/COLOR]</label>
				<align>center</align>
				<aligny>center</aligny>
			</control>
		</control>
	</include>
	
	<include name="ShutdownButton1">
		<control type="group">
			<include>Window_OpenClose_Animation_Slide_Left_Long</include>
			<visible>!substring(Window(Home).Property(syseventshutdown),true) + !substring(Window(Home).Property(syseventreboot),true)</visible>
			<posx>-5</posx>
			<posy>188</posy>
			<visible>true</visible>
			<control type="button" id="8001">
				<include>HomeButtonAnimation</include>
				<description>Button 1</description>
				<posx>0</posx>
				<posy>0</posy>
				<width>782</width>
				<height>260</height>
				<texturenofocus colordiffuse="selected">shutdown_button_1.png</texturenofocus>
				<texturefocus colordiffuse="white">shutdown_button_1.png</texturefocus>
				<onclick>RunScript("special://skin/scripts/system_reboot.py")</onclick>
				<onclick>SetFocus(999)</onclick>
				<onup>9002</onup>
				<ondown>8002</ondown>
				<onright>8004</onright>
			</control>
			<control type="label">
				<description>Shutdown Button 1 Text</description>
				<posx>145</posx>
				<posy>0</posy>
				<width>600</width>
				<height>260</height>
				<font>font_homebutton</font>
				<label>[COLOR selected]$LOCALIZE[40029][/COLOR]</label>
				<align>left</align>
				<aligny>center</aligny>
			</control>
		</control>
	</include>

	<include name="ShutdownButton2">
		<control type="group">
			<include>Window_OpenClose_Animation_Slide_Left_Longest</include>
			<visible>!substring(Window(Home).Property(syseventshutdown),true) + !substring(Window(Home).Property(syseventreboot),true)</visible>
			<posx>-5</posx>
			<posy>512</posy>
			<control type="button" id="8002">
				<description>Button 2</description>
				<include>HomeButtonAnimation</include>
				<posx>0</posx>
				<posy>0</posy>
				<width>782</width>
				<height>260</height>
				<texturenofocus colordiffuse="selected">shutdown_button_2.png</texturenofocus>
				<texturefocus colordiffuse="white">shutdown_button_2.png</texturefocus>
				<onclick condition="!System.HasAddon(plugin.program.wifimanager)">ActivateWindow(1118)</onclick>
				<onclick condition="System.HasAddon(plugin.program.wifimanager)">RunPlugin(plugin://plugin.program.wifimanager)</onclick>
				<onclick>SetFocus(999)</onclick>
				<onup>8003</onup>
				<ondown>8005</ondown>
				<onleft>8001</onleft>
			</control>
			<control type="label">
				<description>Shutdown Button 2 Text</description>
				<posx>145</posx>
				<posy>0</posy>
				<width>600</width>
				<height>260</height>
				<font>font_homebutton</font>
				<label>[COLOR selected]$LOCALIZE[40027][/COLOR]</label>
				<align>left</align>
				<aligny>center</aligny>
			</control>
		</control>
	</include>

	<include name="ShutdownButton3">
		<control type="group">
			<include>Window_OpenClose_Animation_Slide_Right_Longest</include>
			<visible>!substring(Window(Home).Property(syseventshutdown),true) + !substring(Window(Home).Property(syseventreboot),true)</visible>
			<posx>929</posx>
			<posy>188</posy>
			<control type="button" id="8003">
				<description>Button 3</description>
				<include>HomeButtonAnimation</include>
				<posx>0</posx>
				<posy>0</posy>
				<width>782</width>
				<height>260</height>
				<texturenofocus colordiffuse="selected">shutdown_button_3.png</texturenofocus>
				<texturefocus colordiffuse="white">shutdown_button_3.png</texturefocus>
				<onclick>XBMC.ReloadSkin()</onclick>
				<onclick>ActivateWindow(Home)</onclick>
				<onclick>SetFocus(999)</onclick>
				<onup>8004</onup>
				<ondown>8006</ondown>
				<onleft>8002</onleft>
			</control>
			<control type="label">
				<description>Shutdown Button 3 Text</description>
				<posx>640</posx>
				<posy>0</posy>
				<width>600</width>
				<height>260</height>
				<font>font_homebutton</font>
				<label>[COLOR selected]$LOCALIZE[40030][/COLOR]</label>
				<align>right</align>
				<aligny>center</aligny>
			</control>
		</control>
	</include>

	<include name="ShutdownButton4">
		<control type="group">
			<include>Window_OpenClose_Animation_Slide_Right_Long</include>
			<visible>!substring(Window(Home).Property(syseventshutdown),true) + !substring(Window(Home).Property(syseventreboot),true)</visible>
			<posx>929</posx>
			<posy>512</posy>
			<control type="button" id="8004">
				<include>HomeButtonAnimation</include>
				<description>Button 4</description>
				<posx>0</posx>
				<posy>0</posy>
				<width>782</width>
				<height>260</height>
				<texturenofocus colordiffuse="selected">shutdown_button_4.png</texturenofocus>
				<texturefocus colordiffuse="white">shutdown_button_4.png</texturefocus>
				<onclick>RunScript("special://skin/scripts/system_poweroff.py")</onclick>
				<onclick>SetFocus(999)</onclick>
				<onup>8005</onup>
				<ondown>9002</ondown>
				<onleft>8003</onleft>
			</control>
			<control type="label">
				<description>Shutdown Button 4 Text</description>
				<posx>640</posx>
				<posy>0</posy>
				<width>600</width>
				<height>260</height>
				<font>font_homebutton</font>
				<label>[COLOR selected]$LOCALIZE[40006][/COLOR]</label>
				<align>right</align>
				<aligny>center</aligny>
			</control>
		</control>
	</include>
</includes>
