<window id="1200">
	<defaultcontrol always="true">1203</defaultcontrol>
	<controls>

	    <control type="image">
		    <include>dialogeffect</include>
		    <posx>0</posx>
		    <posy>0</posy>
		    <aspectratio>stretch</aspectratio>
		    <include>1706</include>
		    <height>960</height>
		    <texture fallback="special://skin/background/SKINDEFAULT.jpg">special://skin/background/$INFO[Skin.CurrentTheme].jpg</texture>
		    <visible>!Skin.HasSetting(UseCustomBackground)</visible>
	    </control>
	    <control type="image">
		    <include>dialogeffect</include>
		    <posx>0</posx>
		    <posy>0</posy>
		    <aspectratio>stretch</aspectratio>
		    <include>1706</include>
		    <height>960</height>
		    <texture>$INFO[Skin.String(CustomBackground)]</texture>
		    <visible>Skin.HasSetting(UseCustomBackground)</visible>
	    </control>
		
	    <include>Header</include>
	    <include>Footer</include>

	    <control type="group">
		    <control type="label">
			    <include>Window_OpenClose_Animation_Slide_Up</include>
			    <description>Window label</description>
			    <include>MediaWindowTitleCommons</include>
			    <label>1-Wire Dashboard</label>
		    </control>
	    </control>

	    <control type="button" id="1203">
		    <description>Dummy Focus Button</description>
		    <posx>-1</posx>
		    <posy>-1</posy>
		    <width>1</width>
		    <height>1</height>
		    <font>-</font>
		    <texturenofocus border="5">piwire_overlay.png</texturenofocus>
		    <texturefocus border="5">piwire_overlay.png</texturefocus>
		    <ondown>1201</ondown>
		    <onup>1202</onup>
	    </control>

	    <control type="group">
		    <posx>0</posx>
		    <posy>0</posy>
		    <include>VisibleFadeEffect</include>
		    <control type="button" id="1201">
			    <description>Home Button</description>
			    <posx>22</posx>
			    <posy>2</posy>
			    <width>150</width>
			    <height>75</height>
			    <font></font>
			    <texturenofocus></texturenofocus>
			    <texturefocus></texturefocus>
			    <onclick>ActivateWindow(Home)</onclick>
			    <ondown>1204</ondown>
			    <onup>1203</onup>
		    </control>
	    </control>

	    <control type="group">
		    <include>Window_OpenClose_Animation_Slide_Up</include>
		    <posx>120r</posx>
		    <posy>100r</posy>
		    <include>VisibleFadeEffect</include>
		    <control type="image">
			    <posx>0</posx>
			    <posy>5</posy>
			    <width>2</width>
			    <height>95</height>
			    <texture border="2">separator.png</texture>
			    <colordiffuse>A0464646</colordiffuse>
		    </control>				    
		    <control type="button" id="1202">
			    <description>Back Button</description>
			    <posx>0</posx>
			    <posy>0</posy>
			    <width>120</width>
			    <height>100</height>
			    <texturenofocus></texturenofocus>
			    <texturefocus>list_focus.png</texturefocus>
			    <onclick>ParentDir</onclick>
			    <ondown>1203</ondown>
			    <onup>1204</onup>
			    <onleft>1204</onleft>
		    </control>
		    <control type="image">
			    <description>Back Button</description>
			    <posx>31</posx>
			    <posy>24</posy>
			    <width>60</width>
			    <height>60</height>
			    <aspectratio>keep</aspectratio>
			    <texture>icon_button_back.png</texture>
		    </control>
	    </control>

	    <control type="group">
		    <include>Window_OpenClose_Animation_Slide_Up</include>
		    <posx>0</posx>
		    <posy>86r</posy>
		    <include>VisibleFadeEffect</include>
		    <control type="button" id="1204">
			    <description>Settings Button</description>
			    <posx>0</posx>
			    <posy>0</posy>
			    <width>82</width>
			    <height>82</height>
			    <font>-</font>
			    <texturenofocus></texturenofocus>
			    <texturefocus></texturefocus>
			    <ondown>1202</ondown>
			    <onup>1201</onup>
			    <onright>1202</onright>
		    </control>
		    <control type="image">
			    <description>Settings Button Image</description>
			    <posx>8</posx>
			    <posy>8</posy>
			    <width>64</width>
			    <height>64</height>
			    <texture>icon_settings_w.png</texture>
		    </control>
	    </control>

	    <control type="group">
		<description>Sensor1</description>
		<include>Window_OpenClose_Animation_Zoom</include>
		<visible>substring(Window(Home).Property(showfield1),true)</visible>
		<posx>193</posx>
		<posy>150</posy>
		<control type="image">
			<description>Background</description>
			<posx>0</posx>
			<posy>0</posy>
			<width>300</width>
			<height>300</height>
			<texture border="40,0,40,5">button_nofocus.png</texture>
		</control>
        	<control type="label">
            		<posx>0</posx>
            		<posy>60</posy>
            		<width>300</width>
            		<height>50</height>
            		<font>font30_title</font>
            		<textcolor>white</textcolor>
            		<align>center</align>
            		<aligny>center</aligny>
            		<label>$INFO[Window(Home).Property(field1)]</label>
		</control>
        	<control type="label">
            		<posx>0</posx>
            		<posy>130</posy>
            		<width>300</width>
            		<height>50</height>
            		<font>font30_title</font>
            		<textcolor>white</textcolor>
            		<align>center</align>
            		<aligny>center</aligny>
            		<label>$INFO[Window(Home).Property(Temp1)] $INFO[Window(Home).Property(Text1)]</label>
		</control>
		<control type="image">
			<description>Temp Trend</description>
			<posx>115</posx>
			<posy>200</posy>
			<width>70</width>
			<height>70</height>
			<aspectratio>keep</aspectratio>
			<texture>$INFO[Window(Home).Property(Trend1)]</texture>
		</control>
	    </control>

	    <control type="group">
		<description>Sensor2</description>
		<include>Window_OpenClose_Animation_Zoom</include>
		<visible>substring(Window(Home).Property(showfield2),true)</visible>
		<posx>533</posx>
		<posy>150</posy>
		<control type="image">
			<description>Background</description>
			<posx>0</posx>
			<posy>0</posy>
			<width>300</width>
			<height>300</height>
			<texture border="40,0,40,5">button_nofocus.png</texture>
		</control>
        	<control type="label">
            		<posx>0</posx>
            		<posy>60</posy>
            		<width>300</width>
            		<height>50</height>
            		<font>font30_title</font>
            		<textcolor>white</textcolor>
            		<align>center</align>
            		<aligny>center</aligny>
            		<label>$INFO[Window(Home).Property(field2)]</label>
		</control>
        	<control type="label">
            		<posx>0</posx>
            		<posy>130</posy>
            		<width>300</width>
            		<height>50</height>
            		<font>font30_title</font>
            		<textcolor>white</textcolor>
            		<align>center</align>
            		<aligny>center</aligny>
            		<label>$INFO[Window(Home).Property(Temp2)] $INFO[Window(Home).Property(Text2)]</label>
		</control>
		<control type="image">
			<description>Temp Trend</description>
			<posx>115</posx>
			<posy>200</posy>
			<width>70</width>
			<height>70</height>
			<aspectratio>keep</aspectratio>
			<texture>$INFO[Window(Home).Property(Trend2)]</texture>
		</control>
	    </control>

	    <control type="group">
		<description>Sensor3</description>
		<include>Window_OpenClose_Animation_Zoom</include>
		<visible>substring(Window(Home).Property(showfield3),true)</visible>
		<posx>873</posx>
		<posy>150</posy>
		<control type="image">
			<description>Background</description>
			<posx>0</posx>
			<posy>0</posy>
			<width>300</width>
			<height>300</height>
			<texture border="40,0,40,5">button_nofocus.png</texture>
		</control>
        	<control type="label">
            		<posx>0</posx>
            		<posy>60</posy>
            		<width>300</width>
            		<height>50</height>
            		<font>font30_title</font>
            		<textcolor>white</textcolor>
            		<align>center</align>
            		<aligny>center</aligny>
            		<label>$INFO[Window(Home).Property(field3)]</label>
		</control>
        	<control type="label">
            		<posx>0</posx>
            		<posy>130</posy>
            		<width>300</width>
            		<height>50</height>
            		<font>font30_title</font>
            		<textcolor>white</textcolor>
            		<align>center</align>
            		<aligny>center</aligny>
            		<label>$INFO[Window(Home).Property(Temp3)] $INFO[Window(Home).Property(Text3)]</label>
		</control>
		<control type="image">
			<description>Temp Trend</description>
			<posx>115</posx>
			<posy>200</posy>
			<width>70</width>
			<height>70</height>
			<aspectratio>keep</aspectratio>
			<texture>$INFO[Window(Home).Property(Trend3)]</texture>
		</control>
	    </control>

	    <control type="group">
		<description>Sensor4</description>
		<include>Window_OpenClose_Animation_Zoom</include>
		<visible>substring(Window(Home).Property(showfield4),true)</visible>
		<posx>1213</posx>
		<posy>150</posy>
		<control type="image">
			<description>Background</description>
			<posx>0</posx>
			<posy>0</posy>
			<width>300</width>
			<height>300</height>
			<texture border="40,0,40,5">button_nofocus.png</texture>
		</control>
        	<control type="label">
            		<posx>0</posx>
            		<posy>60</posy>
            		<width>300</width>
            		<height>50</height>
            		<font>font30_title</font>
            		<textcolor>white</textcolor>
            		<align>center</align>
            		<aligny>center</aligny>
            		<label>$INFO[Window(Home).Property(field4)]</label>
		</control>
        	<control type="label">
            		<posx>0</posx>
            		<posy>130</posy>
            		<width>300</width>
            		<height>50</height>
            		<font>font30_title</font>
            		<textcolor>white</textcolor>
            		<align>center</align>
            		<aligny>center</aligny>
            		<label>$INFO[Window(Home).Property(Temp4)] $INFO[Window(Home).Property(Text4)]</label>
		</control>
		<control type="image">
			<description>Temp Trend</description>
			<posx>115</posx>
			<posy>200</posy>
			<width>70</width>
			<height>70</height>
			<aspectratio>keep</aspectratio>
			<texture>$INFO[Window(Home).Property(Trend4)]</texture>
		</control>
	    </control>

	    <control type="group">
		<description>Sensor5</description>
		<include>Window_OpenClose_Animation_Zoom</include>
		<visible>substring(Window(Home).Property(showfield5),true)</visible>
		<posx>193</posx>
		<posy>490</posy>
		<control type="image">
			<description>Background</description>
			<posx>0</posx>
			<posy>0</posy>
			<width>300</width>
			<height>300</height>
			<texture border="40,0,40,5">button_nofocus.png</texture>
		</control>
        	<control type="label">
            		<posx>0</posx>
            		<posy>60</posy>
            		<width>300</width>
            		<height>50</height>
            		<font>font30_title</font>
            		<textcolor>white</textcolor>
            		<align>center</align>
            		<aligny>center</aligny>
            		<label>$INFO[Window(Home).Property(field5)]</label>
		</control>
        	<control type="label">
            		<posx>0</posx>
            		<posy>130</posy>
            		<width>300</width>
            		<height>50</height>
            		<font>font30_title</font>
            		<textcolor>white</textcolor>
            		<align>center</align>
            		<aligny>center</aligny>
            		<label>$INFO[Window(Home).Property(Temp5)] $INFO[Window(Home).Property(Text5)]</label>
		</control>
		<control type="image">
			<description>Temp Trend</description>
			<posx>115</posx>
			<posy>200</posy>
			<width>70</width>
			<height>70</height>
			<aspectratio>keep</aspectratio>
			<texture>$INFO[Window(Home).Property(Trend5)]</texture>
		</control>
	    </control>

	    <control type="group">
		<description>Sensor6</description>
		<include>Window_OpenClose_Animation_Zoom</include>
		<visible>substring(Window(Home).Property(showfield6),true)</visible>
		<posx>533</posx>
		<posy>490</posy>
		<control type="image">
			<description>Background</description>
			<posx>0</posx>
			<posy>0</posy>
			<width>300</width>
			<height>300</height>
			<texture border="40,0,40,5">button_nofocus.png</texture>
		</control>
        	<control type="label">
            		<posx>0</posx>
            		<posy>60</posy>
            		<width>300</width>
            		<height>50</height>
            		<font>font30_title</font>
            		<textcolor>white</textcolor>
            		<align>center</align>
            		<aligny>center</aligny>
            		<label>$INFO[Window(Home).Property(field6)]</label>
		</control>
        	<control type="label">
            		<posx>0</posx>
            		<posy>130</posy>
            		<width>300</width>
            		<height>50</height>
            		<font>font30_title</font>
            		<textcolor>white</textcolor>
            		<align>center</align>
            		<aligny>center</aligny>
            		<label>$INFO[Window(Home).Property(Temp6)] $INFO[Window(Home).Property(Text6)]</label>
		</control>
		<control type="image">
			<description>Temp Trend</description>
			<posx>115</posx>
			<posy>200</posy>
			<width>70</width>
			<height>70</height>
			<aspectratio>keep</aspectratio>
			<texture>$INFO[Window(Home).Property(Trend6)]</texture>
		</control>
	    </control>

	    <control type="group">
		<description>Sensor7</description>
		<include>Window_OpenClose_Animation_Zoom</include>
		<visible>substring(Window(Home).Property(showfield7),true)</visible>
		<posx>873</posx>
		<posy>490</posy>
		<control type="image">
			<description>Background</description>
			<posx>0</posx>
			<posy>0</posy>
			<width>300</width>
			<height>300</height>
			<texture border="40,0,40,5">button_nofocus.png</texture>
		</control>
        	<control type="label">
            		<posx>0</posx>
            		<posy>60</posy>
            		<width>300</width>
            		<height>50</height>
            		<font>font30_title</font>
            		<textcolor>white</textcolor>
            		<align>center</align>
            		<aligny>center</aligny>
            		<label>$INFO[Window(Home).Property(field7)]</label>
		</control>
        	<control type="label">
            		<posx>0</posx>
            		<posy>130</posy>
            		<width>300</width>
            		<height>50</height>
            		<font>font30_title</font>
            		<textcolor>white</textcolor>
            		<align>center</align>
            		<aligny>center</aligny>
            		<label>$INFO[Window(Home).Property(Temp7)] $INFO[Window(Home).Property(Text7)]</label>
		</control>
		<control type="image">
			<description>Temp Trend</description>
			<posx>115</posx>
			<posy>200</posy>
			<width>70</width>
			<height>70</height>
			<aspectratio>keep</aspectratio>
			<texture>$INFO[Window(Home).Property(Trend7)]</texture>
		</control>
	    </control>

	    <control type="group">
		<description>Sensor8</description>
		<include>Window_OpenClose_Animation_Zoom</include>
		<visible>substring(Window(Home).Property(showfield8),true)</visible>
		<posx>1213</posx>
		<posy>490</posy>
		<control type="image">
			<description>Background</description>
			<posx>0</posx>
			<posy>0</posy>
			<width>300</width>
			<height>300</height>
			<texture border="40,0,40,5">button_nofocus.png</texture>
		</control>
        	<control type="label">
            		<posx>0</posx>
            		<posy>60</posy>
            		<width>300</width>
            		<height>50</height>
            		<font>font30_title</font>
            		<textcolor>white</textcolor>
            		<align>center</align>
            		<aligny>center</aligny>
            		<label>$INFO[Window(Home).Property(field8)]</label>
		</control>
        	<control type="label">
            		<posx>0</posx>
            		<posy>130</posy>
            		<width>300</width>
            		<height>50</height>
            		<font>font30_title</font>
            		<textcolor>white</textcolor>
            		<align>center</align>
            		<aligny>center</aligny>
            		<label>$INFO[Window(Home).Property(Temp8)] $INFO[Window(Home).Property(Text8)]</label>
		</control>
		<control type="image">
			<description>Temp Trend</description>
			<posx>115</posx>
			<posy>200</posy>
			<width>70</width>
			<height>70</height>
			<texture>$INFO[Window(Home).Property(Trend8)]</texture>
		</control>
	    </control>
	</controls>
</window>

