<?xml version="1.0" encoding="UTF-8"?>
<window>
	<defaultcontrol>91</defaultcontrol>
	<controls>
		<include>CommonBackground</include>
		<include>Header</include>
		<include>CommonNowPlaying</include>
		<include>Footer</include>
		<control type="label">
			<include>Window_OpenClose_Animation_Slide_Up</include>
			<description>Window label</description>
			<include>MediaWindowTitleCommons</include>
			<label>$LOCALIZE[20077]</label>
		</control>
		<control type="panel" id="9002">
			<include>Window_OpenClose_Animation_Slide_Up</include>
			<include>BottomMenuLayout</include>
			<content>
				<item>
					<label>1036</label>
					<onclick>ActivateWindow(Favourites)</onclick>
					<icon>icon_button_favourites.png</icon>
				</item>
				<item>
					<label>31200</label>
					<onclick>Back</onclick>
					<icon>icon_button_back.png</icon>
				</item>
			</content>
		</control>
		<control type="group">
			<include>Window_OpenClose_Animation_Zoom</include>
			<!--<include>16x9_xPos_Relocation</include>-->
			<posx>30</posx>
			<posy>120</posy>
			<control type="image">
				<posx>0</posx>
				<posy>0</posy>
				<width>290</width>
				<height>720</height>
				<texture>panel.png</texture>
			</control>
			<control type="grouplist" id="9">
				<description>button area</description>
				<posx>0</posx>
				<posy>0</posy>
				<width>290</width>
				<height>720</height>
				<itemgap>-1</itemgap>
				<onleft>9</onleft>
				<onright>9</onright>
				<onup>2</onup>
				<ondown>2</ondown>
				<control type="button" id="91">
					<description>Defaults</description>
					<width>290</width>
					<height>80</height>
					<aligny>center</aligny>
					<font>font24_title</font>
					<textcolor>white</textcolor>
					<texturefocus>list_focus.png</texturefocus>
					<texturenofocus border="40,0,40,5">list_nofocus.png</texturenofocus>
					<pulseonselect>false</pulseonselect>
					<label>10000</label>
					<textoffsetx>20</textoffsetx>
					<onfocus>Skin.SetString(SkinSettings,1)</onfocus>
				</control>
				<control type="button" id="92">
					<description>Home Buttons</description>
					<width>290</width>
					<height>80</height>
					<aligny>center</aligny>
					<font>font24_title</font>
					<textcolor>white</textcolor>
					<texturefocus>list_focus.png</texturefocus>
					<texturenofocus border="40,0,40,5">list_nofocus.png</texturenofocus>
					<pulseonselect>false</pulseonselect>
					<label>$LOCALIZE[40032]</label>
					<textoffsetx>20</textoffsetx>
					<onfocus>Skin.SetString(SkinSettings,2)</onfocus>
				</control>
				<control type="button" id="92">
					<description>Backgrounds</description>
					<width>290</width>
					<height>80</height>
					<aligny>center</aligny>
					<font>font24_title</font>
					<textcolor>white</textcolor>
					<texturefocus>list_focus.png</texturefocus>
					<texturenofocus border="40,0,40,5">list_nofocus.png</texturenofocus>
					<pulseonselect>false</pulseonselect>
					<label>$LOCALIZE[40076]</label>
					<textoffsetx>20</textoffsetx>
					<onfocus>Skin.SetString(SkinSettings,3)</onfocus>
				</control>
				<control type="button" id="93">
					<description>Colours</description>
					<width>290</width>
					<height>80</height>
					<aligny>center</aligny>
					<font>font24_title</font>
					<textcolor>white</textcolor>
					<texturefocus>list_focus.png</texturefocus>
					<texturenofocus border="40,0,40,5">list_nofocus.png</texturenofocus>
					<pulseonselect>false</pulseonselect>
					<label>$LOCALIZE[40080]</label>
					<textoffsetx>20</textoffsetx>
					<onfocus>Skin.SetString(SkinSettings,7)</onfocus>
				</control>
				<control type="button" id="94">
					<description>Radio</description>
					<width>290</width>
					<height>80</height>
					<aligny>center</aligny>
					<font>font24_title</font>
					<textcolor>white</textcolor>
					<texturefocus>list_focus.png</texturefocus>
					<texturenofocus border="40,0,40,5">list_nofocus.png</texturenofocus>
					<pulseonselect>false</pulseonselect>
					<label>$LOCALIZE[40003]</label>
					<textoffsetx>20</textoffsetx>
					<onfocus>Skin.SetString(SkinSettings,8)</onfocus>
				</control>
				<control type="button" id="95">
					<description>Logo</description>
					<width>290</width>
					<height>80</height>
					<aligny>center</aligny>
					<font>font24_title</font>
					<textcolor>white</textcolor>
					<texturefocus>list_focus.png</texturefocus>
					<texturenofocus border="40,0,40,5">list_nofocus.png</texturenofocus>
					<pulseonselect>false</pulseonselect>
					<label>$LOCALIZE[40075]</label>
					<textoffsetx>20</textoffsetx>
					<onfocus>Skin.SetString(SkinSettings,4)</onfocus>
				</control>
				<control type="button" id="96">
					<description>DayNightMode</description>
					<width>290</width>
					<height>80</height>
					<aligny>center</aligny>
					<font>font24_title</font>
					<textcolor>white</textcolor>
					<texturefocus>list_focus.png</texturefocus>
					<texturenofocus border="40,0,40,5">list_nofocus.png</texturenofocus>
					<pulseonselect>false</pulseonselect>
					<label>$LOCALIZE[40089]</label>
					<textoffsetx>20</textoffsetx>
					<onfocus>Skin.SetString(SkinSettings,9)</onfocus>
				</control>
				<control type="button" id="97">
					<description>QuickStart Left</description>
					<width>290</width>
					<height>80</height>
					<aligny>center</aligny>
					<font>font24_title</font>
					<textcolor>white</textcolor>
					<texturefocus>list_focus.png</texturefocus>
					<texturenofocus border="40,0,40,5">list_nofocus.png</texturenofocus>
					<pulseonselect>false</pulseonselect>
					<label>$LOCALIZE[40060]</label>
					<textoffsetx>20</textoffsetx>
					<onfocus>Skin.SetString(SkinSettings,5)</onfocus>
				</control>
				<control type="button" id="98">
					<description>QuickStart Right</description>
					<width>290</width>
					<height>80</height>
					<aligny>center</aligny>
					<font>font24_title</font>
					<textcolor>white</textcolor>
					<texturefocus>list_focus.png</texturefocus>
					<texturenofocus border="40,0,40,5">list_nofocus.png</texturenofocus>
					<pulseonselect>false</pulseonselect>
					<label>$LOCALIZE[40069]</label>
					<textoffsetx>20</textoffsetx>
					<onfocus>Skin.SetString(SkinSettings,6)</onfocus>
				</control>
			</control>
			<control type="image">
				<posx>310</posx>
				<posy>0</posy>
				<width>1280</width>
				<height>720</height>
				<texture border="20">panel.png</texture>
			</control>
			<control type="grouplist" id="100">
				<description>control area</description>
				<posx>310</posx>
				<posy>0</posy>
				<width>1280</width>
				<height>720</height>
				<pagecontrol>60</pagecontrol>
				<itemgap>-1</itemgap>
				<onup>100</onup>
				<ondown>9002</ondown>
				<onleft>9</onleft>
				<onright>60</onright>
				<visible>Skin.String(SkinSettings,1)</visible>
				<control type="radiobutton" id="116">
					<description>Use 6 Buttons Layout</description>
					<width>1280</width>
					<height>80</height>
					<aligny>center</aligny>
					<font>font24_title</font>
					<textcolor>white</textcolor>
					<texturefocus>list_focus.png</texturefocus>
					<texturenofocus border="40,0,40,5">list_nofocus.png</texturenofocus>
					<pulseonselect>false</pulseonselect>
					<label>$LOCALIZE[40079]</label>
					<onclick>Skin.ToggleSetting(Use6ButtonLayout)</onclick>
					<selected>Skin.HasSetting(Use6ButtonLayout)</selected>
				</control>
				<control type="radiobutton" id="110">
					<description>Show Weather info and button</description>
					<width>1280</width>
					<height>80</height>
					<aligny>center</aligny>
					<font>font24_title</font>
					<textcolor>white</textcolor>
					<texturefocus>list_focus.png</texturefocus>
					<texturenofocus border="40,0,40,5">list_nofocus.png</texturenofocus>
					<pulseonselect>false</pulseonselect>
					<label>$LOCALIZE[31550]</label>
					<onclick>Skin.ToggleSetting(HideHomeButtonWeather)</onclick>
					<selected>!Skin.HasSetting(HideHomeButtonWeather)</selected>
					<textoffsetx>20</textoffsetx>
				</control>
				<control type="radiobutton" id="112">
					<description>Use custom background</description>
					<width>1280</width>
					<height>80</height>
					<aligny>center</aligny>
					<font>font24_title</font>
					<textcolor>white</textcolor>
					<texturefocus>list_focus.png</texturefocus>
					<texturenofocus border="40,0,40,5">list_nofocus.png</texturenofocus>
					<pulseonselect>false</pulseonselect>
					<label>$LOCALIZE[31553]</label>
					<onclick>Skin.ToggleSetting(UseCustomBackground)</onclick>
					<selected>Skin.HasSetting(UseCustomBackground)</selected>
					<textoffsetx>20</textoffsetx>
				</control>
				<control type="button" id="113">
					<width>1280</width>
					<height>80</height>
					<aligny>center</aligny>
					<font>font24_title</font>
					<textcolor>white</textcolor>
					<texturefocus>list_focus.png</texturefocus>
					<texturenofocus border="40,0,40,5">list_nofocus.png</texturenofocus>
					<pulseonselect>false</pulseonselect>
					<label>- $LOCALIZE[31554]</label>
					<label2>$INFO[Skin.String(CustomBackground)]</label2>
					<onclick>Skin.SetImage(CustomBackground)</onclick>
					<visible>Skin.HasSetting(UseCustomBackground)</visible>
					<textoffsetx>20</textoffsetx>
				</control>
				<control type="radiobutton" id="114">
					<description>Hide video background</description>
					<width>1280</width>
					<height>80</height>
					<aligny>center</aligny>
					<font>font24_title</font>
					<textcolor>white</textcolor>
					<texturefocus>list_focus.png</texturefocus>
					<texturenofocus border="40,0,40,5">list_nofocus.png</texturenofocus>
					<pulseonselect>false</pulseonselect>
					<label>$LOCALIZE[31557]</label>
					<onclick>Skin.ToggleSetting(HideVideoBackground)</onclick>
					<selected>Skin.HasSetting(HideVideoBackground)</selected>
					<textoffsetx>20</textoffsetx>
				</control>
				<control type="radiobutton" id="115">
					<description>Hide viz background</description>
					<width>1280</width>
					<height>80</height>
					<aligny>center</aligny>
					<font>font24_title</font>
					<textcolor>white</textcolor>
					<texturefocus>list_focus.png</texturefocus>
					<texturenofocus border="40,0,40,5">list_nofocus.png</texturenofocus>
					<pulseonselect>false</pulseonselect>
					<label>$LOCALIZE[31558]</label>
					<onclick>Skin.ToggleSetting(HideVizBackground)</onclick>
					<selected>Skin.HasSetting(HideVizBackground)</selected>
					<textoffsetx>20</textoffsetx>
				</control>
			</control>
			<control type="grouplist" id="200">
				<description>control area</description>
				<posx>310</posx>
				<posy>0</posy>
				<width>1280</width>
				<height>720</height>
				<pagecontrol>60</pagecontrol>
				<itemgap>-1</itemgap>
				<onup>200</onup>
				<ondown>9002</ondown>
				<onleft>9</onleft>
				<onright>60</onright>
				<visible>Skin.String(SkinSettings,2)</visible>
				<control type="button" id="202">
					<description>Select action for home button 1</description>
					<width>1280</width>
					<height>80</height>
					<aligny>center</aligny>
					<font>font24_title</font>
					<textcolor>white</textcolor>
					<texturefocus>list_focus.png</texturefocus>
					<texturenofocus border="40,0,40,5">list_nofocus.png</texturenofocus>
					<pulseonselect>false</pulseonselect>
					<label>$LOCALIZE[40070]1</label>
					<label2>$VAR[HomeButtonValue1]</label2>
					<textoffsetx>20</textoffsetx>
					<onclick>Skin.SetString(HomeButtonSelected,1)</onclick>
					<onclick>ActivateWindow(1121)</onclick>
				</control>
				<control type="button" id="203">
					<description>Select action for home button 2</description>
					<width>1280</width>
					<height>80</height>
					<aligny>center</aligny>
					<font>font24_title</font>
					<textcolor>white</textcolor>
					<texturefocus>list_focus.png</texturefocus>
					<texturenofocus border="40,0,40,5">list_nofocus.png</texturenofocus>
					<pulseonselect>false</pulseonselect>
					<label>$LOCALIZE[40070]2</label>
					<label2>$VAR[HomeButtonValue2]</label2>
					<onclick>Skin.SetString(HomeButtonSelected,2)</onclick>
					<onclick>ActivateWindow(1121)</onclick>
				</control>
				<control type="button" id="204">
					<description>Select action for home button 3</description>
					<width>1280</width>
					<height>80</height>
					<aligny>center</aligny>
					<font>font24_title</font>
					<textcolor>white</textcolor>
					<texturefocus>list_focus.png</texturefocus>
					<texturenofocus border="40,0,40,5">list_nofocus.png</texturenofocus>
					<pulseonselect>false</pulseonselect>
					<label>$LOCALIZE[40070]3</label>
					<label2>$VAR[HomeButtonValue3]</label2>
					<onclick>Skin.SetString(HomeButtonSelected,3)</onclick>
					<onclick>ActivateWindow(1121)</onclick>
				</control>
				<control type="button" id="205">
					<description>Select action for home button 4</description>
					<width>1280</width>
					<height>80</height>
					<aligny>center</aligny>
					<font>font24_title</font>
					<textcolor>white</textcolor>
					<texturefocus>list_focus.png</texturefocus>
					<texturenofocus border="40,0,40,5">list_nofocus.png</texturenofocus>
					<pulseonselect>false</pulseonselect>
					<label>$LOCALIZE[40070]4</label>
					<label2>$VAR[HomeButtonValue4]</label2>
					<onclick>Skin.SetString(HomeButtonSelected,4)</onclick>
					<onclick>ActivateWindow(1121)</onclick>
					</control>
				<control type="button" id="206">
					<description>Select action for home button 5</description>
					<width>1280</width>
					<height>80</height>
					<aligny>center</aligny>
					<font>font24_title</font>
					<textcolor>white</textcolor>
					<texturefocus>list_focus.png</texturefocus>
					<texturenofocus border="40,0,40,5">list_nofocus.png</texturenofocus>
					<pulseonselect>false</pulseonselect>
					<label>$LOCALIZE[40070]5</label>
					<label2>$VAR[HomeButtonValue5]</label2>
					<onclick>Skin.SetString(HomeButtonSelected,5)</onclick>
					<onclick>ActivateWindow(1121)</onclick>
				</control>
				<control type="button" id="207">
					<description>Select action for home button 6</description>
					<width>1280</width>
					<height>80</height>
					<aligny>center</aligny>
					<font>font24_title</font>
					<textcolor>white</textcolor>
					<texturefocus>list_focus.png</texturefocus>
					<texturenofocus border="40,0,40,5">list_nofocus.png</texturenofocus>
					<pulseonselect>false</pulseonselect>
					<label>$LOCALIZE[40070]6</label>
					<label2>$VAR[HomeButtonValue6]</label2>
					<onclick>Skin.SetString(HomeButtonSelected,6)</onclick>
					<onclick>ActivateWindow(1121)</onclick>
				</control>
				<control type="button" id="208">
					<description>Select action for home button 7</description>
					<visible>!Skin.HasSetting(Use6ButtonLayout)</visible>
					<width>1280</width>
					<height>80</height>
					<aligny>center</aligny>
					<font>font24_title</font>
					<textcolor>white</textcolor>
					<texturefocus>list_focus.png</texturefocus>
					<texturenofocus border="40,0,40,5">list_nofocus.png</texturenofocus>
					<pulseonselect>false</pulseonselect>
					<label>$LOCALIZE[40070]7</label>
					<label2>$VAR[HomeButtonValue7]</label2>
					<onclick>Skin.SetString(HomeButtonSelected,7)</onclick>
					<onclick>ActivateWindow(1121)</onclick>
				</control>
				<control type="button" id="209">
					<description>Select action for home button 8</description>
					<visible>!Skin.HasSetting(Use6ButtonLayout)</visible>
					<width>1280</width>
					<height>80</height>
					<aligny>center</aligny>
					<font>font24_title</font>
					<textcolor>white</textcolor>
					<texturefocus>list_focus.png</texturefocus>
					<texturenofocus border="40,0,40,5">list_nofocus.png</texturenofocus>
					<pulseonselect>false</pulseonselect>
					<label>$LOCALIZE[40070]8</label>
					<label2>$VAR[HomeButtonValue8]</label2>
					<onclick>Skin.SetString(HomeButtonSelected,8)</onclick>
					<onclick>ActivateWindow(1121)</onclick>
				</control>
			</control>
			<control type="grouplist" id="300">
				<description>control area</description>
				<posx>310</posx>
				<posy>0</posy>
				<width>1280</width>
				<height>720</height>
				<pagecontrol>60</pagecontrol>
				<itemgap>-1</itemgap>
				<onup>200</onup>
				<ondown>9002</ondown>
				<onleft>9</onleft>
				<onright>60</onright>
				<visible>Skin.String(SkinSettings,3)</visible>
				<control type="radiobutton" id="302">
					<description>Select custom background for home button 1</description>
					<width>1280</width>
					<height>80</height>
					<aligny>center</aligny>
					<font>font24_title</font>
					<textcolor>white</textcolor>
					<texturefocus>list_focus.png</texturefocus>
					<texturenofocus border="40,0,40,5">list_nofocus.png</texturenofocus>
					<pulseonselect>false</pulseonselect>
					<label>$LOCALIZE[40077]1</label>
					<onclick>Skin.ToggleSetting(UseCustomBackgroundHome1)</onclick>
					<selected>Skin.HasSetting(UseCustomBackgroundHome1)</selected>
					<textoffsetx>20</textoffsetx>
				</control>
				<control type="button" id="303">
					<width>1280</width>
					<height>80</height>
					<aligny>center</aligny>
					<font>font24_title</font>
					<textcolor>white</textcolor>
					<texturefocus>list_focus.png</texturefocus>
					<texturenofocus border="40,0,40,5">list_nofocus.png</texturenofocus>
					<pulseonselect>false</pulseonselect>
					<label>- $LOCALIZE[31554]</label>
					<label2>$INFO[Skin.String(CustomBackgroundHome1)]</label2>
					<onclick>Skin.SetImage(CustomBackgroundHome1)</onclick>
					<visible>Skin.HasSetting(UseCustomBackgroundHome1)</visible>
					<textoffsetx>20</textoffsetx>
				</control>
				<control type="radiobutton" id="304">
					<description>Select custom background for home button 2</description>
					<width>1280</width>
					<height>80</height>
					<aligny>center</aligny>
					<font>font24_title</font>
					<textcolor>white</textcolor>
					<texturefocus>list_focus.png</texturefocus>
					<texturenofocus border="40,0,40,5">list_nofocus.png</texturenofocus>
					<pulseonselect>false</pulseonselect>
					<label>$LOCALIZE[40077]2</label>
					<onclick>Skin.ToggleSetting(UseCustomBackgroundHome2)</onclick>
					<selected>Skin.HasSetting(UseCustomBackgroundHome2)</selected>
					<textoffsetx>20</textoffsetx>
				</control>
				<control type="button" id="305">
					<width>1280</width>
					<height>80</height>
					<aligny>center</aligny>
					<font>font24_title</font>
					<textcolor>white</textcolor>
					<texturefocus>list_focus.png</texturefocus>
					<texturenofocus border="40,0,40,5">list_nofocus.png</texturenofocus>
					<pulseonselect>false</pulseonselect>
					<label>- $LOCALIZE[31554]</label>
					<label2>$INFO[Skin.String(CustomBackgroundHome2)]</label2>
					<onclick>Skin.SetImage(CustomBackgroundHome2)</onclick>
					<visible>Skin.HasSetting(UseCustomBackgroundHome2)</visible>
					<textoffsetx>20</textoffsetx>
				</control>
				<control type="radiobutton" id="306">
					<description>Select custom background for home button 3</description>
					<width>1280</width>
					<height>80</height>
					<aligny>center</aligny>
					<font>font24_title</font>
					<textcolor>white</textcolor>
					<texturefocus>list_focus.png</texturefocus>
					<texturenofocus border="40,0,40,5">list_nofocus.png</texturenofocus>
					<pulseonselect>false</pulseonselect>
					<label>$LOCALIZE[40077]3</label>
					<onclick>Skin.ToggleSetting(UseCustomBackgroundHome3)</onclick>
					<selected>Skin.HasSetting(UseCustomBackgroundHome3)</selected>
					<textoffsetx>20</textoffsetx>
				</control>
				<control type="button" id="307">
					<width>1280</width>
					<height>80</height>
					<aligny>center</aligny>
					<font>font24_title</font>
					<textcolor>white</textcolor>
					<texturefocus>list_focus.png</texturefocus>
					<texturenofocus border="40,0,40,5">list_nofocus.png</texturenofocus>
					<pulseonselect>false</pulseonselect>
					<label>- $LOCALIZE[31554]</label>
					<label2>$INFO[Skin.String(CustomBackgroundHome3)]</label2>
					<onclick>Skin.SetImage(CustomBackgroundHome3)</onclick>
					<visible>Skin.HasSetting(UseCustomBackgroundHome3)</visible>
					<textoffsetx>20</textoffsetx>
				</control>
				<control type="radiobutton" id="308">
					<description>Select custom background for home button 4</description>
					<width>1280</width>
					<height>80</height>
					<aligny>center</aligny>
					<font>font24_title</font>
					<textcolor>white</textcolor>
					<texturefocus>list_focus.png</texturefocus>
					<texturenofocus border="40,0,40,5">list_nofocus.png</texturenofocus>
					<pulseonselect>false</pulseonselect>
					<label>$LOCALIZE[40077]4</label>
					<onclick>Skin.ToggleSetting(UseCustomBackgroundHome4)</onclick>
					<selected>Skin.HasSetting(UseCustomBackgroundHome4)</selected>
					<textoffsetx>20</textoffsetx>
				</control>
				<control type="button" id="309">
					<width>1280</width>
					<height>80</height>
					<aligny>center</aligny>
					<font>font24_title</font>
					<textcolor>white</textcolor>
					<texturefocus>list_focus.png</texturefocus>
					<texturenofocus border="40,0,40,5">list_nofocus.png</texturenofocus>
					<pulseonselect>false</pulseonselect>
					<label>- $LOCALIZE[31554]</label>
					<label2>$INFO[Skin.String(CustomBackgroundHome4)]</label2>
					<onclick>Skin.SetImage(CustomBackgroundHome4)</onclick>
					<visible>Skin.HasSetting(UseCustomBackgroundHome4)</visible>
					<textoffsetx>20</textoffsetx>
				</control>
				<control type="radiobutton" id="310">
					<description>Select custom background for home button 5</description>
					<width>1280</width>
					<height>80</height>
					<aligny>center</aligny>
					<font>font24_title</font>
					<textcolor>white</textcolor>
					<texturefocus>list_focus.png</texturefocus>
					<texturenofocus border="40,0,40,5">list_nofocus.png</texturenofocus>
					<pulseonselect>false</pulseonselect>
					<label>$LOCALIZE[40077]5</label>
					<onclick>Skin.ToggleSetting(UseCustomBackgroundHome5)</onclick>
					<selected>Skin.HasSetting(UseCustomBackgroundHome5)</selected>
					<textoffsetx>20</textoffsetx>
				</control>
				<control type="button" id="311">
					<width>1280</width>
					<height>80</height>
					<aligny>center</aligny>
					<font>font24_title</font>
					<textcolor>white</textcolor>
					<texturefocus>list_focus.png</texturefocus>
					<texturenofocus border="40,0,40,5">list_nofocus.png</texturenofocus>
					<pulseonselect>false</pulseonselect>
					<label>- $LOCALIZE[31554]</label>
					<label2>$INFO[Skin.String(CustomBackgroundHome5)]</label2>
					<onclick>Skin.SetImage(CustomBackgroundHome5)</onclick>
					<visible>Skin.HasSetting(UseCustomBackgroundHome5)</visible>
					<textoffsetx>20</textoffsetx>
				</control>
				<control type="radiobutton" id="312">
					<description>Select custom background for home button 6</description>
					<width>1280</width>
					<height>80</height>
					<aligny>center</aligny>
					<font>font24_title</font>
					<textcolor>white</textcolor>
					<texturefocus>list_focus.png</texturefocus>
					<texturenofocus border="40,0,40,5">list_nofocus.png</texturenofocus>
					<pulseonselect>false</pulseonselect>
					<label>$LOCALIZE[40077]6</label>
					<onclick>Skin.ToggleSetting(UseCustomBackgroundHome6)</onclick>
					<selected>Skin.HasSetting(UseCustomBackgroundHome6)</selected>
					<textoffsetx>20</textoffsetx>
				</control>
				<control type="button" id="313">
					<width>1280</width>
					<height>80</height>
					<aligny>center</aligny>
					<font>font24_title</font>
					<textcolor>white</textcolor>
					<texturefocus>list_focus.png</texturefocus>
					<texturenofocus border="40,0,40,5">list_nofocus.png</texturenofocus>
					<pulseonselect>false</pulseonselect>
					<label>- $LOCALIZE[31554]</label>
					<label2>$INFO[Skin.String(CustomBackgroundHome6)]</label2>
					<onclick>Skin.SetImage(CustomBackgroundHome6)</onclick>
					<visible>Skin.HasSetting(UseCustomBackgroundHome6)</visible>
					<textoffsetx>20</textoffsetx>
				</control>
				<control type="radiobutton" id="314">
					<description>Select custom background for home button 7</description>
					<visible>!Skin.HasSetting(Use6ButtonLayout)</visible>
					<width>1280</width>
					<height>80</height>
					<aligny>center</aligny>
					<font>font24_title</font>
					<textcolor>white</textcolor>
					<texturefocus>list_focus.png</texturefocus>
					<texturenofocus border="40,0,40,5">list_nofocus.png</texturenofocus>
					<pulseonselect>false</pulseonselect>
					<label>$LOCALIZE[40077]7</label>
					<onclick>Skin.ToggleSetting(UseCustomBackgroundHome7)</onclick>
					<selected>Skin.HasSetting(UseCustomBackgroundHome7)</selected>
					<textoffsetx>20</textoffsetx>
				</control>
				<control type="button" id="315">
					<width>1280</width>
					<height>80</height>
					<aligny>center</aligny>
					<font>font24_title</font>
					<textcolor>white</textcolor>
					<texturefocus>list_focus.png</texturefocus>
					<texturenofocus border="40,0,40,5">list_nofocus.png</texturenofocus>
					<pulseonselect>false</pulseonselect>
					<label>- $LOCALIZE[31554]</label>
					<label2>$INFO[Skin.String(CustomBackgroundHome7)]</label2>
					<onclick>Skin.SetImage(CustomBackgroundHome7)</onclick>
					<visible>Skin.HasSetting(UseCustomBackgroundHome7)</visible>
					<visible>!Skin.HasSetting(Use6ButtonLayout)</visible>
					<textoffsetx>20</textoffsetx>
				</control>
				<control type="radiobutton" id="316">
					<description>Select custom background for home button 8</description>
					<visible>!Skin.HasSetting(Use6ButtonLayout)</visible>
					<width>1280</width>
					<height>80</height>
					<aligny>center</aligny>
					<font>font24_title</font>
					<textcolor>white</textcolor>
					<texturefocus>list_focus.png</texturefocus>
					<texturenofocus border="40,0,40,5">list_nofocus.png</texturenofocus>
					<pulseonselect>false</pulseonselect>
					<label>$LOCALIZE[40077]8</label>
					<onclick>Skin.ToggleSetting(UseCustomBackgroundHome8)</onclick>
					<selected>Skin.HasSetting(UseCustomBackgroundHome8)</selected>
					<textoffsetx>20</textoffsetx>
				</control>
				<control type="button" id="317">
					<width>1280</width>
					<height>80</height>
					<aligny>center</aligny>
					<font>font24_title</font>
					<textcolor>white</textcolor>
					<texturefocus>list_focus.png</texturefocus>
					<texturenofocus border="40,0,40,5">list_nofocus.png</texturenofocus>
					<pulseonselect>false</pulseonselect>
					<label>- $LOCALIZE[31554]</label>
					<label2>$INFO[Skin.String(CustomBackgroundHome8)]</label2>
					<onclick>Skin.SetImage(CustomBackgroundHome8)</onclick>
					<visible>Skin.HasSetting(UseCustomBackgroundHome8)</visible>
					<visible>!Skin.HasSetting(Use6ButtonLayout)</visible>
					<textoffsetx>20</textoffsetx>
				</control>
			</control>
			<control type="grouplist" id="400">
				<description>control area</description>
				<posx>310</posx>
				<posy>0</posy>
				<width>1280</width>
				<height>720</height>
				<pagecontrol>60</pagecontrol>
				<itemgap>-1</itemgap>
				<onup>200</onup>
				<ondown>9002</ondown>
				<onleft>9</onleft>
				<onright>60</onright>
				<visible>Skin.String(SkinSettings,4)</visible>
				<control type="radiobutton" id="406">
					<description>Show Big Clock</description>
					<width>1280</width>
					<height>80</height>
					<aligny>center</aligny>
					<font>font24_title</font>
					<textcolor>white</textcolor>
					<texturefocus>list_focus.png</texturefocus>
					<texturenofocus border="40,0,40,5">list_nofocus.png</texturenofocus>
					<pulseonselect>false</pulseonselect>
					<label>$LOCALIZE[40084]</label>
					<onclick>Skin.ToggleSetting(ShowBigClock)</onclick>
					<selected>Skin.HasSetting(ShowBigClock)</selected>
				</control>
				<control type="radiobutton" id="405">
					<description>Custom Logo</description>
					<width>1280</width>
					<height>80</height>
					<aligny>center</aligny>
					<font>font24_title</font>
					<textcolor>white</textcolor>
					<texturefocus>list_focus.png</texturefocus>
					<texturenofocus border="40,0,40,5">list_nofocus.png</texturenofocus>
					<pulseonselect>false</pulseonselect>
					<label>$LOCALIZE[40040]</label>
					<onclick>Skin.ToggleSetting(UseCustomLogo)</onclick>
					<selected>Skin.HasSetting(UseCustomLogo)</selected>
					<visible>!Skin.HasSetting(ShowBigClock)</visible>
				</control>
				<control type="button" id="406">
					<description>Custom Logo Path</description>
					<width>1280</width>
					<height>80</height>
					<aligny>center</aligny>
					<font>font24_title</font>
					<textcolor>white</textcolor>
					<texturefocus>list_focus.png</texturefocus>
					<texturenofocus border="40,0,40,5">list_nofocus.png</texturenofocus>
					<pulseonselect>false</pulseonselect>
					<label>- $LOCALIZE[40075]:</label>
					<label2>[COLOR=selected]$INFO[Skin.String(CustomLogoPath)][/COLOR]</label2>
					<onclick>Skin.SetImage(CustomLogoPath)</onclick>
					<visible>Skin.HasSetting(UseCustomLogo)</visible>
					<visible>!Skin.HasSetting(ShowBigClock)</visible>
				</control>
				<control type="radiobutton" id="402">
					<description>Show Cover as Logo</description>
					<width>1280</width>
					<height>80</height>
					<aligny>center</aligny>
					<font>font24_title</font>
					<textcolor>white</textcolor>
					<texturefocus>list_focus.png</texturefocus>
					<texturenofocus border="40,0,40,5">list_nofocus.png</texturenofocus>
					<pulseonselect>false</pulseonselect>
					<label>$LOCALIZE[40037]</label>
					<textoffsetx>20</textoffsetx>
					<onclick>Skin.ToggleSetting(ShowCoverLogo)</onclick>
					<selected>Skin.HasSetting(ShowCoverLogo)</selected>
					<visible>false</visible>
				</control>
				<control type="radiobutton" id="406">
					<description>Jump To CustomMusicOSD</description>
					<width>1280</width>
					<height>80</height>
					<aligny>center</aligny>
					<font>font24_title</font>
					<textcolor>white</textcolor>
					<texturefocus>list_focus.png</texturefocus>
					<texturenofocus border="40,0,40,5">list_nofocus.png</texturenofocus>
					<pulseonselect>false</pulseonselect>
					<label>$LOCALIZE[40056]</label>
					<onclick>Skin.ToggleSetting(UseCustomMusicOSD)</onclick>
					<selected>Skin.HasSetting(UseCustomMusicOSD)</selected>
					<visible>false</visible>
				</control>
				<control type="radiobutton" id="407">
					<description>Rpi Display Brightness Control</description>
					<width>1280</width>
					<height>80</height>
					<aligny>center</aligny>
					<font>font24_title</font>
					<textcolor>white</textcolor>
					<texturefocus>list_focus.png</texturefocus>
					<texturenofocus border="40,0,40,5">list_nofocus.png</texturenofocus>
					<pulseonselect>false</pulseonselect>
					<label>$LOCALIZE[40059]</label>
					<onclick>Skin.ToggleSetting(RPIBrightnessControl)</onclick>
					<selected>Skin.HasSetting(RPIBrightnessControl)</selected>
					<visible>false</visible>
				</control>
			</control>
			<control type="grouplist" id="800">
				<description>control area</description>
				<posx>310</posx>
				<posy>0</posy>
				<width>1280</width>
				<height>720</height>
				<pagecontrol>60</pagecontrol>
				<itemgap>-1</itemgap>
				<onup>200</onup>
				<ondown>9002</ondown>
				<onleft>9</onleft>
				<onright>60</onright>
				<visible>Skin.String(SkinSettings,8)</visible>
				<control type="radiobutton" id="802">
					<description>Show AlternateRadio</description>
					<width>1280</width>
					<height>80</height>
					<aligny>center</aligny>
					<font>font24_title</font>
					<textcolor>white</textcolor>
					<texturefocus>list_focus.png</texturefocus>
					<texturenofocus border="40,0,40,5">list_nofocus.png</texturenofocus>
					<pulseonselect>false</pulseonselect>
					<label>$LOCALIZE[40053]</label>
					<onclick>Skin.ToggleSetting(HideAlternateRadio)</onclick>
					<selected>!Skin.HasSetting(HideAlternateRadio)</selected>
				</control>
				<control type="radiobutton" id="803">
					<description>Show Radiotext</description>
					<width>1280</width>
					<height>80</height>
					<aligny>center</aligny>
					<font>font24_title</font>
					<textcolor>white</textcolor>
					<texturefocus>list_focus.png</texturefocus>
					<texturenofocus border="40,0,40,5">list_nofocus.png</texturenofocus>
					<pulseonselect>false</pulseonselect>
					<label>$LOCALIZE[40050]</label>
					<onclick>Skin.ToggleSetting(HideHomeRadioText)</onclick>
					<selected>!Skin.HasSetting(HideHomeRadioText)</selected>
					<visible>!Skin.HasSetting(HideAlternateRadio)</visible>
				</control>
			</control>
			<control type="grouplist" id="500">
				<description>control area</description>
				<posx>310</posx>
				<posy>0</posy>
				<width>1280</width>
				<height>720</height>
				<pagecontrol>60</pagecontrol>
				<itemgap>-1</itemgap>
				<onup>200</onup>
				<ondown>9002</ondown>
				<onleft>9</onleft>
				<onright>60</onright>
				<visible>Skin.String(SkinSettings,5)</visible>
				<control type="radiobutton" id="502">
					<description>Quickstart Button Show 1-Wire Dashboard</description>
					<width>1280</width>
					<height>80</height>
					<aligny>center</aligny>
					<font>font24_title</font>
					<textcolor>white</textcolor>
					<texturefocus>list_focus.png</texturefocus>
					<texturenofocus border="40,0,40,5">list_nofocus.png</texturenofocus>
					<pulseonselect>false</pulseonselect>
					<label>$LOCALIZE[40061]</label>
					<onclick>Skin.ToggleSetting(ShowQuickButtonPiWireL)</onclick>
					<selected>Skin.HasSetting(ShowQuickButtonPiWireL)</selected>
				</control>
				<control type="radiobutton" id="503">
					<description>Quickstart Button Show PiDash</description>
					<width>1280</width>
					<height>80</height>
					<aligny>center</aligny>
					<font>font24_title</font>
					<textcolor>white</textcolor>
					<texturefocus>list_focus.png</texturefocus>
					<texturenofocus border="40,0,40,5">list_nofocus.png</texturenofocus>
					<pulseonselect>false</pulseonselect>
					<label>$LOCALIZE[40062]</label>
					<onclick>Skin.ToggleSetting(ShowQuickButtonPiDashL)</onclick>
					<selected>Skin.HasSetting(ShowQuickButtonPiDashL)</selected>
				</control>
				<control type="radiobutton" id="504">
					<description>Quickstart Button Show WifiManager</description>
					<width>1280</width>
					<height>80</height>
					<aligny>center</aligny>
					<font>font24_title</font>
					<textcolor>white</textcolor>
					<texturefocus>list_focus.png</texturefocus>
					<texturenofocus border="40,0,40,5">list_nofocus.png</texturenofocus>
					<pulseonselect>false</pulseonselect>
					<label>$LOCALIZE[40063]</label>
					<onclick>Skin.ToggleSetting(ShowQuickButtonWifiManagerL)</onclick>
					<selected>Skin.HasSetting(ShowQuickButtonWifiManagerL)</selected>
				</control>
				<control type="radiobutton" id="505">
					<description>Quickstart Button Show FileManager</description>
					<width>1280</width>
					<height>80</height>
					<aligny>center</aligny>
					<font>font24_title</font>
					<textcolor>white</textcolor>
					<texturefocus>list_focus.png</texturefocus>
					<texturenofocus border="40,0,40,5">list_nofocus.png</texturenofocus>
					<pulseonselect>false</pulseonselect>
					<label>$LOCALIZE[40064]</label>
					<onclick>Skin.ToggleSetting(ShowQuickButtonFileManagerL)</onclick>
					<selected>Skin.HasSetting(ShowQuickButtonFileManagerL)</selected>
				</control>
				<control type="radiobutton" id="506">
					<description>Quickstart Button Show Programs</description>
					<width>1280</width>
					<height>80</height>
					<aligny>center</aligny>
					<font>font24_title</font>
					<textcolor>white</textcolor>
					<texturefocus>list_focus.png</texturefocus>
					<texturenofocus border="40,0,40,5">list_nofocus.png</texturenofocus>
					<pulseonselect>false</pulseonselect>
					<label>$LOCALIZE[40065]</label>
					<onclick>Skin.ToggleSetting(ShowQuickButtonProgramsL)</onclick>
					<selected>!Skin.HasSetting(ShowQuickButtonProgramsL)</selected>
					</control>
				<control type="radiobutton" id="507">
					<description>Quickstart Button Show USBManager</description>
					<width>1280</width>
					<height>80</height>
					<aligny>center</aligny>
					<font>font24_title</font>
					<textcolor>white</textcolor>
					<texturefocus>list_focus.png</texturefocus>
					<texturenofocus border="40,0,40,5">list_nofocus.png</texturenofocus>
					<pulseonselect>false</pulseonselect>
					<label>$LOCALIZE[40073]</label>
					<onclick>Skin.ToggleSetting(ShowQuickButtonUSBManagerL)</onclick>
					<selected>Skin.HasSetting(ShowQuickButtonUSBManagerL)</selected>
				</control>
				<control type="radiobutton" id="508">
					<description>Quickstart Button Show Settings</description>
					<width>1280</width>
					<height>80</height>
					<aligny>center</aligny>
					<font>font24_title</font>
					<textcolor>white</textcolor>
					<texturefocus>list_focus.png</texturefocus>
					<texturenofocus border="40,0,40,5">list_nofocus.png</texturenofocus>
					<pulseonselect>false</pulseonselect>
					<label>$LOCALIZE[40039]</label>
					<onclick>Skin.ToggleSetting(ShowQuickButtonSettingsL)</onclick>
					<selected>Skin.HasSetting(ShowQuickButtonSettingsL)</selected>
				</control>
			</control>
			<control type="grouplist" id="600">
				<description>control area</description>
				<posx>310</posx>
				<posy>0</posy>
				<width>1280</width>
				<height>720</height>
				<pagecontrol>60</pagecontrol>
				<itemgap>-1</itemgap>
				<onup>200</onup>
				<ondown>9002</ondown>
				<onleft>9</onleft>
				<onright>60</onright>
				<visible>Skin.String(SkinSettings,6)</visible>
				<control type="radiobutton" id="602">
					<description>Quickstart Button Show 1-Wire Dashboard</description>
					<width>1280</width>
					<height>80</height>
					<aligny>center</aligny>
					<font>font24_title</font>
					<textcolor>white</textcolor>
					<texturefocus>list_focus.png</texturefocus>
					<texturenofocus border="40,0,40,5">list_nofocus.png</texturenofocus>
					<pulseonselect>false</pulseonselect>
					<label>$LOCALIZE[40061]</label>
					<onclick>Skin.ToggleSetting(ShowQuickButtonPiWireR)</onclick>
					<selected>Skin.HasSetting(ShowQuickButtonPiWireR)</selected>
				</control>
				<control type="radiobutton" id="603">
					<description>Quickstart Button Show PiDash</description>
					<width>1280</width>
					<height>80</height>
					<aligny>center</aligny>
					<font>font24_title</font>
					<textcolor>white</textcolor>
					<texturefocus>list_focus.png</texturefocus>
					<texturenofocus border="40,0,40,5">list_nofocus.png</texturenofocus>
					<pulseonselect>false</pulseonselect>
					<label>$LOCALIZE[40062]</label>
					<onclick>Skin.ToggleSetting(ShowQuickButtonPiDashR)</onclick>
					<selected>Skin.HasSetting(ShowQuickButtonPiDashR)</selected>
				</control>
				<control type="radiobutton" id="604">
					<description>Quickstart Button Show WifiManager</description>
					<width>1280</width>
					<height>80</height>
					<aligny>center</aligny>
					<font>font24_title</font>
					<textcolor>white</textcolor>
					<texturefocus>list_focus.png</texturefocus>
					<texturenofocus border="40,0,40,5">list_nofocus.png</texturenofocus>
					<pulseonselect>false</pulseonselect>
					<label>$LOCALIZE[40063]</label>
					<onclick>Skin.ToggleSetting(ShowQuickButtonWifiManagerR)</onclick>
					<selected>Skin.HasSetting(ShowQuickButtonWifiManagerR)</selected>
				</control>
				<control type="radiobutton" id="605">
					<description>Quickstart Button Show FileManager</description>
					<width>1280</width>
					<height>80</height>
					<aligny>center</aligny>
					<font>font24_title</font>
					<textcolor>white</textcolor>
					<texturefocus>list_focus.png</texturefocus>
					<texturenofocus border="40,0,40,5">list_nofocus.png</texturenofocus>
					<pulseonselect>false</pulseonselect>
					<label>$LOCALIZE[40064]</label>
					<onclick>Skin.ToggleSetting(ShowQuickButtonFileManagerR)</onclick>
					<selected>Skin.HasSetting(ShowQuickButtonFileManagerR)</selected>
				</control>
				<control type="radiobutton" id="606">
					<description>Quickstart Button Show Programs</description>
					<width>1280</width>
					<height>80</height>
					<aligny>center</aligny>
					<font>font24_title</font>
					<textcolor>white</textcolor>
					<texturefocus>list_focus.png</texturefocus>
					<texturenofocus border="40,0,40,5">list_nofocus.png</texturenofocus>
					<pulseonselect>false</pulseonselect>
					<label>$LOCALIZE[40065]</label>
					<onclick>Skin.ToggleSetting(ShowQuickButtonProgramsR)</onclick>
					<selected>Skin.HasSetting(ShowQuickButtonProgramsR)</selected>
					</control>
				<control type="radiobutton" id="607">
					<description>Quickstart Button Show USBManager</description>
					<width>1280</width>
					<height>80</height>
					<aligny>center</aligny>
					<font>font24_title</font>
					<textcolor>white</textcolor>
					<texturefocus>list_focus.png</texturefocus>
					<texturenofocus border="40,0,40,5">list_nofocus.png</texturenofocus>
					<pulseonselect>false</pulseonselect>
					<label>$LOCALIZE[40073]</label>
					<onclick>Skin.ToggleSetting(ShowQuickButtonUSBManagerR)</onclick>
					<selected>Skin.HasSetting(ShowQuickButtonUSBManagerR)</selected>
				</control>
				<control type="radiobutton" id="608">
					<description>Quickstart Button Show Settings</description>
					<width>1280</width>
					<height>80</height>
					<aligny>center</aligny>
					<font>font24_title</font>
					<textcolor>white</textcolor>
					<texturefocus>list_focus.png</texturefocus>
					<texturenofocus border="40,0,40,5">list_nofocus.png</texturenofocus>
					<pulseonselect>false</pulseonselect>
					<label>$LOCALIZE[40039]</label>
					<onclick>Skin.ToggleSetting(ShowQuickButtonSettingsR)</onclick>
					<selected>!Skin.HasSetting(ShowQuickButtonSettingsR)</selected>
				</control>
			</control>
			<control type="grouplist" id="700">
				<description>control area</description>
				<posx>310</posx>
				<posy>0</posy>
				<width>1280</width>
				<height>720</height>
				<pagecontrol>60</pagecontrol>
				<itemgap>-1</itemgap>
				<onup>200</onup>
				<ondown>9002</ondown>
				<onleft>9</onleft>
				<onright>60</onright>
				<visible>Skin.String(SkinSettings,7)</visible>
				<control type="radiobutton" id="701">
					<description>Colorize Home Buttons</description>
					<width>1280</width>
					<height>80</height>
					<aligny>center</aligny>
					<font>font24_title</font>
					<textcolor>white</textcolor>
					<texturefocus>list_focus.png</texturefocus>
					<texturenofocus border="40,0,40,5">list_nofocus.png</texturenofocus>
					<pulseonselect>false</pulseonselect>
					<label>$LOCALIZE[40082]</label>
					<onclick>Skin.ToggleSetting(ColorizeHomeButtons)</onclick>
					<selected>Skin.HasSetting(ColorizeHomeButtons)</selected>
				</control>
				<control type="button" id="702">
					<description>Define outline color for button 1</description>
					<width>1280</width>
					<height>80</height>
					<aligny>center</aligny>
					<font>font24_title</font>
					<textcolor>white</textcolor>
					<texturefocus>list_focus.png</texturefocus>
					<texturenofocus border="40,0,40,5">list_nofocus.png</texturenofocus>
					<pulseonselect>false</pulseonselect>
					<label>- $LOCALIZE[40081]1</label>
					<label2>[COLOR $INFO[Skin.String(OutlineHomeButton1)]]$INFO[Skin.String(OutlineHomeButton1)][/COLOR]</label2>
					<textoffsetx>20</textoffsetx>
					<onclick>Skin.SetString(HomeButtonSelected,1)</onclick>
					<onclick>ActivateWindow(1122)</onclick>
					<visible>Skin.HasSetting(ColorizeHomeButtons)</visible>
				</control>
				<control type="button" id="703">
					<description>Define outline color for button 2</description>
					<width>1280</width>
					<height>80</height>
					<aligny>center</aligny>
					<font>font24_title</font>
					<textcolor>white</textcolor>
					<texturefocus>list_focus.png</texturefocus>
					<texturenofocus border="40,0,40,5">list_nofocus.png</texturenofocus>
					<pulseonselect>false</pulseonselect>
					<label>- $LOCALIZE[40081]2</label>
					<label2>[COLOR $INFO[Skin.String(OutlineHomeButton2)]]$INFO[Skin.String(OutlineHomeButton2)][/COLOR]</label2>
					<onclick>Skin.SetString(HomeButtonSelected,2)</onclick>
					<onclick>ActivateWindow(1122)</onclick>
					<visible>Skin.HasSetting(ColorizeHomeButtons)</visible>
				</control>
				<control type="button" id="704">
					<description>Define outline color for button 3</description>
					<width>1280</width>
					<height>80</height>
					<aligny>center</aligny>
					<font>font24_title</font>
					<textcolor>white</textcolor>
					<texturefocus>list_focus.png</texturefocus>
					<texturenofocus border="40,0,40,5">list_nofocus.png</texturenofocus>
					<pulseonselect>false</pulseonselect>
					<label>- $LOCALIZE[40081]3</label>
					<label2>[COLOR $INFO[Skin.String(OutlineHomeButton3)]]$INFO[Skin.String(OutlineHomeButton3)][/COLOR]</label2>
					<onclick>Skin.SetString(HomeButtonSelected,3)</onclick>
					<onclick>ActivateWindow(1122)</onclick>
					<visible>Skin.HasSetting(ColorizeHomeButtons)</visible>
				</control>
				<control type="button" id="705">
					<description>Define outline color for button 4</description>
					<width>1280</width>
					<height>80</height>
					<aligny>center</aligny>
					<font>font24_title</font>
					<textcolor>white</textcolor>
					<texturefocus>list_focus.png</texturefocus>
					<texturenofocus border="40,0,40,5">list_nofocus.png</texturenofocus>
					<pulseonselect>false</pulseonselect>
					<label>- $LOCALIZE[40081]4</label>
					<label2>[COLOR $INFO[Skin.String(OutlineHomeButton4)]]$INFO[Skin.String(OutlineHomeButton4)][/COLOR]</label2>
					<onclick>Skin.SetString(HomeButtonSelected,4)</onclick>
					<onclick>ActivateWindow(1122)</onclick>
					<visible>Skin.HasSetting(ColorizeHomeButtons)</visible>
				</control>
				<control type="button" id="706">
					<description>Define outline color for button 5</description>
					<width>1280</width>
					<height>80</height>
					<aligny>center</aligny>
					<font>font24_title</font>
					<textcolor>white</textcolor>
					<texturefocus>list_focus.png</texturefocus>
					<texturenofocus border="40,0,40,5">list_nofocus.png</texturenofocus>
					<pulseonselect>false</pulseonselect>
					<label>- $LOCALIZE[40081]5</label>
					<label2>[COLOR $INFO[Skin.String(OutlineHomeButton5)]]$INFO[Skin.String(OutlineHomeButton5)][/COLOR]</label2>
					<onclick>Skin.SetString(HomeButtonSelected,5)</onclick>
					<onclick>ActivateWindow(1122)</onclick>
					<visible>Skin.HasSetting(ColorizeHomeButtons)</visible>
				</control>
				<control type="button" id="707">
					<description>Define outline color for button 6</description>
					<width>1280</width>
					<height>80</height>
					<aligny>center</aligny>
					<font>font24_title</font>
					<textcolor>white</textcolor>
					<texturefocus>list_focus.png</texturefocus>
					<texturenofocus border="40,0,40,5">list_nofocus.png</texturenofocus>
					<pulseonselect>false</pulseonselect>
					<label>- $LOCALIZE[40081]6</label>
					<label2>[COLOR $INFO[Skin.String(OutlineHomeButton6)]]$INFO[Skin.String(OutlineHomeButton6)][/COLOR]</label2>
					<onclick>Skin.SetString(HomeButtonSelected,6)</onclick>
					<onclick>ActivateWindow(1122)</onclick>
					<visible>Skin.HasSetting(ColorizeHomeButtons)</visible>
				</control>
				<control type="button" id="708">
					<description>Define outline color for button 7</description>
					<visible>!Skin.HasSetting(Use6ButtonLayout)</visible>
					<width>1280</width>
					<height>80</height>
					<aligny>center</aligny>
					<font>font24_title</font>
					<textcolor>white</textcolor>
					<texturefocus>list_focus.png</texturefocus>
					<texturenofocus border="40,0,40,5">list_nofocus.png</texturenofocus>
					<pulseonselect>false</pulseonselect>
					<label>- $LOCALIZE[40081]7</label>
					<label2>[COLOR $INFO[Skin.String(OutlineHomeButton7)]]$INFO[Skin.String(OutlineHomeButton7)][/COLOR]</label2>
					<onclick>Skin.SetString(HomeButtonSelected,7)</onclick>
					<onclick>ActivateWindow(1122)</onclick>
					<visible>Skin.HasSetting(ColorizeHomeButtons)</visible>
				</control>
				<control type="button" id="709">
					<description>Define outline color for button 8</description>
					<visible>!Skin.HasSetting(Use6ButtonLayout)</visible>
					<width>1280</width>
					<height>80</height>
					<aligny>center</aligny>
					<font>font24_title</font>
					<textcolor>white</textcolor>
					<texturefocus>list_focus.png</texturefocus>
					<texturenofocus border="40,0,40,5">list_nofocus.png</texturenofocus>
					<pulseonselect>false</pulseonselect>
					<label>- $LOCALIZE[40081]8</label>
					<label2>[COLOR $INFO[Skin.String(OutlineHomeButton8)]]$INFO[Skin.String(OutlineHomeButton8)][/COLOR]</label2>
					<onclick>Skin.SetString(HomeButtonSelected,8)</onclick>
					<onclick>ActivateWindow(1122)</onclick>
					<visible>Skin.HasSetting(ColorizeHomeButtons)</visible>
				</control>
				<control type="radiobutton" id="710">
					<description>Colorize FutureClock</description>
					<width>1280</width>
					<height>80</height>
					<aligny>center</aligny>
					<font>font24_title</font>
					<textcolor>white</textcolor>
					<texturefocus>list_focus.png</texturefocus>
					<texturenofocus border="40,0,40,5">list_nofocus.png</texturenofocus>
					<pulseonselect>false</pulseonselect>
					<label>$LOCALIZE[40085]</label>
					<onclick>Skin.ToggleSetting(ColorizeFutureClock)</onclick>
					<selected>Skin.HasSetting(ColorizeFutureClock)</selected>
				</control>
				<control type="button" id="711">
					<description>Color Hours</description>
					<width>1280</width>
					<height>80</height>
					<aligny>center</aligny>
					<font>font24_title</font>
					<textcolor>white</textcolor>
					<texturefocus>list_focus.png</texturefocus>
					<texturenofocus border="40,0,40,5">list_nofocus.png</texturenofocus>
					<pulseonselect>false</pulseonselect>
					<label>- $LOCALIZE[40086]</label>
					<label2>[COLOR $INFO[Skin.String(FutureClockHours)]]$INFO[Skin.String(FutureClockHours)][/COLOR]</label2>
					<textoffsetx>20</textoffsetx>
					<onclick>Skin.SetString(HomeButtonSelected,98)</onclick>
					<onclick>ActivateWindow(1122)</onclick>
					<visible>Skin.HasSetting(ColorizeFutureClock)</visible>
				</control>
				<control type="button" id="712">
					<description>Color Minutes</description>
					<width>1280</width>
					<height>80</height>
					<aligny>center</aligny>
					<font>font24_title</font>
					<textcolor>white</textcolor>
					<texturefocus>list_focus.png</texturefocus>
					<texturenofocus border="40,0,40,5">list_nofocus.png</texturenofocus>
					<pulseonselect>false</pulseonselect>
					<label>- $LOCALIZE[40087]</label>
					<label2>[COLOR $INFO[Skin.String(FutureClockMinutes)]]$INFO[Skin.String(FutureClockMinutes)][/COLOR]</label2>
					<onclick>Skin.SetString(HomeButtonSelected,99)</onclick>
					<onclick>ActivateWindow(1122)</onclick>
					<visible>Skin.HasSetting(ColorizeFutureClock)</visible>
				</control>
    			</control>
			<control type="grouplist" id="900">
				<description>control area</description>
				<posx>310</posx>
				<posy>0</posy>
				<width>1280</width>
				<height>720</height>
				<pagecontrol>60</pagecontrol>
				<itemgap>-1</itemgap>
				<onup>200</onup>
				<ondown>9002</ondown>
				<onleft>9</onleft>
				<onright>60</onright>
				<visible>Skin.String(SkinSettings,9)</visible>
				<control type="radiobutton" id="901">
					<description>Enable DayNightMode</description>
					<width>1280</width>
					<height>80</height>
					<aligny>center</aligny>
					<font>font24_title</font>
					<textcolor>white</textcolor>
					<texturefocus>list_focus.png</texturefocus>
					<texturenofocus border="40,0,40,5">list_nofocus.png</texturenofocus>
					<pulseonselect>false</pulseonselect>
					<label>$LOCALIZE[40090]</label>
					<onclick>Skin.ToggleSetting(DayNightMode)</onclick>
					<selected>Skin.HasSetting(DayNightMode)</selected>
				</control>
				<!--<control type="button" id="902">
					<description>Enable Day Mode at</description>
					<width>1280</width>
					<height>80</height>
					<aligny>center</aligny>
					<font>font24_title</font>
					<textcolor>white</textcolor>
					<texturefocus>list_focus.png</texturefocus>
					<texturenofocus border="40,0,40,5">list_nofocus.png</texturenofocus>
					<pulseonselect>false</pulseonselect>
					<label>$LOCALIZE[40090]</label>
					<onclick>Skin.ToggleSetting(DayNightMode)</onclick>
					<selected>Skin.HasSetting(DayNightMode)</selected>
				</control>
				<control type="button" id="903">
					<description>Enable Night Mode at</description>
					<width>1280</width>
					<height>80</height>
					<aligny>center</aligny>
					<font>font24_title</font>
					<textcolor>white</textcolor>
					<texturefocus>list_focus.png</texturefocus>
					<texturenofocus border="40,0,40,5">list_nofocus.png</texturenofocus>
					<pulseonselect>false</pulseonselect>
					<label>$LOCALIZE[40090]</label>
					<onclick>Skin.ToggleSetting(DayNightMode)</onclick>
					<selected>Skin.HasSetting(DayNightMode)</selected>
				</control>-->
    			</control>
		</control>
		<include>ScrollBarCommons</include>
		<include>NightMode</include>
	</controls>
</window>

