<window id="1113">
	<defaultcontrol always="true">999</defaultcontrol>
	<allowoverlay>no</allowoverlay>
	<onload condition="!Skin.HasSetting(SaveRadioStation)">Skin.ToggleSetting(SaveRadioStation)</onload>
	<onload condition="!Skin.HasSetting(DeleteRadioStation)">Skin.ToggleSetting(DeleteRadioStation)</onload>
	<controls>
		<include>CommonBackground</include>
		<include>Header</include>
		<include>Footer</include>

		<control type="group">
			<visible>System.HasAddon(service.radiofm)</visible>
			<visible>System.HasAddon(resource.images.radiofm)</visible>
			<include>StationButton1</include>
			<include>StationButton2</include>
			<include>StationButton3</include>
			<include>StationButton4</include>
			<include>StationButton5</include>
			<include>StationButton6</include>
			<include>StationButton7</include>
			<include>StationButton8</include>
			<!--<include>RDSLabel</include>-->
			<include>RadioFMPlayer</include>
	    		<include>StationCenter</include>
			<include>RadioStationName</include>
		</control>

		<control type="group">
			<include>VisibleFadeEffect</include>
			<include>Window_OpenClose_Animation_Zoom</include>
			<visible>!System.HasAddon(service.radiofm)</visible>
			<posx>0</posx>
			<posy>0</posy>
			<control type="label">
				<posx>0</posx>
				<posy>460</posy>
				<width>ScreenWidth</width>
				<height>50</height>
				<align>center</align>
				<font>font30_title</font>
				<label>$LOCALIZE[40078]</label>
			</control>
			<control type="image">
				<posx>703</posx>
				<posy>550</posy>
				<height>100</height>
				<width>300</width>
				<texture>button_nofocus.png</texture>
			</control>
			<control type="button">
				<posx>703</posx>
				<posy>550</posy>
				<height>100</height>
				<width>300</width>
				<texturefocus>list_focus.png</texturefocus>
				<texturenofocus></texturenofocus>
				<align>center</align>
				<font>font30_title</font>
				<label>$LOCALIZE[40094]</label>
				<onclick>InstallAddon(service.radiofm)</onclick>
			</control>
		</control>

		<control type="group">
			<include>VisibleFadeEffect</include>
			<include>Window_OpenClose_Animation_Zoom</include>
			<visible>System.HasAddon(service.radiofm)</visible>
			<visible>!System.HasAddon(resource.images.radiofm)</visible>
			<posx>0</posx>
			<posy>0</posy>
			<control type="label">
				<posx>0</posx>
				<posy>460</posy>
				<width>ScreenWidth</width>
				<height>50</height>
				<align>center</align>
				<font>font30_title</font>
				<label>$LOCALIZE[40095]</label>
			</control>
			<control type="image">
				<posx>703</posx>
				<posy>550</posy>
				<height>100</height>
				<width>300</width>
				<texture>button_nofocus.png</texture>
			</control>
			<control type="button">
				<posx>703</posx>
				<posy>550</posy>
				<height>100</height>
				<width>300</width>
				<texturefocus>list_focus.png</texturefocus>
				<texturenofocus></texturenofocus>
				<align>center</align>
				<font>font30_title</font>
				<label>$LOCALIZE[40094]</label>
				<onclick>InstallAddon(resource.images.radiofm)</onclick>
			</control>
		</control>


		<control type="label">
			<include>Window_OpenClose_Animation_Slide_Up</include>
			<description>Window label</description>
			<include>MediaWindowTitleCommons</include>
			<label>$LOCALIZE[40054]</label>
		</control>

		<control type="panel" id="9002">
			<include>Window_OpenClose_Animation_Slide_Up</include>
			<include>BottomMenuLayout</include>
			<content>
				<item>
					<icon>blank.png</icon>
				</item>
				<item>
					<label>31200</label>
					<onclick>Back</onclick>
					<icon>icon_button_back.png</icon>
				</item>
			</content>
		</control>
		<control type="group">
			<include>Window_OpenClose_Animation_Slide_Up</include>
			<posx>220r</posx>
			<posy>86r</posy>
			<control type="togglebutton">
				<width>80</width>
				<height>80</height>
				<texturefocus>osd_1.png</texturefocus>
				<texturenofocus>osd_1.png</texturenofocus>
				<alttexturefocus>osd_2.png</alttexturefocus>
				<alttexturenofocus>osd_2.png</alttexturenofocus>
				<usealttexture>Skin.HasSetting(ListRadioStation)</usealttexture>
				<onclick>Skin.ToggleSetting(ListRadioStation)</onclick>
			</control>
		</control>
	    <include>NightMode</include>
   </controls>      
</window>


